UserID,Consumption,UsageType,TariffPlan,Location,AverageDailyConsumption,TimeOfDay,MeterID,MeterStatus,PaymentHistory,FraudReported
1,86.66,electricity,Commercial,Chicago,358.12,peak,M-2794,Normal,Late,0
2,174.58,electricity,Residential,Chicago,65.13,peak,M-3306,Normal,Late,1
3,196.68,electricity,Commercial,Houston,241.98,peak,M-2447,Tampered,Late,1
4,228.18,electricity,Commercial,Seattle,224.32,peak,M-2697,Tampered,On-Time,1
5,169.94,gas,Residential,Boston,301.68,peak,M-1536,Tampered,On-Time,1
6,216.1,gas,Residential,New York,392.7,off-peak,M-5745,Normal,On-Time,0
7,219.66,gas,Residential,Chicago,479.46,peak,M-6030,Tampered,Late,1
8,322.11,electricity,Commercial,Dallas,101.31,off-peak,M-6930,Tampered,Late,1
9,127.75,gas,Commercial,New York,64.82,off-peak,M-9038,Normal,Late,0
10,313.63,gas,Residential,Dallas,124.13,off-peak,M-6209,Normal,On-Time,1
11,356.05,gas,Residential,Los Angeles,320.13,peak,M-6229,Tampered,Late,1
12,305.78,electricity,Residential,Seattle,32.28,off-peak,M-5307,Normal,On-Time,1
13,471.83,gas,Commercial,Chicago,360.75,off-peak,M-8286,Normal,On-Time,0
14,371.65,electricity,Commercial,Houston,438.03,peak,M-2185,Normal,Late,0
15,446.04,gas,Commercial,Houston,361.31,off-peak,M-2773,Tampered,Late,1
16,138.7,electricity,Commercial,Chicago,320.95,off-peak,M-8206,Tampered,Late,1
17,357.56,electricity,Commercial,Chicago,58.79,peak,M-2652,Tampered,Late,1
18,354.87,gas,Commercial,Miami,285.2,peak,M-1294,Tampered,On-Time,1
19,203.11,gas,Commercial,New York,147.18,off-peak,M-8634,Normal,Late,0
20,241.88,electricity,Commercial,Dallas,106.31,peak,M-8321,Tampered,On-Time,1
21,324.49,electricity,Residential,Chicago,190.32,peak,M-8542,Normal,On-Time,0
22,431.48,electricity,Residential,New York,78.61,peak,M-5857,Normal,Late,1
23,426.33,electricity,Residential,Chicago,80.58,peak,M-2231,Normal,On-Time,1
24,320.43,electricity,Commercial,Seattle,487.22,off-peak,M-5818,Normal,Late,0
25,39.35,gas,Residential,Houston,27.14,peak,M-4197,Normal,On-Time,0
26,489.12,electricity,Commercial,Dallas,180.15,off-peak,M-3293,Normal,On-Time,1
27,293.27,gas,Commercial,Houston,481.6,off-peak,M-7895,Normal,On-Time,0
28,423.3,electricity,Residential,New York,120.2,peak,M-5014,Normal,On-Time,1
29,215.88,electricity,Residential,Dallas,374.23,peak,M-4358,Normal,On-Time,0
30,254.64,gas,Commercial,Miami,395.53,off-peak,M-6686,Normal,On-Time,0
31,403.65,electricity,Residential,Chicago,196.44,peak,M-4575,Tampered,Late,1
32,37.69,gas,Commercial,Chicago,216.99,peak,M-2211,Tampered,On-Time,1
33,371.29,gas,Commercial,Los Angeles,484.74,peak,M-4352,Normal,Late,0
34,492.72,electricity,Residential,Dallas,182.39,peak,M-2189,Tampered,On-Time,1
35,9.08,gas,Commercial,Dallas,378.59,off-peak,M-9697,Normal,On-Time,0
36,307.95,gas,Commercial,Miami,347.83,off-peak,M-5516,Normal,Late,0
37,392.79,electricity,Residential,Dallas,293.13,peak,M-3911,Tampered,Late,1
38,487.57,gas,Commercial,Houston,491.4,peak,M-1228,Normal,Late,0
39,218.59,gas,Residential,New York,70.31,peak,M-5217,Tampered,On-Time,1
40,299.74,electricity,Residential,Houston,165.9,peak,M-1488,Tampered,On-Time,1
41,307.68,gas,Commercial,Seattle,462.35,peak,M-5170,Tampered,Late,1
42,244.54,electricity,Commercial,New York,7.96,off-peak,M-7332,Normal,On-Time,1
43,209.81,electricity,Commercial,New York,234.99,peak,M-8318,Tampered,On-Time,1
44,304.56,gas,Commercial,Boston,93.72,off-peak,M-6457,Tampered,Late,1
45,255.93,electricity,Residential,Boston,4.21,peak,M-5710,Tampered,Late,1
46,269.12,electricity,Commercial,Miami,335.13,peak,M-1158,Normal,On-Time,0
47,187.46,electricity,Commercial,Dallas,426.88,off-peak,M-8415,Normal,Late,0
48,71.56,gas,Commercial,Los Angeles,92.46,off-peak,M-1568,Tampered,Late,1
49,384.23,gas,Residential,New York,116.68,peak,M-3216,Normal,On-Time,1
50,227.68,electricity,Residential,Boston,248.83,peak,M-1278,Tampered,Late,1
51,73.42,gas,Commercial,Seattle,302.01,peak,M-1558,Normal,Late,0
52,123.05,electricity,Commercial,Chicago,226.23,off-peak,M-9929,Normal,On-Time,0
53,176.66,gas,Commercial,New York,375.01,off-peak,M-7028,Tampered,Late,1
54,91.8,gas,Commercial,Houston,434.27,off-peak,M-1061,Tampered,Late,1
55,361.1,gas,Residential,Dallas,66.76,off-peak,M-2112,Tampered,Late,1
56,172.39,electricity,Commercial,Houston,435.07,peak,M-4840,Tampered,Late,1
57,197.96,gas,Residential,Dallas,245.61,off-peak,M-7060,Normal,Late,0
58,183.87,gas,Residential,Boston,69.06,off-peak,M-8507,Normal,Late,1
59,135.85,gas,Residential,Seattle,143.05,off-peak,M-9637,Normal,Late,0
60,214.93,electricity,Commercial,Boston,77.06,peak,M-6631,Normal,Late,1
61,84.54,electricity,Commercial,Seattle,81.34,off-peak,M-2289,Normal,On-Time,0
62,25.62,electricity,Residential,Chicago,288.98,peak,M-3644,Normal,On-Time,0
63,171.67,electricity,Residential,Boston,81.79,off-peak,M-2539,Tampered,On-Time,1
64,457.41,electricity,Residential,Seattle,74.39,off-peak,M-5466,Normal,Late,1
65,422.55,gas,Residential,Miami,202.22,peak,M-5929,Normal,Late,1
66,192.67,electricity,Residential,Dallas,391.89,off-peak,M-8189,Tampered,Late,1
67,480.38,gas,Residential,Dallas,150.4,peak,M-1094,Tampered,Late,1
68,404.56,electricity,Residential,New York,437.96,peak,M-7185,Normal,Late,0
69,440.39,electricity,Residential,Miami,16.46,peak,M-8840,Tampered,On-Time,1
70,22.75,electricity,Commercial,Houston,177.51,off-peak,M-2938,Tampered,On-Time,1
71,182.3,electricity,Residential,Houston,35.47,off-peak,M-1545,Normal,Late,1
72,352.11,electricity,Commercial,Chicago,3.31,peak,M-5931,Tampered,On-Time,1
73,144.14,electricity,Commercial,New York,363.21,off-peak,M-9196,Tampered,On-Time,1
74,450.14,electricity,Commercial,Chicago,326.75,off-peak,M-3394,Tampered,Late,1
75,288.52,gas,Residential,Miami,226.4,peak,M-7756,Normal,On-Time,0
76,390.29,electricity,Commercial,Chicago,225.81,off-peak,M-7055,Normal,Late,0
77,185.75,electricity,Residential,Chicago,332.94,off-peak,M-9700,Normal,On-Time,0
78,101.54,gas,Commercial,Miami,239.86,off-peak,M-6526,Normal,On-Time,0
79,419.09,electricity,Commercial,Boston,64.77,peak,M-4369,Normal,Late,1
80,242.93,gas,Residential,Boston,279.77,off-peak,M-4662,Normal,Late,0
81,418.74,gas,Residential,Boston,350.6,peak,M-2223,Tampered,Late,1
82,171.14,electricity,Residential,Miami,120.01,off-peak,M-5750,Normal,Late,0
83,371.03,gas,Residential,Seattle,215.15,off-peak,M-5509,Tampered,On-Time,1
84,31.62,gas,Residential,Los Angeles,443.98,peak,M-1775,Tampered,Late,1
85,126.9,gas,Residential,Seattle,111.04,off-peak,M-8993,Tampered,Late,1
86,377.98,electricity,Residential,New York,31.07,off-peak,M-1404,Tampered,Late,1
87,61.89,electricity,Commercial,Seattle,279.87,off-peak,M-2224,Tampered,On-Time,1
88,423.73,electricity,Commercial,New York,257.34,off-peak,M-2822,Tampered,On-Time,1
89,422.84,gas,Commercial,Seattle,96.06,peak,M-9827,Normal,On-Time,1
90,96.27,gas,Residential,Seattle,51.98,off-peak,M-4855,Normal,On-Time,0
91,32.43,gas,Residential,New York,50.7,peak,M-2549,Tampered,On-Time,1
92,213.55,electricity,Residential,Seattle,275.59,off-peak,M-1123,Tampered,Late,1
93,108.13,electricity,Residential,Dallas,290.74,peak,M-7727,Normal,Late,0
94,214.96,electricity,Residential,Chicago,299.77,peak,M-1802,Normal,On-Time,0
95,288.09,gas,Residential,Miami,223.93,off-peak,M-2676,Normal,Late,0
96,420.02,electricity,Residential,Chicago,122.38,peak,M-3361,Normal,Late,1
97,92.66,gas,Commercial,Seattle,316.41,peak,M-9089,Normal,On-Time,0
98,381.87,electricity,Commercial,Los Angeles,117.51,off-peak,M-9866,Normal,On-Time,1
99,45.8,gas,Commercial,Houston,169.72,off-peak,M-3819,Tampered,On-Time,1
100,134.88,electricity,Commercial,Miami,238.51,off-peak,M-6075,Normal,On-Time,0
101,53.36,gas,Commercial,Seattle,269.17,off-peak,M-3726,Tampered,On-Time,1
102,106.52,electricity,Residential,Seattle,498.95,off-peak,M-9007,Normal,Late,0
103,306.66,electricity,Commercial,Dallas,96.81,peak,M-9547,Tampered,Late,1
104,310.84,electricity,Commercial,Dallas,436.84,peak,M-4305,Normal,Late,0
105,137.23,gas,Commercial,Los Angeles,125.01,peak,M-4193,Normal,Late,0
106,370.25,gas,Commercial,Los Angeles,262.17,off-peak,M-2877,Normal,Late,0
107,445.82,electricity,Residential,Miami,460.22,off-peak,M-1020,Normal,Late,0
108,453.02,electricity,Residential,New York,189.87,peak,M-1912,Tampered,Late,1
109,182.19,gas,Residential,Los Angeles,401.28,peak,M-2174,Tampered,Late,1
110,422.97,gas,Commercial,Boston,372.31,peak,M-6133,Normal,On-Time,0
111,14.72,gas,Commercial,Seattle,54.75,off-peak,M-7677,Normal,On-Time,0
112,300.15,gas,Commercial,Boston,161.12,peak,M-4347,Tampered,Late,1
113,115.5,electricity,Commercial,Los Angeles,376.3,off-peak,M-7641,Tampered,Late,1
114,139.56,electricity,Commercial,Chicago,244.7,off-peak,M-2543,Tampered,On-Time,1
115,480.95,electricity,Residential,Chicago,370.16,peak,M-6641,Normal,Late,0
116,291.25,electricity,Commercial,New York,135.08,peak,M-2107,Normal,Late,1
117,352.99,electricity,Commercial,Houston,38.02,off-peak,M-3699,Normal,On-Time,1
118,59.01,gas,Residential,Houston,454.4,off-peak,M-7666,Normal,On-Time,0
119,457.71,electricity,Commercial,Houston,471.09,peak,M-3180,Tampered,On-Time,1
120,75.16,gas,Residential,Chicago,345.9,off-peak,M-2688,Tampered,On-Time,1
121,225.75,electricity,Commercial,Houston,174.22,peak,M-1894,Tampered,Late,1
122,397.35,electricity,Commercial,Houston,166.53,off-peak,M-3181,Tampered,On-Time,1
123,32.7,gas,Residential,Chicago,114.42,off-peak,M-1435,Tampered,Late,1
124,349.14,electricity,Commercial,Chicago,269.12,peak,M-3707,Normal,On-Time,0
125,147.67,gas,Residential,Miami,422.77,peak,M-8039,Normal,Late,0
126,331.07,gas,Residential,New York,117.07,peak,M-3508,Normal,On-Time,1
127,376.4,gas,Commercial,Dallas,450.48,peak,M-4745,Tampered,Late,1
128,215.17,gas,Commercial,Seattle,63,off-peak,M-9883,Normal,On-Time,1
129,111.34,electricity,Residential,Chicago,358.02,peak,M-6247,Tampered,On-Time,1
130,25.27,electricity,Commercial,Chicago,199.29,off-peak,M-6321,Normal,Late,0
131,21.9,gas,Residential,Los Angeles,487.56,off-peak,M-5490,Tampered,Late,1
132,404.83,gas,Residential,New York,26.34,peak,M-4828,Normal,On-Time,1
133,10.69,electricity,Residential,New York,131.82,off-peak,M-1322,Tampered,On-Time,1
134,430.14,gas,Commercial,Los Angeles,295.91,peak,M-4685,Tampered,On-Time,1
135,52.21,electricity,Residential,New York,379.81,off-peak,M-1607,Tampered,On-Time,1
136,313.43,gas,Residential,Seattle,235.83,peak,M-4574,Normal,On-Time,0
137,490.47,electricity,Commercial,Dallas,134.72,peak,M-4580,Tampered,Late,1
138,320.62,electricity,Commercial,New York,11.83,off-peak,M-7103,Normal,On-Time,1
139,371.58,electricity,Commercial,Houston,80.92,peak,M-7472,Normal,Late,1
140,340.84,gas,Residential,Seattle,288.25,off-peak,M-4365,Tampered,Late,1
141,58.96,electricity,Residential,Seattle,481.94,off-peak,M-5218,Normal,On-Time,0
142,291.86,electricity,Residential,Boston,56.45,peak,M-1501,Tampered,On-Time,1
143,392.97,gas,Residential,Houston,50.02,peak,M-7922,Normal,Late,1
144,359.31,gas,Commercial,Boston,185.59,peak,M-9741,Normal,On-Time,0
145,104.51,gas,Commercial,Miami,183.95,peak,M-1357,Normal,On-Time,0
146,443,electricity,Commercial,Chicago,101.82,peak,M-3067,Normal,On-Time,1
147,347.46,gas,Commercial,Los Angeles,305.02,off-peak,M-9064,Tampered,Late,1
148,17.21,gas,Residential,Chicago,416.4,peak,M-8915,Tampered,On-Time,1
149,385.68,electricity,Residential,Boston,37.81,peak,M-1618,Normal,On-Time,1
150,69.68,electricity,Commercial,Seattle,128.63,off-peak,M-9067,Tampered,On-Time,1
151,292.68,gas,Residential,Seattle,55.55,peak,M-9148,Tampered,Late,1
152,356.77,electricity,Residential,Dallas,245.83,off-peak,M-5012,Normal,Late,0
153,462.08,gas,Residential,Dallas,0.61,peak,M-8089,Normal,On-Time,1
154,178.19,electricity,Residential,Chicago,450.63,peak,M-6911,Tampered,Late,1
155,195.93,electricity,Commercial,Chicago,337.73,peak,M-9232,Normal,On-Time,0
156,127.5,gas,Residential,Boston,35.19,peak,M-2682,Tampered,Late,1
157,253.97,electricity,Residential,Chicago,296.17,off-peak,M-1922,Tampered,On-Time,1
158,177.16,electricity,Commercial,Los Angeles,21.38,off-peak,M-3587,Tampered,Late,1
159,478.82,electricity,Residential,Chicago,121.5,off-peak,M-9691,Tampered,Late,1
160,251.22,gas,Residential,Miami,180.7,peak,M-3498,Tampered,Late,1
161,445.17,gas,Residential,Dallas,165.4,off-peak,M-6127,Tampered,Late,1
162,15.65,gas,Residential,New York,218.17,peak,M-6871,Normal,On-Time,0
163,395.84,electricity,Residential,Houston,441.05,peak,M-6585,Normal,On-Time,0
164,79.63,electricity,Commercial,Houston,96.34,peak,M-1743,Normal,On-Time,0
165,210.5,electricity,Residential,New York,58.47,off-peak,M-2153,Normal,On-Time,1
166,274.41,gas,Commercial,New York,449.5,peak,M-9142,Tampered,Late,1
167,371.56,gas,Commercial,New York,233.83,peak,M-7041,Normal,Late,0
168,154.98,gas,Residential,Boston,168.94,peak,M-8500,Normal,Late,0
169,103.63,gas,Residential,Miami,277.01,off-peak,M-9964,Normal,On-Time,0
170,119.82,gas,Residential,Boston,271.02,off-peak,M-4725,Tampered,Late,1
171,71.17,gas,Residential,Houston,389.17,off-peak,M-8718,Tampered,Late,1
172,119.52,electricity,Residential,Houston,10.29,peak,M-4072,Tampered,Late,1
173,370.74,gas,Residential,Los Angeles,214.25,off-peak,M-8918,Tampered,On-Time,1
174,311.38,gas,Commercial,Los Angeles,469.71,off-peak,M-9672,Normal,On-Time,0
175,173.71,gas,Commercial,Chicago,85.41,off-peak,M-7211,Tampered,On-Time,1
176,381.43,gas,Residential,Chicago,228.78,off-peak,M-8718,Normal,Late,0
177,63.33,gas,Commercial,New York,366.73,off-peak,M-6114,Normal,On-Time,0
178,231.42,electricity,Residential,Dallas,247.29,off-peak,M-4500,Normal,On-Time,0
179,441.23,gas,Residential,New York,53.9,peak,M-2869,Normal,Late,1
180,482.64,gas,Residential,Los Angeles,165.06,peak,M-2829,Normal,Late,1
181,448.4,gas,Residential,Los Angeles,386.47,peak,M-2210,Tampered,On-Time,1
182,139.1,electricity,Commercial,Seattle,225.11,peak,M-7645,Tampered,Late,1
183,35.1,electricity,Commercial,New York,215.73,off-peak,M-9179,Tampered,Late,1
184,312.04,electricity,Commercial,New York,373.73,peak,M-4676,Tampered,On-Time,1
185,405.24,gas,Commercial,Seattle,162.45,peak,M-2182,Normal,Late,1
186,25.62,gas,Residential,Los Angeles,482.05,off-peak,M-2920,Normal,On-Time,0
187,350.24,electricity,Residential,Miami,458.7,off-peak,M-5635,Tampered,Late,1
188,232.75,electricity,Residential,Chicago,99.53,peak,M-9635,Tampered,On-Time,1
189,205.24,electricity,Residential,Chicago,82.78,peak,M-7014,Normal,Late,1
190,307.22,electricity,Residential,Houston,179.77,peak,M-2966,Tampered,Late,1
191,155.01,electricity,Commercial,Miami,444.81,off-peak,M-4889,Normal,On-Time,0
192,214.08,electricity,Residential,New York,131.78,off-peak,M-9847,Normal,On-Time,0
193,330.81,electricity,Residential,Los Angeles,35.93,off-peak,M-1756,Normal,On-Time,1
194,141.2,electricity,Commercial,Seattle,90.98,peak,M-7101,Normal,On-Time,0
195,215.84,gas,Commercial,Houston,113.34,off-peak,M-8497,Normal,Late,0
196,497.03,electricity,Commercial,New York,451.26,peak,M-1838,Normal,Late,0
197,43.63,gas,Commercial,Seattle,79.52,off-peak,M-7417,Tampered,On-Time,1
198,82.06,gas,Residential,Los Angeles,259.27,off-peak,M-4038,Tampered,On-Time,1
199,266.14,electricity,Residential,Los Angeles,4.28,off-peak,M-1002,Tampered,On-Time,1
200,475.85,gas,Commercial,Seattle,127.09,off-peak,M-5663,Normal,Late,1
201,451.81,electricity,Commercial,Chicago,218.57,peak,M-7757,Normal,Late,1
202,386.74,gas,Residential,Los Angeles,389.26,peak,M-3391,Normal,Late,0
203,301.93,electricity,Commercial,New York,318.85,peak,M-8687,Tampered,On-Time,1
204,290.37,gas,Commercial,Los Angeles,317.74,peak,M-6767,Tampered,On-Time,1
205,345.66,gas,Residential,New York,203.06,off-peak,M-1272,Normal,Late,0
206,299.64,electricity,Commercial,Seattle,175.61,off-peak,M-7205,Normal,Late,0
207,285.92,electricity,Residential,Seattle,231.48,off-peak,M-4571,Tampered,Late,1
208,81.69,gas,Residential,Houston,185.63,peak,M-8367,Tampered,Late,1
209,60.17,electricity,Residential,Dallas,226.96,off-peak,M-4880,Normal,Late,0
210,318.08,electricity,Commercial,Boston,24.58,peak,M-7478,Tampered,Late,1
211,443.13,gas,Residential,New York,318.34,peak,M-1467,Normal,On-Time,0
212,146.65,gas,Commercial,Seattle,434.95,off-peak,M-9616,Normal,On-Time,0
213,42.23,electricity,Residential,New York,468.62,off-peak,M-6924,Tampered,On-Time,1
214,47.43,gas,Residential,Boston,435.27,peak,M-1449,Normal,On-Time,0
215,145.21,electricity,Commercial,Houston,302.63,off-peak,M-6636,Tampered,Late,1
216,40.19,electricity,Commercial,Miami,482.75,off-peak,M-4085,Tampered,Late,1
217,243.87,electricity,Residential,New York,416.35,peak,M-6847,Tampered,Late,1
218,271.84,gas,Residential,New York,141.12,off-peak,M-1687,Tampered,Late,1
219,204.78,electricity,Residential,Boston,353.37,off-peak,M-6385,Normal,On-Time,0
220,441.5,gas,Commercial,Miami,410.29,peak,M-8412,Tampered,Late,1
221,449.24,electricity,Residential,Miami,339.47,off-peak,M-2328,Normal,On-Time,0
222,419.65,gas,Commercial,Boston,211.73,off-peak,M-3330,Tampered,On-Time,1
223,355.2,electricity,Commercial,Chicago,455.32,peak,M-9438,Normal,On-Time,0
224,493.04,electricity,Residential,Miami,397.3,peak,M-4717,Tampered,On-Time,1
225,346.99,gas,Residential,New York,276.23,peak,M-7968,Tampered,Late,1
226,198.05,electricity,Commercial,Miami,101.4,off-peak,M-7912,Normal,Late,0
227,14.5,electricity,Commercial,Dallas,398.99,peak,M-2871,Normal,Late,0
228,103.44,gas,Residential,Dallas,412.52,off-peak,M-2512,Tampered,On-Time,1
229,57.43,electricity,Residential,Dallas,65.83,off-peak,M-3259,Tampered,On-Time,1
230,114.68,gas,Commercial,Miami,414.32,peak,M-4602,Normal,Late,0
231,445.8,electricity,Commercial,New York,433.73,off-peak,M-6523,Tampered,On-Time,1
232,292.73,electricity,Commercial,Houston,244.27,peak,M-6736,Normal,Late,0
233,239.7,gas,Residential,New York,196.3,off-peak,M-8308,Tampered,Late,1
234,280.59,electricity,Commercial,Houston,346.83,off-peak,M-3458,Normal,On-Time,0
235,420.6,electricity,Residential,Dallas,365.43,off-peak,M-2659,Normal,On-Time,0
236,85.44,electricity,Commercial,Seattle,422,off-peak,M-3526,Normal,Late,0
237,373.97,gas,Residential,Houston,481.21,peak,M-8241,Normal,Late,0
238,187.51,electricity,Residential,Dallas,125.18,off-peak,M-7274,Normal,Late,0
239,354.05,gas,Commercial,Houston,251.45,peak,M-4966,Normal,Late,0
240,433.56,gas,Residential,Dallas,30.78,peak,M-7384,Normal,Late,1
241,77.24,electricity,Commercial,Seattle,214.55,peak,M-3649,Tampered,Late,1
242,465.93,electricity,Commercial,Miami,156.57,peak,M-6979,Tampered,Late,1
243,21.25,gas,Commercial,Seattle,187.1,peak,M-7114,Tampered,Late,1
244,366.78,gas,Residential,Dallas,253.4,off-peak,M-9279,Normal,Late,0
245,91.89,gas,Commercial,Dallas,195.56,peak,M-5294,Tampered,Late,1
246,259.37,electricity,Residential,Chicago,453.79,off-peak,M-1197,Normal,On-Time,0
247,427.36,gas,Commercial,Seattle,269.09,peak,M-8276,Tampered,On-Time,1
248,220.49,electricity,Residential,New York,226.08,off-peak,M-5690,Normal,On-Time,0
249,165.39,gas,Commercial,Dallas,208.38,peak,M-7670,Tampered,On-Time,1
250,371.38,electricity,Commercial,Chicago,316.81,peak,M-6288,Normal,Late,0
251,220.06,electricity,Residential,Seattle,57.35,peak,M-8384,Tampered,Late,1
252,95.25,electricity,Residential,Houston,9.19,off-peak,M-5305,Tampered,Late,1
253,70,gas,Residential,Los Angeles,379.98,peak,M-5693,Tampered,On-Time,1
254,24.48,electricity,Commercial,Boston,89.89,peak,M-2435,Normal,Late,0
255,156.94,gas,Commercial,Seattle,118.77,peak,M-1688,Normal,Late,0
256,484.55,electricity,Commercial,Houston,448.49,off-peak,M-9061,Normal,On-Time,0
257,43.63,gas,Commercial,Seattle,66.54,off-peak,M-6206,Tampered,Late,1
258,425.61,electricity,Residential,Miami,126.42,peak,M-5792,Normal,On-Time,1
259,159.98,gas,Commercial,Dallas,263.22,peak,M-4771,Normal,On-Time,0
260,389.87,electricity,Commercial,New York,55.39,peak,M-9446,Normal,On-Time,1
261,333.69,gas,Residential,Chicago,392.14,off-peak,M-6127,Tampered,On-Time,1
262,446.67,gas,Residential,Seattle,7.46,off-peak,M-1254,Tampered,On-Time,1
263,208.96,gas,Commercial,Chicago,299.98,peak,M-2955,Tampered,Late,1
264,301.6,electricity,Commercial,Dallas,468.48,off-peak,M-6591,Normal,Late,0
265,119.92,gas,Residential,Miami,348.7,off-peak,M-4781,Tampered,On-Time,1
266,127.32,gas,Commercial,Los Angeles,228.87,peak,M-6773,Tampered,Late,1
267,227.94,gas,Residential,Dallas,172,peak,M-4810,Normal,Late,0
268,460.55,gas,Residential,Miami,445.94,off-peak,M-3865,Tampered,Late,1
269,358.12,electricity,Commercial,Miami,306.82,off-peak,M-6609,Tampered,Late,1
270,72.44,electricity,Commercial,Los Angeles,33.73,peak,M-8034,Normal,Late,1
271,484.66,electricity,Residential,Miami,122.34,peak,M-3858,Normal,On-Time,1
272,4.8,electricity,Residential,Houston,177.88,off-peak,M-6213,Normal,Late,0
273,236.78,gas,Commercial,Houston,405.22,off-peak,M-6856,Normal,Late,0
274,330.39,electricity,Commercial,Houston,248.63,peak,M-1268,Normal,On-Time,0
275,334.45,gas,Commercial,Boston,142.58,peak,M-8680,Normal,Late,1
276,486.62,gas,Residential,Seattle,144.42,off-peak,M-7340,Normal,On-Time,1
277,245.6,gas,Commercial,Chicago,50.88,off-peak,M-2310,Tampered,Late,1
278,206.08,electricity,Residential,Boston,436.73,off-peak,M-7631,Normal,Late,0
279,317.63,gas,Commercial,Los Angeles,21.63,peak,M-4055,Tampered,On-Time,1
280,468.65,electricity,Commercial,Los Angeles,427.71,peak,M-6284,Tampered,On-Time,1
281,15.01,gas,Residential,Los Angeles,231.2,peak,M-8983,Tampered,On-Time,1
282,13.55,gas,Residential,Houston,428.11,off-peak,M-2083,Tampered,Late,1
283,300.21,gas,Residential,Miami,41.53,peak,M-1866,Normal,Late,1
284,272.23,gas,Residential,Houston,484.54,off-peak,M-5227,Tampered,On-Time,1
285,467.26,gas,Commercial,New York,312.42,off-peak,M-4453,Tampered,On-Time,1
286,38.63,electricity,Residential,Seattle,66.38,off-peak,M-6952,Tampered,On-Time,1
287,293.55,gas,Residential,Boston,372.71,peak,M-1914,Normal,On-Time,0
288,128.87,electricity,Commercial,Los Angeles,268.2,peak,M-6035,Tampered,Late,1
289,144.93,electricity,Commercial,Seattle,288.68,peak,M-4705,Normal,Late,0
290,461.07,gas,Residential,Seattle,129.39,off-peak,M-1910,Tampered,On-Time,1
291,335.58,electricity,Commercial,Chicago,225.91,off-peak,M-8219,Tampered,On-Time,1
292,192.15,electricity,Residential,New York,149.34,off-peak,M-1996,Tampered,Late,1
293,40.27,electricity,Commercial,Seattle,307.91,off-peak,M-2645,Normal,On-Time,0
294,424.7,gas,Residential,New York,427.56,off-peak,M-8240,Tampered,On-Time,1
295,396.13,gas,Commercial,Boston,202.59,off-peak,M-4119,Normal,On-Time,0
296,5.82,electricity,Residential,New York,3.82,off-peak,M-1236,Normal,On-Time,0
297,120.42,gas,Residential,Dallas,468.56,peak,M-8803,Tampered,Late,1
298,62.56,electricity,Residential,Chicago,377.24,off-peak,M-8122,Normal,Late,0
299,23.11,electricity,Residential,Miami,13.22,peak,M-1979,Normal,On-Time,0
300,182.8,electricity,Commercial,Chicago,135.09,peak,M-4282,Normal,On-Time,0
301,470.01,gas,Residential,Houston,173.85,peak,M-5259,Tampered,On-Time,1
302,22.62,gas,Residential,Chicago,288.97,off-peak,M-2168,Tampered,On-Time,1
303,370.38,electricity,Commercial,Seattle,282.51,peak,M-5114,Normal,On-Time,0
304,354.45,electricity,Residential,Houston,104.02,peak,M-2030,Tampered,Late,1
305,44.97,gas,Residential,Seattle,112.46,peak,M-7133,Normal,Late,0
306,271.29,electricity,Residential,Chicago,433.71,off-peak,M-6835,Normal,On-Time,0
307,439.28,electricity,Commercial,Houston,379.47,peak,M-4318,Tampered,Late,1
308,231.3,electricity,Residential,Boston,218.84,off-peak,M-5473,Normal,On-Time,0
309,32.13,electricity,Commercial,Boston,452.28,off-peak,M-5414,Tampered,Late,1
310,434.18,electricity,Commercial,Dallas,346.68,peak,M-5278,Normal,On-Time,0
311,36.26,gas,Commercial,Houston,328.66,peak,M-6066,Tampered,Late,1
312,440.18,gas,Commercial,Boston,234.98,peak,M-8535,Normal,On-Time,0
313,194.87,gas,Commercial,Miami,150.56,off-peak,M-6800,Normal,On-Time,0
314,345.5,gas,Residential,Seattle,480.41,off-peak,M-2460,Normal,Late,0
315,167.41,gas,Residential,Boston,77.29,peak,M-7213,Tampered,Late,1
316,0.17,gas,Residential,Houston,299.89,peak,M-7383,Tampered,Late,1
317,434.84,gas,Residential,Los Angeles,209.92,off-peak,M-4641,Tampered,Late,1
318,153.86,gas,Residential,Dallas,123.99,peak,M-5325,Tampered,On-Time,1
319,84.79,electricity,Residential,New York,35.22,peak,M-8402,Normal,Late,1
320,231.59,electricity,Residential,Miami,50.09,peak,M-3821,Tampered,Late,1
321,376.28,electricity,Commercial,New York,35.15,off-peak,M-1538,Tampered,Late,1
322,76.4,electricity,Commercial,Miami,149.28,off-peak,M-9691,Tampered,On-Time,1
323,214.92,electricity,Commercial,Seattle,139.22,off-peak,M-3441,Tampered,On-Time,1
324,269.98,electricity,Residential,Chicago,209.53,peak,M-4313,Normal,On-Time,0
325,155.35,gas,Commercial,Seattle,304.93,off-peak,M-1101,Tampered,Late,1
326,490.42,gas,Residential,New York,479.2,off-peak,M-6889,Normal,On-Time,0
327,498.47,gas,Commercial,Houston,481.45,off-peak,M-6820,Tampered,On-Time,1
328,420.33,electricity,Residential,Miami,459.1,off-peak,M-3706,Normal,Late,0
329,393.86,gas,Residential,Boston,163.33,off-peak,M-2472,Tampered,Late,1
330,212.47,gas,Commercial,Houston,124.63,peak,M-9849,Tampered,Late,1
331,97.27,gas,Residential,Miami,287.88,off-peak,M-6676,Tampered,Late,1
332,408.48,gas,Commercial,New York,207.01,off-peak,M-4940,Normal,On-Time,0
333,49.67,gas,Residential,Dallas,477.49,off-peak,M-2297,Normal,On-Time,0
334,152.11,gas,Commercial,Dallas,433.87,peak,M-2532,Tampered,On-Time,1
335,437.57,electricity,Commercial,Miami,54.1,off-peak,M-4091,Tampered,On-Time,1
336,188.41,electricity,Commercial,Chicago,352.43,peak,M-5341,Normal,On-Time,0
337,148.85,electricity,Commercial,Boston,448.65,peak,M-5856,Tampered,On-Time,1
338,353.29,electricity,Commercial,Chicago,368.4,peak,M-3004,Tampered,Late,1
339,354.54,gas,Commercial,Seattle,346.06,off-peak,M-4918,Normal,Late,0
340,60.01,gas,Commercial,Chicago,53.94,off-peak,M-1787,Tampered,On-Time,1
341,239.06,gas,Commercial,New York,24.95,off-peak,M-2576,Normal,On-Time,1
342,120.82,electricity,Commercial,Seattle,305.92,peak,M-9651,Normal,On-Time,0
343,395.57,gas,Residential,Boston,420.17,peak,M-5897,Normal,On-Time,0
344,157.88,gas,Commercial,Chicago,187.96,off-peak,M-9043,Normal,Late,0
345,443.87,gas,Residential,Boston,234.61,peak,M-1503,Normal,On-Time,0
346,390.55,gas,Residential,Houston,192.61,off-peak,M-5503,Tampered,Late,1
347,155.24,gas,Residential,Boston,237.68,off-peak,M-9956,Normal,On-Time,0
348,76.31,electricity,Residential,Seattle,351.71,peak,M-9229,Tampered,Late,1
349,466.59,electricity,Commercial,Miami,87.33,off-peak,M-7146,Tampered,On-Time,1
350,198.43,electricity,Residential,Miami,457.45,off-peak,M-5892,Tampered,On-Time,1
351,76.67,gas,Residential,New York,169.62,off-peak,M-6961,Tampered,On-Time,1
352,422.28,gas,Commercial,Chicago,296.9,peak,M-4381,Tampered,Late,1
353,206.01,electricity,Residential,Boston,379.26,off-peak,M-5735,Normal,On-Time,0
354,217.79,electricity,Residential,Boston,184.96,peak,M-5867,Tampered,Late,1
355,273.4,gas,Residential,Chicago,323.42,off-peak,M-7861,Tampered,On-Time,1
356,473,gas,Commercial,Seattle,421.08,peak,M-6650,Tampered,On-Time,1
357,426.78,gas,Residential,Miami,433.64,peak,M-4710,Normal,On-Time,0
358,176.82,electricity,Residential,Miami,310.26,peak,M-9984,Normal,Late,0
359,344.28,gas,Commercial,Los Angeles,151.56,peak,M-8671,Tampered,On-Time,1
360,142.3,gas,Residential,Seattle,272.99,off-peak,M-8386,Tampered,On-Time,1
361,269.51,gas,Commercial,Los Angeles,300.55,peak,M-1120,Tampered,Late,1
362,318.74,electricity,Residential,New York,259.14,off-peak,M-4404,Normal,On-Time,0
363,78.25,gas,Commercial,Seattle,465.88,off-peak,M-5288,Tampered,On-Time,1
364,467.5,electricity,Commercial,New York,37.92,off-peak,M-5881,Normal,On-Time,1
365,253.3,electricity,Residential,Houston,373.9,off-peak,M-1854,Normal,On-Time,0
366,248.03,gas,Residential,New York,340.67,peak,M-2134,Tampered,Late,1
367,494.32,gas,Commercial,Houston,23.06,off-peak,M-3489,Normal,On-Time,1
368,380.33,gas,Commercial,Chicago,204.19,peak,M-6986,Normal,On-Time,0
369,334.45,electricity,Commercial,Dallas,358.93,off-peak,M-9588,Normal,Late,0
370,372.95,electricity,Residential,Chicago,251.89,off-peak,M-4780,Normal,On-Time,0
371,115.33,electricity,Commercial,Boston,265.7,peak,M-3499,Normal,On-Time,0
372,441.22,electricity,Commercial,Miami,483.07,peak,M-9348,Tampered,On-Time,1
373,310.05,gas,Commercial,New York,239.87,off-peak,M-9464,Normal,Late,0
374,73.27,electricity,Commercial,New York,73.49,peak,M-9747,Normal,On-Time,0
375,78.71,electricity,Residential,Boston,44.27,peak,M-4189,Tampered,Late,1
376,374.39,electricity,Residential,Los Angeles,271.28,off-peak,M-8827,Normal,On-Time,0
377,358.28,gas,Residential,Boston,114.68,off-peak,M-2194,Normal,Late,1
378,65.45,electricity,Residential,Los Angeles,290.94,off-peak,M-5586,Normal,Late,0
379,354.09,gas,Commercial,Los Angeles,77.45,peak,M-6267,Tampered,On-Time,1
380,491.04,gas,Commercial,Miami,311.26,off-peak,M-3577,Normal,Late,0
381,46.8,electricity,Residential,New York,294.51,off-peak,M-2674,Tampered,On-Time,1
382,319.84,electricity,Commercial,Seattle,94.7,peak,M-2919,Tampered,Late,1
383,228.6,gas,Residential,Dallas,372.51,peak,M-9506,Tampered,Late,1
384,151.25,electricity,Commercial,Miami,446.8,off-peak,M-5069,Normal,On-Time,0
385,132.4,gas,Residential,Houston,90.06,peak,M-8723,Tampered,On-Time,1
386,473.91,gas,Commercial,New York,266.76,off-peak,M-9096,Normal,Late,0
387,186.12,electricity,Commercial,Los Angeles,112.38,off-peak,M-8126,Normal,On-Time,0
388,262.06,gas,Commercial,Houston,81.42,peak,M-1465,Tampered,On-Time,1
389,417.68,electricity,Commercial,Los Angeles,440.2,peak,M-5197,Tampered,Late,1
390,280.83,gas,Commercial,Los Angeles,375.09,peak,M-2042,Normal,On-Time,0
391,331.82,gas,Residential,Los Angeles,311.18,off-peak,M-8099,Tampered,Late,1
392,55.44,gas,Residential,Chicago,297.09,peak,M-7016,Normal,On-Time,0
393,364.76,gas,Residential,Boston,480.73,off-peak,M-9137,Normal,On-Time,0
394,181.33,electricity,Commercial,Boston,402.26,off-peak,M-5530,Tampered,Late,1
395,312.54,gas,Commercial,Houston,410.49,peak,M-9242,Normal,On-Time,0
396,484.73,gas,Commercial,New York,55.94,peak,M-6353,Normal,On-Time,1
397,17.71,gas,Residential,Dallas,240.61,peak,M-5210,Normal,Late,0
398,78.82,electricity,Commercial,Boston,359.06,off-peak,M-4093,Tampered,On-Time,1
399,295.78,electricity,Commercial,Los Angeles,427.9,off-peak,M-3971,Tampered,Late,1
400,114.52,electricity,Commercial,Miami,194.17,peak,M-4287,Normal,On-Time,0
401,210.1,electricity,Residential,Dallas,478.04,off-peak,M-7027,Tampered,Late,1
402,129.33,gas,Commercial,New York,488.57,peak,M-6868,Normal,On-Time,0
403,172.97,electricity,Residential,New York,242.4,peak,M-6198,Tampered,Late,1
404,253.79,gas,Residential,Los Angeles,355.82,peak,M-6187,Tampered,Late,1
405,141.58,electricity,Residential,Miami,106.37,peak,M-5878,Normal,Late,0
406,315.3,electricity,Commercial,Houston,233.6,off-peak,M-9503,Normal,On-Time,0
407,124.84,gas,Commercial,Chicago,496.2,off-peak,M-3231,Tampered,Late,1
408,322.69,gas,Commercial,Miami,318.84,off-peak,M-9199,Tampered,On-Time,1
409,361.25,electricity,Commercial,New York,300.85,off-peak,M-4156,Normal,Late,0
410,356.94,electricity,Residential,Chicago,384.15,off-peak,M-3038,Normal,On-Time,0
411,372.84,electricity,Commercial,New York,268.34,off-peak,M-1852,Normal,Late,0
412,179.19,gas,Residential,Los Angeles,33.92,peak,M-6961,Normal,On-Time,1
413,483.13,gas,Residential,Miami,249.16,peak,M-6607,Tampered,On-Time,1
414,254.97,electricity,Commercial,Miami,51.29,peak,M-5272,Tampered,Late,1
415,458.12,gas,Residential,Houston,58.92,peak,M-4270,Tampered,Late,1
416,499.47,electricity,Residential,Boston,167.59,off-peak,M-9314,Tampered,On-Time,1
417,33.92,gas,Residential,New York,322.92,off-peak,M-8794,Normal,On-Time,0
418,217.91,gas,Commercial,Seattle,217.93,peak,M-9989,Tampered,On-Time,1
419,483.5,gas,Commercial,Boston,447.08,peak,M-5909,Tampered,Late,1
420,354.11,electricity,Residential,Boston,300.71,peak,M-8849,Normal,Late,0
421,259.57,gas,Commercial,New York,171.98,off-peak,M-1433,Normal,On-Time,0
422,1.85,gas,Commercial,Dallas,387.2,off-peak,M-2107,Normal,Late,0
423,451.39,electricity,Residential,Miami,151.84,off-peak,M-8825,Normal,On-Time,1
424,0.81,gas,Commercial,Chicago,365.71,off-peak,M-4480,Normal,Late,0
425,27.15,gas,Residential,New York,236.69,off-peak,M-8636,Tampered,On-Time,1
426,419.56,electricity,Residential,Miami,363.48,peak,M-6206,Tampered,On-Time,1
427,424.6,gas,Residential,Houston,428.89,off-peak,M-5269,Normal,On-Time,0
428,79.67,electricity,Residential,Dallas,493.02,off-peak,M-8702,Tampered,On-Time,1
429,239.65,electricity,Commercial,Chicago,389.57,peak,M-2235,Normal,On-Time,0
430,115.15,gas,Commercial,Los Angeles,173.98,peak,M-1124,Tampered,Late,1
431,158.6,electricity,Commercial,Dallas,129.18,peak,M-7117,Tampered,Late,1
432,278.07,gas,Commercial,Miami,11.09,off-peak,M-6221,Normal,On-Time,1
433,228.75,gas,Residential,Los Angeles,316.07,peak,M-7219,Normal,Late,0
434,387.75,gas,Residential,Los Angeles,56.15,off-peak,M-1072,Tampered,Late,1
435,474.53,gas,Commercial,Houston,474.53,peak,M-9797,Tampered,On-Time,1
436,147.62,gas,Residential,Miami,495.55,peak,M-8848,Normal,On-Time,0
437,423.53,electricity,Commercial,Dallas,408.78,peak,M-4422,Normal,On-Time,0
438,356.82,electricity,Residential,Miami,138.18,peak,M-8563,Tampered,Late,1
439,83.25,gas,Commercial,New York,416.37,off-peak,M-3591,Tampered,On-Time,1
440,211.46,electricity,Residential,Los Angeles,105.75,off-peak,M-5696,Normal,On-Time,0
441,493.18,electricity,Residential,Dallas,401.64,peak,M-6435,Tampered,Late,1
442,454.98,gas,Commercial,Seattle,192.1,peak,M-7139,Normal,Late,1
443,44.65,electricity,Commercial,Houston,266.37,peak,M-6754,Tampered,On-Time,1
444,108.02,electricity,Residential,Houston,274.72,peak,M-3573,Tampered,Late,1
445,119.48,gas,Commercial,Dallas,103.2,off-peak,M-9602,Normal,On-Time,0
446,32.18,electricity,Commercial,Boston,89.23,off-peak,M-2895,Tampered,On-Time,1
447,75.73,gas,Commercial,Chicago,317.97,peak,M-3798,Normal,On-Time,0
448,90.04,gas,Residential,Chicago,114.59,peak,M-6668,Normal,On-Time,0
449,352.35,electricity,Commercial,Houston,433.74,peak,M-3412,Normal,On-Time,0
450,496.41,electricity,Commercial,Seattle,90.78,off-peak,M-6051,Tampered,Late,1
451,186.66,electricity,Residential,Los Angeles,461.54,off-peak,M-5734,Tampered,On-Time,1
452,236.46,electricity,Commercial,Houston,263.43,peak,M-6079,Normal,Late,0
453,296.75,gas,Residential,Houston,241.53,off-peak,M-6874,Normal,Late,0
454,130.46,electricity,Commercial,Houston,250.6,off-peak,M-1789,Tampered,Late,1
455,168.07,gas,Residential,Boston,449.88,peak,M-7293,Normal,On-Time,0
456,487.3,electricity,Commercial,Seattle,90.67,off-peak,M-9903,Tampered,Late,1
457,42.24,gas,Commercial,Seattle,187.94,off-peak,M-4455,Tampered,On-Time,1
458,475.58,gas,Residential,New York,231.19,peak,M-1024,Normal,Late,1
459,428.75,gas,Commercial,Boston,429.12,peak,M-3393,Tampered,Late,1
460,43.88,gas,Residential,New York,441.12,off-peak,M-6287,Tampered,Late,1
461,287.85,gas,Residential,Los Angeles,463,peak,M-7224,Tampered,Late,1
462,218.74,electricity,Commercial,Chicago,247.3,off-peak,M-3029,Normal,Late,0
463,308.48,electricity,Residential,New York,351.68,off-peak,M-9891,Tampered,On-Time,1
464,445.14,gas,Commercial,Houston,383.65,peak,M-8382,Tampered,Late,1
465,485.04,gas,Residential,Dallas,249.53,off-peak,M-7455,Normal,Late,0
466,293.59,electricity,Commercial,Seattle,93.73,peak,M-6004,Tampered,Late,1
467,320.5,electricity,Commercial,Seattle,156.36,peak,M-7205,Tampered,On-Time,1
468,321.44,gas,Residential,Seattle,77.29,off-peak,M-5352,Normal,On-Time,1
469,432.33,electricity,Residential,Chicago,128.33,off-peak,M-5725,Normal,On-Time,1
470,60.71,electricity,Commercial,Chicago,19.82,peak,M-4166,Tampered,On-Time,1
471,306.19,gas,Residential,Dallas,73.05,peak,M-5825,Normal,Late,1
472,491.15,gas,Residential,Chicago,385.07,off-peak,M-8995,Normal,Late,0
473,464.06,gas,Residential,Seattle,274.72,off-peak,M-5361,Normal,On-Time,0
474,339.04,gas,Commercial,Miami,75.06,off-peak,M-3784,Tampered,Late,1
475,144.91,electricity,Commercial,Dallas,167.88,peak,M-7499,Normal,Late,0
476,311.13,gas,Commercial,Dallas,179.89,off-peak,M-2064,Normal,Late,0
477,424.9,gas,Commercial,New York,331.19,off-peak,M-5856,Normal,Late,0
478,426.18,gas,Commercial,Chicago,88.57,off-peak,M-8235,Normal,Late,1
479,115.34,gas,Commercial,Seattle,97.23,off-peak,M-7913,Normal,On-Time,0
480,193.39,gas,Commercial,New York,327.24,peak,M-3454,Normal,On-Time,0
481,366.77,electricity,Residential,Seattle,192.14,peak,M-2108,Tampered,On-Time,1
482,407.86,gas,Residential,Chicago,193.7,off-peak,M-9436,Normal,On-Time,1
483,120.03,electricity,Residential,Los Angeles,189.09,peak,M-3924,Tampered,Late,1
484,493.92,electricity,Commercial,Boston,99.74,off-peak,M-7497,Tampered,Late,1
485,108.64,gas,Commercial,Los Angeles,273.82,peak,M-5757,Normal,Late,0
486,8.66,gas,Residential,Miami,303.19,peak,M-8294,Normal,Late,0
487,85.89,gas,Commercial,New York,439.87,off-peak,M-6615,Normal,On-Time,0
488,394.91,electricity,Residential,Houston,199.02,peak,M-6847,Normal,On-Time,0
489,202.85,gas,Residential,Seattle,32.61,off-peak,M-1575,Normal,Late,1
490,191.28,gas,Commercial,Seattle,86.87,off-peak,M-9682,Normal,On-Time,1
491,251.17,gas,Commercial,Los Angeles,198.62,peak,M-9702,Normal,On-Time,0
492,446.62,electricity,Residential,Los Angeles,240.51,off-peak,M-8081,Tampered,Late,1
493,192.68,gas,Residential,Dallas,172.86,off-peak,M-2704,Normal,Late,0
494,77.53,electricity,Residential,Dallas,4.57,off-peak,M-3937,Tampered,On-Time,1
495,175.35,electricity,Commercial,Boston,210.07,peak,M-2882,Tampered,On-Time,1
496,290.12,electricity,Residential,Seattle,359.11,peak,M-9490,Tampered,On-Time,1
497,477.7,gas,Commercial,Seattle,95.74,peak,M-1539,Tampered,Late,1
498,103.03,electricity,Residential,Miami,178.77,peak,M-8020,Normal,On-Time,0
499,285.81,gas,Residential,Chicago,439.5,off-peak,M-6143,Normal,On-Time,0
500,163.53,gas,Commercial,Seattle,219.39,off-peak,M-9646,Normal,On-Time,0
501,189.79,electricity,Commercial,Miami,234.18,peak,M-3443,Tampered,On-Time,1
502,464.63,electricity,Residential,Miami,340.42,peak,M-8684,Tampered,On-Time,1
503,32.62,electricity,Residential,Seattle,94.73,off-peak,M-2219,Normal,On-Time,0
504,325.66,gas,Residential,Boston,171.12,off-peak,M-8789,Normal,On-Time,0
505,82.3,electricity,Residential,Boston,246.65,peak,M-4842,Tampered,On-Time,1
506,67.72,gas,Commercial,New York,72.84,off-peak,M-4053,Tampered,Late,1
507,101.96,gas,Commercial,New York,310.3,off-peak,M-5788,Tampered,Late,1
508,144.3,electricity,Residential,New York,427.3,peak,M-4863,Tampered,Late,1
509,64.25,gas,Residential,Dallas,222.2,peak,M-3562,Tampered,On-Time,1
510,26.07,electricity,Commercial,New York,245.45,peak,M-1706,Normal,On-Time,0
511,248.42,electricity,Residential,Houston,218.26,off-peak,M-5290,Normal,Late,0
512,147.04,electricity,Residential,New York,256.08,peak,M-2938,Tampered,Late,1
513,255.13,electricity,Residential,Miami,115.54,peak,M-1982,Normal,Late,1
514,414.68,electricity,Residential,Houston,32.06,peak,M-3456,Tampered,Late,1
515,495.61,gas,Residential,Chicago,222.73,off-peak,M-8325,Normal,Late,1
516,197.48,gas,Residential,Dallas,67.71,peak,M-7527,Normal,On-Time,1
517,241.62,gas,Commercial,Miami,57.24,off-peak,M-8588,Normal,On-Time,1
518,386.55,gas,Residential,Miami,111.86,off-peak,M-7155,Tampered,Late,1
519,121.36,electricity,Commercial,Houston,233.37,off-peak,M-9852,Normal,On-Time,0
520,32.27,gas,Commercial,Los Angeles,346.78,off-peak,M-9929,Tampered,On-Time,1
521,250.27,electricity,Residential,Houston,174.3,off-peak,M-4254,Tampered,On-Time,1
522,462.93,electricity,Commercial,Dallas,323.64,peak,M-3090,Normal,Late,0
523,260.05,electricity,Residential,Boston,135.21,peak,M-9254,Normal,On-Time,0
524,442.26,gas,Residential,Los Angeles,196.49,off-peak,M-4364,Normal,On-Time,1
525,317.91,electricity,Residential,Los Angeles,495.04,off-peak,M-6285,Normal,On-Time,0
526,182.08,gas,Commercial,Houston,288.4,peak,M-7079,Normal,Late,0
527,448.75,electricity,Residential,Los Angeles,387.16,off-peak,M-8256,Normal,Late,0
528,150.96,gas,Residential,Miami,340.68,off-peak,M-4491,Normal,Late,0
529,414.84,gas,Commercial,New York,9.01,off-peak,M-9885,Normal,Late,1
530,264.48,gas,Commercial,Miami,97.72,peak,M-6100,Tampered,On-Time,1
531,265.75,gas,Residential,Seattle,47.02,off-peak,M-5563,Tampered,On-Time,1
532,196.38,electricity,Commercial,Boston,382.22,peak,M-2315,Normal,On-Time,0
533,84.71,electricity,Commercial,Houston,240.45,peak,M-8320,Tampered,Late,1
534,429.91,gas,Residential,New York,131.93,off-peak,M-3874,Tampered,Late,1
535,482.91,electricity,Residential,Houston,455.57,off-peak,M-8774,Normal,Late,0
536,106.78,electricity,Residential,Chicago,166.73,off-peak,M-9016,Tampered,On-Time,1
537,282.79,electricity,Commercial,Chicago,385.17,peak,M-3942,Tampered,Late,1
538,20.82,gas,Residential,Los Angeles,426.74,peak,M-2332,Tampered,Late,1
539,294.8,gas,Residential,Houston,335.74,off-peak,M-5468,Tampered,On-Time,1
540,413.24,electricity,Residential,Dallas,185.41,off-peak,M-2591,Normal,On-Time,1
541,493.53,electricity,Residential,Dallas,58.94,off-peak,M-5684,Tampered,Late,1
542,475.03,gas,Commercial,Miami,118.6,peak,M-5361,Normal,On-Time,1
543,336.91,gas,Residential,Houston,182.92,off-peak,M-7787,Tampered,Late,1
544,118.03,gas,Commercial,Chicago,240.83,peak,M-6986,Tampered,On-Time,1
545,203,gas,Residential,New York,489.97,off-peak,M-1529,Tampered,Late,1
546,116.38,electricity,Residential,Miami,165.63,off-peak,M-3054,Normal,On-Time,0
547,340.62,gas,Commercial,Seattle,313.27,off-peak,M-6585,Normal,On-Time,0
548,427.91,gas,Commercial,Los Angeles,403.33,peak,M-1138,Normal,Late,0
549,432.91,electricity,Residential,Houston,321.58,peak,M-8224,Normal,Late,0
550,418.45,electricity,Commercial,New York,256.77,off-peak,M-2724,Tampered,Late,1
551,227.98,gas,Residential,Houston,340.17,off-peak,M-1432,Tampered,On-Time,1
552,385.01,gas,Commercial,Chicago,418.27,off-peak,M-2345,Tampered,On-Time,1
553,58.96,electricity,Commercial,Seattle,38.97,off-peak,M-9713,Tampered,Late,1
554,349.72,electricity,Residential,Boston,395.6,off-peak,M-7284,Normal,Late,0
555,85.74,gas,Residential,New York,141.74,peak,M-1795,Normal,Late,0
556,119.12,gas,Residential,Seattle,284.78,off-peak,M-2266,Tampered,On-Time,1
557,12.31,gas,Residential,Houston,242.86,off-peak,M-3356,Tampered,On-Time,1
558,493.35,electricity,Residential,Los Angeles,106.42,off-peak,M-8641,Tampered,Late,1
559,339.86,electricity,Residential,Los Angeles,164.32,off-peak,M-3530,Normal,Late,1
560,126.12,gas,Residential,Dallas,287.99,off-peak,M-5459,Tampered,On-Time,1
561,147.48,gas,Residential,Seattle,385.16,off-peak,M-3520,Tampered,On-Time,1
562,308.75,gas,Residential,New York,165.77,off-peak,M-2211,Tampered,On-Time,1
563,177.54,electricity,Commercial,Chicago,20.28,peak,M-4883,Tampered,On-Time,1
564,162.59,gas,Residential,Los Angeles,191.16,peak,M-8554,Tampered,Late,1
565,229.32,gas,Residential,Seattle,126.69,off-peak,M-1308,Tampered,On-Time,1
566,433.41,electricity,Commercial,Dallas,241.03,off-peak,M-2502,Normal,On-Time,0
567,65.83,gas,Residential,Houston,430.08,off-peak,M-5901,Normal,On-Time,0
568,355.39,gas,Commercial,Chicago,127.89,peak,M-4612,Normal,On-Time,1
569,393.5,gas,Commercial,New York,248.45,peak,M-5772,Tampered,On-Time,1
570,444.31,gas,Residential,Seattle,210.82,peak,M-3908,Tampered,On-Time,1
571,248.08,gas,Commercial,Seattle,98.47,peak,M-4204,Tampered,On-Time,1
572,382.05,electricity,Commercial,Dallas,366.58,peak,M-1673,Tampered,On-Time,1
573,497.41,electricity,Commercial,Los Angeles,229.65,peak,M-8747,Normal,Late,1
574,221.98,gas,Commercial,Seattle,293.16,peak,M-2242,Tampered,Late,1
575,474.67,electricity,Residential,Houston,273.95,peak,M-5969,Normal,Late,0
576,231.04,electricity,Commercial,Chicago,0.96,peak,M-8605,Normal,Late,1
577,141.87,gas,Commercial,Miami,251.44,off-peak,M-4663,Tampered,On-Time,1
578,279.58,gas,Residential,Dallas,365.87,off-peak,M-9817,Normal,Late,0
579,215.02,electricity,Commercial,Seattle,168.81,off-peak,M-4842,Normal,On-Time,0
580,16.55,gas,Commercial,Miami,309.12,peak,M-9041,Tampered,On-Time,1
581,182.61,gas,Residential,Miami,73.33,peak,M-9775,Tampered,Late,1
582,228.5,electricity,Commercial,Dallas,110.25,off-peak,M-4493,Tampered,On-Time,1
583,157.08,gas,Commercial,Dallas,360.1,off-peak,M-9875,Normal,On-Time,0
584,391.09,gas,Commercial,New York,112.93,peak,M-8839,Normal,On-Time,1
585,88.28,gas,Residential,Houston,345.95,off-peak,M-7537,Tampered,On-Time,1
586,110.78,electricity,Residential,Dallas,493.71,off-peak,M-5028,Tampered,On-Time,1
587,321.01,electricity,Residential,Miami,42.08,off-peak,M-6403,Normal,On-Time,1
588,200.76,gas,Residential,Seattle,444.57,off-peak,M-2720,Tampered,Late,1
589,65.31,electricity,Residential,Houston,407.35,peak,M-9475,Normal,On-Time,0
590,297.36,gas,Residential,Dallas,384.34,peak,M-6912,Normal,Late,0
591,148.93,gas,Commercial,Dallas,278.95,off-peak,M-2817,Normal,On-Time,0
592,312.96,electricity,Residential,Los Angeles,178.66,peak,M-5077,Normal,Late,0
593,132.62,gas,Commercial,Boston,149.03,off-peak,M-6366,Normal,On-Time,0
594,298.47,gas,Residential,Chicago,305.34,off-peak,M-5807,Normal,Late,0
595,40.71,electricity,Residential,Miami,132.77,peak,M-7320,Normal,On-Time,0
596,213.28,electricity,Commercial,Dallas,20.77,off-peak,M-4068,Normal,On-Time,1
597,127.98,gas,Commercial,New York,132.79,peak,M-5187,Tampered,Late,1
598,223.59,gas,Commercial,Houston,281.29,peak,M-7680,Tampered,Late,1
599,451.74,gas,Residential,Chicago,51.31,off-peak,M-1560,Tampered,Late,1
600,188.12,electricity,Commercial,Los Angeles,403.27,peak,M-6765,Normal,Late,0
601,307.42,gas,Residential,New York,343.14,off-peak,M-2171,Tampered,Late,1
602,404.68,gas,Residential,Dallas,327.8,peak,M-3332,Tampered,On-Time,1
603,74.57,gas,Commercial,Chicago,326.9,peak,M-9762,Tampered,Late,1
604,372.18,gas,Residential,Seattle,409.22,peak,M-4890,Tampered,On-Time,1
605,302.3,electricity,Residential,Chicago,43.64,off-peak,M-5359,Tampered,On-Time,1
606,134.16,electricity,Commercial,Dallas,75.52,peak,M-5705,Normal,On-Time,0
607,444.34,electricity,Commercial,New York,51.21,peak,M-9513,Normal,On-Time,1
608,282.3,gas,Residential,Seattle,81.48,off-peak,M-8253,Tampered,On-Time,1
609,327.73,gas,Residential,Houston,47.69,peak,M-5462,Tampered,Late,1
610,412.12,gas,Residential,New York,219.74,off-peak,M-2685,Tampered,On-Time,1
611,274.64,gas,Residential,Los Angeles,307.19,peak,M-1474,Tampered,On-Time,1
612,426.44,electricity,Commercial,New York,145.47,peak,M-2134,Tampered,Late,1
613,494.44,gas,Commercial,Boston,311.01,peak,M-4169,Normal,Late,0
614,161.4,electricity,Commercial,Chicago,401.19,off-peak,M-3117,Tampered,On-Time,1
615,82.53,electricity,Residential,Houston,498.08,off-peak,M-7799,Normal,Late,0
616,67.39,gas,Commercial,Dallas,25.25,peak,M-4648,Normal,On-Time,1
617,170.91,gas,Residential,Miami,141.52,peak,M-5552,Normal,On-Time,0
618,325.62,gas,Commercial,Los Angeles,459.24,peak,M-2996,Normal,On-Time,0
619,0.92,electricity,Commercial,Seattle,482.47,peak,M-7323,Tampered,On-Time,1
620,344.31,gas,Commercial,Chicago,61.49,peak,M-1055,Tampered,Late,1
621,150,gas,Residential,New York,164.46,peak,M-2270,Tampered,On-Time,1
622,126.01,gas,Residential,Los Angeles,362.86,off-peak,M-2929,Normal,Late,0
623,239.8,electricity,Commercial,Dallas,259.4,peak,M-1299,Normal,Late,0
624,25.75,gas,Residential,Dallas,272.64,off-peak,M-9406,Tampered,On-Time,1
625,341.52,gas,Residential,Boston,264.66,off-peak,M-9893,Normal,Late,0
626,218.46,electricity,Commercial,Seattle,10.46,peak,M-9879,Normal,Late,1
627,153.43,electricity,Residential,Seattle,203.08,peak,M-9227,Tampered,On-Time,1
628,340.19,gas,Residential,Dallas,472.14,off-peak,M-3583,Normal,On-Time,0
629,9.73,gas,Commercial,Dallas,19.02,off-peak,M-9114,Normal,On-Time,0
630,235.77,gas,Residential,Chicago,159.29,peak,M-5122,Tampered,On-Time,1
631,313.66,electricity,Residential,Los Angeles,384.72,off-peak,M-1005,Tampered,On-Time,1
632,453.05,electricity,Residential,Boston,121.09,peak,M-4362,Tampered,On-Time,1
633,487.96,electricity,Commercial,Boston,381.64,off-peak,M-1014,Normal,On-Time,0
634,386.35,gas,Residential,Dallas,338.24,off-peak,M-4186,Normal,On-Time,0
635,265.05,electricity,Commercial,New York,171.65,peak,M-1977,Normal,Late,0
636,297.11,electricity,Commercial,Miami,383.51,peak,M-5594,Normal,On-Time,0
637,153.92,gas,Residential,Miami,21.96,off-peak,M-1853,Normal,On-Time,1
638,420.1,electricity,Commercial,Miami,380.42,off-peak,M-7459,Tampered,On-Time,1
639,331.28,gas,Residential,Los Angeles,447.38,peak,M-5868,Tampered,On-Time,1
640,275.73,gas,Residential,Dallas,34.38,peak,M-2226,Normal,On-Time,1
641,378.92,electricity,Commercial,Miami,251.36,off-peak,M-6748,Tampered,On-Time,1
642,274.36,gas,Residential,Miami,494.33,peak,M-6279,Normal,Late,0
643,266.64,gas,Residential,Chicago,468.8,off-peak,M-5500,Tampered,Late,1
644,429.79,electricity,Commercial,Los Angeles,59.66,off-peak,M-5501,Tampered,Late,1
645,49.53,electricity,Residential,Los Angeles,34.18,off-peak,M-3343,Tampered,On-Time,1
646,403.14,gas,Residential,Chicago,175.44,off-peak,M-6516,Normal,On-Time,1
647,103.14,electricity,Commercial,Miami,478.86,peak,M-2981,Tampered,Late,1
648,387.8,electricity,Commercial,New York,58.02,peak,M-7584,Normal,Late,1
649,298.6,gas,Commercial,New York,211.42,off-peak,M-5305,Normal,Late,0
650,455.72,gas,Residential,Boston,390.83,off-peak,M-6024,Normal,On-Time,0
651,196.18,gas,Commercial,New York,149.04,off-peak,M-5781,Tampered,Late,1
652,4.54,electricity,Residential,Houston,452,peak,M-7732,Normal,Late,0
653,416.89,gas,Commercial,Miami,255.97,peak,M-5777,Normal,Late,0
654,57.88,gas,Residential,Miami,110.89,off-peak,M-9347,Tampered,Late,1
655,388.82,gas,Residential,Miami,163.83,off-peak,M-2995,Normal,Late,1
656,408.16,gas,Commercial,Seattle,216.97,off-peak,M-4175,Normal,Late,0
657,179.77,gas,Residential,Houston,253.92,off-peak,M-2336,Normal,On-Time,0
658,162.74,electricity,Residential,New York,170.71,off-peak,M-2096,Tampered,On-Time,1
659,365.93,electricity,Commercial,Houston,166.27,off-peak,M-5940,Tampered,On-Time,1
660,72.55,electricity,Residential,Dallas,221.56,peak,M-5475,Tampered,On-Time,1
661,235.25,gas,Commercial,Dallas,344.6,peak,M-4801,Normal,On-Time,0
662,433.6,electricity,Commercial,New York,444.35,off-peak,M-2285,Tampered,On-Time,1
663,290.37,electricity,Commercial,Houston,453.37,off-peak,M-5422,Normal,Late,0
664,419.5,electricity,Commercial,Seattle,351.43,off-peak,M-3659,Tampered,On-Time,1
665,296.25,gas,Commercial,Seattle,439.66,peak,M-9182,Tampered,On-Time,1
666,266.62,electricity,Residential,New York,152.16,off-peak,M-5047,Tampered,On-Time,1
667,16.19,electricity,Commercial,Chicago,105.72,peak,M-4159,Tampered,On-Time,1
668,11.22,electricity,Residential,Chicago,304.4,peak,M-9113,Tampered,Late,1
669,129.32,electricity,Commercial,Miami,229.93,off-peak,M-9927,Normal,Late,0
670,27.12,gas,Residential,Miami,405.88,peak,M-3100,Tampered,Late,1
671,248.1,gas,Commercial,Chicago,453.17,off-peak,M-8821,Normal,Late,0
672,439.31,gas,Commercial,Dallas,128.16,off-peak,M-8622,Tampered,On-Time,1
673,385.9,electricity,Residential,Seattle,344.9,off-peak,M-5515,Normal,Late,0
674,56.81,gas,Residential,Los Angeles,344.19,off-peak,M-6146,Tampered,Late,1
675,464.19,gas,Commercial,Los Angeles,196,off-peak,M-8866,Normal,Late,1
676,55.23,electricity,Residential,Houston,257.08,peak,M-4242,Normal,On-Time,0
677,345.18,gas,Residential,Chicago,279.57,peak,M-6065,Normal,Late,0
678,76.49,gas,Residential,New York,446.69,off-peak,M-7729,Normal,On-Time,0
679,435.95,gas,Commercial,New York,258.09,off-peak,M-2677,Tampered,On-Time,1
680,259.71,gas,Residential,Miami,433.39,peak,M-3309,Normal,On-Time,0
681,217.1,electricity,Residential,Seattle,10.45,off-peak,M-3077,Normal,On-Time,1
682,64.3,electricity,Commercial,Boston,83.42,off-peak,M-7263,Tampered,Late,1
683,339.55,electricity,Commercial,Boston,468.47,peak,M-7238,Normal,On-Time,0
684,306.33,electricity,Commercial,Dallas,367.54,peak,M-3573,Normal,Late,0
685,276.81,gas,Commercial,New York,236.17,peak,M-9174,Tampered,On-Time,1
686,91.07,gas,Commercial,Seattle,482.1,off-peak,M-9245,Normal,On-Time,0
687,412.76,gas,Residential,Miami,121.72,peak,M-3678,Normal,On-Time,1
688,258.8,gas,Commercial,Chicago,31.9,off-peak,M-1649,Normal,On-Time,1
689,497.66,gas,Commercial,Houston,223.2,off-peak,M-1950,Normal,Late,1
690,389.2,gas,Residential,Dallas,61.59,off-peak,M-9857,Normal,On-Time,1
691,329.47,gas,Residential,Miami,186.57,off-peak,M-3387,Normal,On-Time,0
692,323.43,gas,Residential,Boston,288.23,peak,M-1370,Tampered,Late,1
693,248.91,gas,Commercial,Miami,190,off-peak,M-5282,Normal,Late,0
694,33.59,electricity,Commercial,Boston,179.44,off-peak,M-5242,Tampered,On-Time,1
695,273.54,electricity,Residential,New York,271.51,off-peak,M-1170,Tampered,Late,1
696,151.82,gas,Commercial,Miami,101.74,peak,M-5129,Normal,Late,0
697,83.24,electricity,Commercial,Los Angeles,15.34,peak,M-5504,Normal,On-Time,1
698,444.81,gas,Residential,Boston,157.67,peak,M-5321,Normal,Late,1
699,210.65,electricity,Residential,Dallas,133.56,off-peak,M-2461,Tampered,On-Time,1
700,233.24,electricity,Commercial,Houston,227.93,off-peak,M-5598,Tampered,Late,1
701,368.41,gas,Commercial,Seattle,367.47,peak,M-1363,Tampered,Late,1
702,5.09,gas,Residential,Chicago,177.31,off-peak,M-3280,Tampered,On-Time,1
703,424.06,electricity,Commercial,Dallas,423.69,peak,M-6445,Normal,Late,0
704,423.01,gas,Residential,Chicago,302.76,peak,M-9336,Normal,Late,0
705,386.44,electricity,Commercial,Dallas,120.92,off-peak,M-5765,Tampered,On-Time,1
706,407.23,gas,Commercial,New York,3.3,peak,M-4185,Normal,Late,1
707,328.37,electricity,Residential,Seattle,406.01,off-peak,M-7409,Normal,Late,0
708,203.64,electricity,Commercial,Seattle,437.98,peak,M-1909,Tampered,On-Time,1
709,458.63,electricity,Residential,Los Angeles,171.73,off-peak,M-3246,Tampered,On-Time,1
710,481.59,gas,Commercial,Los Angeles,209.3,peak,M-2210,Tampered,Late,1
711,29.55,gas,Commercial,Chicago,134.64,peak,M-6216,Tampered,Late,1
712,205.92,electricity,Commercial,Los Angeles,65.91,off-peak,M-3021,Normal,On-Time,1
713,455.27,electricity,Residential,Los Angeles,175.45,peak,M-1375,Tampered,On-Time,1
714,265.76,gas,Residential,Chicago,237.93,off-peak,M-4719,Tampered,Late,1
715,247.94,electricity,Commercial,Houston,261.64,peak,M-2220,Normal,On-Time,0
716,379.04,gas,Commercial,Chicago,207.31,off-peak,M-3676,Normal,On-Time,0
717,135.3,electricity,Residential,New York,48.04,off-peak,M-2380,Normal,On-Time,1
718,253.8,electricity,Commercial,Dallas,167.3,peak,M-6541,Tampered,On-Time,1
719,413.43,electricity,Commercial,Chicago,78.26,off-peak,M-2406,Tampered,On-Time,1
720,391.92,electricity,Commercial,Houston,462.39,off-peak,M-3413,Normal,On-Time,0
721,183.59,gas,Commercial,Chicago,86.42,peak,M-7085,Tampered,On-Time,1
722,442.32,gas,Commercial,Chicago,214.83,peak,M-5748,Normal,On-Time,1
723,423.25,electricity,Commercial,Boston,105.78,peak,M-6958,Normal,On-Time,1
724,477.39,gas,Commercial,Los Angeles,258.25,off-peak,M-8605,Tampered,Late,1
725,114.67,gas,Commercial,New York,84.31,off-peak,M-8224,Normal,On-Time,0
726,399.11,electricity,Residential,Seattle,445.71,peak,M-9920,Normal,On-Time,0
727,381.74,gas,Residential,Houston,106.58,off-peak,M-6678,Tampered,Late,1
728,239.72,gas,Residential,New York,245.44,peak,M-2669,Normal,Late,0
729,287.62,electricity,Commercial,Dallas,324.58,peak,M-7156,Tampered,On-Time,1
730,265.23,electricity,Commercial,Houston,29.57,peak,M-7590,Tampered,Late,1
731,201.91,electricity,Commercial,Dallas,179.56,off-peak,M-2849,Normal,On-Time,0
732,146.44,electricity,Commercial,Miami,362.9,off-peak,M-3813,Tampered,On-Time,1
733,432.51,electricity,Commercial,Chicago,38.16,off-peak,M-7513,Normal,On-Time,1
734,49.04,gas,Residential,Boston,145.65,off-peak,M-6851,Normal,Late,0
735,187.54,gas,Commercial,Miami,337.15,peak,M-1695,Tampered,Late,1
736,230.32,electricity,Residential,Los Angeles,400.51,off-peak,M-5723,Normal,On-Time,0
737,71.92,gas,Residential,Houston,51.26,off-peak,M-7261,Tampered,Late,1
738,167.62,electricity,Commercial,Dallas,9.35,peak,M-6035,Normal,Late,1
739,115.1,electricity,Residential,Dallas,97.64,off-peak,M-7986,Tampered,Late,1
740,3.28,gas,Residential,Boston,116.71,off-peak,M-2851,Tampered,On-Time,1
741,226.37,gas,Residential,Seattle,68.86,peak,M-2603,Tampered,Late,1
742,343.54,electricity,Residential,Los Angeles,260.39,peak,M-8745,Tampered,Late,1
743,318.06,gas,Commercial,Boston,338.87,peak,M-5705,Normal,Late,0
744,77.67,gas,Residential,Los Angeles,229.79,off-peak,M-9049,Tampered,Late,1
745,361.16,gas,Commercial,Seattle,289.54,peak,M-7913,Tampered,Late,1
746,64.97,gas,Residential,Chicago,216.18,peak,M-5089,Tampered,Late,1
747,315.62,electricity,Residential,Los Angeles,371.6,off-peak,M-1986,Tampered,On-Time,1
748,205.24,gas,Commercial,Seattle,85.92,peak,M-2679,Normal,On-Time,1
749,282.49,gas,Commercial,Houston,130,peak,M-3449,Tampered,Late,1
750,222.29,electricity,Residential,Los Angeles,352.55,peak,M-1747,Normal,On-Time,0
751,325.13,gas,Residential,Boston,105.33,off-peak,M-8068,Normal,Late,1
752,333.58,electricity,Commercial,Houston,150.82,peak,M-4265,Normal,Late,1
753,33.41,gas,Commercial,Miami,331.05,off-peak,M-6923,Normal,On-Time,0
754,338.94,gas,Commercial,Boston,263.74,off-peak,M-7593,Normal,On-Time,0
755,338.17,gas,Commercial,Houston,353.49,peak,M-2812,Tampered,On-Time,1
756,169.42,gas,Residential,Chicago,166.05,peak,M-7833,Normal,Late,0
757,381.36,gas,Residential,Miami,7.4,off-peak,M-2102,Tampered,Late,1
758,358.82,gas,Commercial,Boston,397.74,off-peak,M-7531,Normal,Late,0
759,391.63,gas,Commercial,Seattle,495.49,off-peak,M-3790,Normal,Late,0
760,209.28,electricity,Commercial,Chicago,313.01,peak,M-8463,Normal,On-Time,0
761,357.62,electricity,Commercial,Miami,346.4,peak,M-3918,Normal,On-Time,0
762,5.49,electricity,Commercial,Los Angeles,386.08,off-peak,M-9491,Normal,On-Time,0
763,31.03,gas,Residential,Boston,11.15,peak,M-7181,Normal,Late,1
764,287.42,gas,Commercial,Houston,488.54,off-peak,M-2504,Normal,Late,0
765,136.6,electricity,Commercial,Boston,149.27,off-peak,M-3195,Tampered,On-Time,1
766,429.68,electricity,Commercial,Los Angeles,183.09,off-peak,M-8150,Normal,On-Time,1
767,183.07,electricity,Residential,Seattle,59.63,peak,M-3399,Normal,Late,1
768,204.54,gas,Residential,Miami,48.94,off-peak,M-7312,Normal,Late,1
769,413.48,gas,Residential,Seattle,151.71,peak,M-1208,Normal,On-Time,1
770,68.73,gas,Commercial,Los Angeles,355.55,peak,M-2025,Normal,Late,0
771,121.46,electricity,Commercial,Los Angeles,8.91,peak,M-7292,Normal,Late,1
772,338.1,electricity,Commercial,Dallas,379.84,off-peak,M-8217,Tampered,Late,1
773,43.71,gas,Residential,Dallas,443.14,off-peak,M-3221,Normal,Late,0
774,254.21,gas,Residential,Chicago,199.59,peak,M-1127,Tampered,On-Time,1
775,237.72,gas,Residential,Houston,427.22,peak,M-3812,Tampered,Late,1
776,437.74,gas,Residential,Los Angeles,15.49,off-peak,M-3072,Normal,Late,1
777,359.23,electricity,Commercial,New York,360.81,peak,M-9608,Tampered,Late,1
778,484.37,gas,Residential,Houston,256.02,off-peak,M-9309,Normal,On-Time,0
779,165.79,electricity,Commercial,Dallas,142.19,off-peak,M-2290,Normal,Late,0
780,20.2,electricity,Commercial,Chicago,224.28,off-peak,M-6025,Normal,On-Time,0
781,29.47,gas,Commercial,Boston,188.26,peak,M-2375,Tampered,On-Time,1
782,301.9,gas,Commercial,New York,296.2,peak,M-5258,Tampered,Late,1
783,63.47,electricity,Residential,Chicago,59.24,peak,M-2769,Tampered,Late,1
784,218.87,gas,Residential,Chicago,7.16,peak,M-8139,Normal,On-Time,1
785,397.92,gas,Residential,Houston,489.97,peak,M-9492,Normal,Late,0
786,166.36,electricity,Residential,Miami,217.7,off-peak,M-5334,Tampered,Late,1
787,93.93,gas,Residential,Boston,459.69,peak,M-9240,Normal,Late,0
788,154.56,electricity,Commercial,Seattle,264.94,off-peak,M-3265,Tampered,Late,1
789,303.94,gas,Residential,Miami,42.57,peak,M-1918,Tampered,On-Time,1
790,361.05,gas,Residential,Chicago,318,peak,M-5112,Tampered,On-Time,1
791,249.25,gas,Residential,Boston,126.73,off-peak,M-3188,Tampered,Late,1
792,18.08,electricity,Residential,Miami,368.24,peak,M-3396,Normal,Late,0
793,187.76,electricity,Residential,Los Angeles,146.14,off-peak,M-6296,Normal,Late,0
794,127.75,electricity,Residential,Seattle,73.3,off-peak,M-6212,Tampered,Late,1
795,317.57,gas,Commercial,Seattle,276.67,off-peak,M-1859,Normal,Late,0
796,292.44,electricity,Commercial,Seattle,161.9,peak,M-7910,Tampered,On-Time,1
797,375.23,electricity,Residential,Dallas,422.21,off-peak,M-8735,Tampered,On-Time,1
798,237.07,gas,Residential,New York,200.41,peak,M-7619,Normal,On-Time,0
799,402.33,electricity,Residential,Dallas,1.19,peak,M-3944,Tampered,Late,1
800,300.27,electricity,Residential,Miami,440.13,peak,M-7454,Normal,Late,0
801,23.4,gas,Residential,Chicago,453.51,off-peak,M-8419,Normal,On-Time,0
802,357.3,electricity,Residential,Chicago,46.05,peak,M-4969,Normal,On-Time,1
803,337.27,gas,Residential,Chicago,468.93,off-peak,M-4703,Tampered,Late,1
804,477.93,electricity,Commercial,Los Angeles,313.41,peak,M-6431,Tampered,Late,1
805,388.06,gas,Commercial,Chicago,312.84,peak,M-8901,Tampered,On-Time,1
806,43.12,electricity,Residential,Los Angeles,131.52,peak,M-2346,Normal,On-Time,0
807,44.71,gas,Residential,Los Angeles,403.44,off-peak,M-3205,Tampered,Late,1
808,406.71,gas,Commercial,Los Angeles,434.24,off-peak,M-1462,Normal,On-Time,0
809,329.64,electricity,Commercial,Miami,140.79,peak,M-7571,Normal,On-Time,1
810,494,electricity,Commercial,Los Angeles,302.52,off-peak,M-5022,Tampered,Late,1
811,332.89,gas,Residential,Miami,39.02,peak,M-2171,Tampered,On-Time,1
812,374.78,electricity,Residential,Seattle,451.25,off-peak,M-6918,Tampered,On-Time,1
813,454.21,gas,Residential,Boston,169.14,off-peak,M-3771,Normal,On-Time,1
814,254.53,gas,Residential,New York,200.85,off-peak,M-8206,Tampered,On-Time,1
815,448.27,electricity,Commercial,Los Angeles,357.43,peak,M-7084,Normal,Late,0
816,311.33,gas,Commercial,Chicago,185.88,off-peak,M-6066,Tampered,Late,1
817,409.93,electricity,Commercial,Los Angeles,479.7,peak,M-1850,Normal,Late,0
818,469.8,electricity,Commercial,Miami,286.34,off-peak,M-2405,Normal,Late,0
819,287.47,gas,Residential,Los Angeles,495.17,off-peak,M-1945,Tampered,On-Time,1
820,363.15,electricity,Residential,New York,243.52,peak,M-4548,Tampered,Late,1
821,108.29,electricity,Residential,Seattle,399.7,off-peak,M-1906,Tampered,On-Time,1
822,241.78,gas,Residential,Seattle,149.73,peak,M-6320,Tampered,On-Time,1
823,111.31,electricity,Commercial,Houston,192.31,peak,M-1447,Tampered,On-Time,1
824,300.1,gas,Residential,Dallas,328.93,off-peak,M-8601,Normal,On-Time,0
825,180.23,electricity,Residential,Dallas,340.05,peak,M-8222,Normal,On-Time,0
826,118.42,gas,Residential,Chicago,143.53,off-peak,M-5144,Normal,On-Time,0
827,156.36,electricity,Commercial,Los Angeles,218.85,peak,M-4849,Normal,On-Time,0
828,496.62,electricity,Residential,Boston,377.47,off-peak,M-4998,Tampered,Late,1
829,378.99,gas,Commercial,Chicago,1.55,peak,M-4239,Tampered,Late,1
830,110.65,electricity,Residential,Dallas,376.47,off-peak,M-3651,Tampered,Late,1
831,146.48,electricity,Commercial,Chicago,189.19,peak,M-6021,Tampered,Late,1
832,245.82,electricity,Commercial,Houston,325.63,off-peak,M-2988,Normal,On-Time,0
833,144.07,electricity,Commercial,Miami,363.48,off-peak,M-3734,Normal,On-Time,0
834,271.07,electricity,Commercial,Los Angeles,243.65,off-peak,M-3672,Tampered,Late,1
835,324.99,electricity,Commercial,New York,450.84,off-peak,M-6198,Tampered,Late,1
836,194.01,gas,Residential,Dallas,230.9,off-peak,M-7956,Normal,Late,0
837,28.9,electricity,Commercial,Seattle,184.56,peak,M-1105,Normal,On-Time,0
838,293.32,electricity,Residential,Seattle,231.79,off-peak,M-4943,Normal,Late,0
839,203.5,electricity,Commercial,Los Angeles,391.97,off-peak,M-4015,Tampered,Late,1
840,34.47,electricity,Commercial,Chicago,461.46,peak,M-2781,Normal,Late,0
841,54.34,electricity,Residential,Houston,414.76,off-peak,M-6768,Normal,On-Time,0
842,41.19,electricity,Residential,Houston,334.4,off-peak,M-7336,Tampered,On-Time,1
843,342.12,electricity,Commercial,Seattle,20.88,off-peak,M-3670,Tampered,Late,1
844,345.13,electricity,Commercial,Seattle,363.86,off-peak,M-8745,Tampered,On-Time,1
845,184.69,gas,Residential,Boston,453.48,off-peak,M-2012,Tampered,Late,1
846,467.88,gas,Commercial,Miami,140.88,peak,M-6456,Tampered,Late,1
847,435.84,gas,Residential,Boston,124.43,peak,M-5494,Normal,Late,1
848,387.67,electricity,Commercial,Los Angeles,448.78,off-peak,M-5650,Tampered,On-Time,1
849,93.84,gas,Commercial,New York,408.85,peak,M-1379,Normal,On-Time,0
850,327.54,gas,Commercial,Los Angeles,91.12,off-peak,M-8603,Tampered,Late,1
851,98.15,electricity,Residential,Houston,46.76,off-peak,M-9548,Normal,Late,1
852,366.84,electricity,Commercial,Boston,64.35,peak,M-1582,Normal,Late,1
853,229.8,electricity,Commercial,Houston,403.94,off-peak,M-1763,Normal,On-Time,0
854,293.75,electricity,Commercial,Boston,266.86,off-peak,M-7477,Tampered,On-Time,1
855,250.86,electricity,Residential,Seattle,456.72,peak,M-6162,Normal,On-Time,0
856,418.13,gas,Commercial,Los Angeles,20.6,off-peak,M-7831,Tampered,On-Time,1
857,385.69,gas,Commercial,Miami,401.67,peak,M-9527,Normal,On-Time,0
858,285.24,gas,Commercial,Chicago,355.17,off-peak,M-5789,Tampered,On-Time,1
859,487.2,electricity,Residential,Chicago,412.06,peak,M-2845,Tampered,Late,1
860,122.49,gas,Residential,Los Angeles,143.62,off-peak,M-3403,Normal,On-Time,0
861,320.56,gas,Commercial,Los Angeles,324.9,peak,M-2912,Tampered,Late,1
862,144.89,electricity,Commercial,Dallas,37.42,off-peak,M-8846,Tampered,On-Time,1
863,174.54,gas,Residential,Seattle,414.83,peak,M-4166,Normal,Late,0
864,13.09,gas,Commercial,Chicago,9.54,peak,M-9948,Normal,On-Time,0
865,374.72,gas,Residential,Houston,11.73,peak,M-5724,Tampered,On-Time,1
866,240.08,gas,Commercial,Dallas,237.82,off-peak,M-8029,Tampered,On-Time,1
867,0.13,gas,Residential,New York,304.07,peak,M-5903,Normal,On-Time,0
868,137.87,electricity,Commercial,Boston,104.83,peak,M-7679,Tampered,On-Time,1
869,32.14,electricity,Residential,Los Angeles,214.99,off-peak,M-6276,Normal,On-Time,0
870,340.73,electricity,Commercial,New York,26.66,off-peak,M-5506,Normal,On-Time,1
871,86.78,electricity,Residential,Boston,410.03,peak,M-5918,Tampered,On-Time,1
872,233,gas,Commercial,Houston,269.13,off-peak,M-5086,Normal,On-Time,0
873,309.14,gas,Residential,Los Angeles,30.36,off-peak,M-1854,Tampered,Late,1
874,295.83,gas,Residential,Chicago,2.32,peak,M-7375,Tampered,On-Time,1
875,2.37,electricity,Commercial,Chicago,232.72,off-peak,M-2442,Tampered,Late,1
876,194.45,gas,Commercial,Chicago,132.28,off-peak,M-4215,Tampered,Late,1
877,377.62,electricity,Residential,Miami,368.52,off-peak,M-1988,Normal,Late,0
878,301.41,electricity,Residential,Boston,102.37,off-peak,M-2814,Tampered,Late,1
879,466.8,gas,Commercial,New York,281.3,off-peak,M-8631,Normal,Late,0
880,26.7,gas,Commercial,Seattle,115.83,off-peak,M-9442,Normal,On-Time,0
881,111.73,electricity,Commercial,Chicago,492.06,off-peak,M-8213,Tampered,On-Time,1
882,25.05,gas,Commercial,New York,218.22,off-peak,M-5916,Tampered,On-Time,1
883,15.43,gas,Commercial,New York,306.93,off-peak,M-2757,Tampered,On-Time,1
884,353.21,gas,Residential,New York,47.74,peak,M-5691,Tampered,Late,1
885,314.94,gas,Residential,Boston,67.26,peak,M-6120,Tampered,On-Time,1
886,291.6,electricity,Commercial,Dallas,161.47,off-peak,M-6268,Normal,On-Time,0
887,443.87,gas,Commercial,Houston,304.45,off-peak,M-5755,Normal,Late,0
888,289.36,electricity,Residential,New York,285.23,peak,M-4645,Normal,Late,0
889,210.17,gas,Commercial,Houston,178.97,peak,M-9051,Normal,Late,0
890,436.27,electricity,Commercial,Dallas,37.64,peak,M-9947,Tampered,On-Time,1
891,330.34,gas,Commercial,Chicago,97.03,peak,M-9356,Normal,On-Time,1
892,302.17,gas,Commercial,Boston,111.72,off-peak,M-1221,Tampered,On-Time,1
893,172.71,electricity,Residential,Chicago,26.31,off-peak,M-9288,Tampered,Late,1
894,467.17,gas,Residential,New York,186.02,peak,M-1005,Tampered,Late,1
895,56.83,gas,Residential,Miami,325.39,off-peak,M-3317,Normal,Late,0
896,187.04,gas,Commercial,Houston,4.85,peak,M-9278,Normal,Late,1
897,236.32,electricity,Residential,Chicago,456,peak,M-2373,Normal,Late,0
898,362.48,electricity,Commercial,Miami,171.27,peak,M-8020,Normal,On-Time,1
899,57.4,gas,Residential,Seattle,134.91,peak,M-1940,Normal,Late,0
900,309.68,gas,Residential,Boston,90.37,peak,M-1226,Normal,Late,1
901,82.4,electricity,Residential,Miami,273.45,peak,M-1128,Normal,On-Time,0
902,484.23,gas,Commercial,Los Angeles,151.55,off-peak,M-3866,Normal,On-Time,1
903,38.31,gas,Commercial,Seattle,378.17,peak,M-4778,Tampered,On-Time,1
904,282.97,electricity,Commercial,Boston,5.9,peak,M-8219,Tampered,On-Time,1
905,259.75,electricity,Commercial,New York,325.92,peak,M-5605,Tampered,Late,1
906,242.69,electricity,Residential,Los Angeles,69.23,peak,M-8824,Normal,On-Time,1
907,172.15,electricity,Residential,Miami,115.31,off-peak,M-2807,Normal,Late,0
908,423.5,electricity,Commercial,New York,280.91,peak,M-6121,Normal,Late,0
909,124.35,electricity,Commercial,Houston,236.72,off-peak,M-7657,Tampered,On-Time,1
910,284.76,gas,Commercial,Seattle,316.62,off-peak,M-7001,Tampered,Late,1
911,64.11,electricity,Commercial,Miami,128.63,off-peak,M-3642,Normal,Late,0
912,218.58,gas,Commercial,New York,160.92,peak,M-8508,Normal,On-Time,0
913,62.65,electricity,Residential,Miami,219.54,off-peak,M-3735,Normal,Late,0
914,325.37,electricity,Commercial,Boston,132.44,off-peak,M-4108,Tampered,Late,1
915,177.04,electricity,Commercial,Dallas,270.22,off-peak,M-4684,Normal,On-Time,0
916,461.94,electricity,Residential,Houston,272.01,off-peak,M-8951,Normal,Late,0
917,365.54,gas,Residential,Houston,77.4,peak,M-1465,Normal,On-Time,1
918,195.95,electricity,Residential,Los Angeles,256.03,off-peak,M-1558,Normal,Late,0
919,403.79,gas,Residential,Los Angeles,140.46,peak,M-1704,Tampered,Late,1
920,99.36,electricity,Residential,Seattle,160.08,peak,M-5663,Normal,On-Time,0
921,138.69,electricity,Commercial,Boston,324.32,off-peak,M-8026,Tampered,On-Time,1
922,274.9,gas,Commercial,Chicago,118.72,peak,M-9638,Normal,Late,1
923,376.02,gas,Commercial,New York,487.26,off-peak,M-1976,Tampered,Late,1
924,130.99,electricity,Commercial,Chicago,60.42,peak,M-6627,Normal,On-Time,1
925,129.86,electricity,Residential,Seattle,216.92,peak,M-9517,Normal,On-Time,0
926,370.76,electricity,Residential,Boston,314.09,peak,M-9318,Tampered,On-Time,1
927,15.96,electricity,Residential,Houston,54.83,peak,M-9472,Normal,On-Time,0
928,382.83,electricity,Residential,New York,495.23,off-peak,M-3163,Tampered,On-Time,1
929,429.6,gas,Residential,Houston,271.24,off-peak,M-6381,Tampered,Late,1
930,438.14,gas,Residential,Dallas,495.49,peak,M-5632,Tampered,Late,1
931,390.87,electricity,Commercial,Chicago,351.4,peak,M-8272,Normal,On-Time,0
932,271.51,gas,Commercial,New York,57.55,peak,M-9947,Normal,On-Time,1
933,475.96,gas,Residential,Seattle,429.74,peak,M-4136,Tampered,Late,1
934,55.21,gas,Commercial,Seattle,196.3,off-peak,M-4454,Normal,On-Time,0
935,222.05,electricity,Commercial,Dallas,43.65,off-peak,M-8168,Normal,Late,1
936,100.51,electricity,Residential,Houston,394.12,peak,M-7524,Normal,Late,0
937,252.53,gas,Residential,Boston,429.72,peak,M-5997,Tampered,On-Time,1
938,303.53,electricity,Residential,Miami,448.73,off-peak,M-2198,Tampered,On-Time,1
939,302.59,gas,Residential,Seattle,347.54,peak,M-6902,Normal,Late,0
940,87.22,electricity,Commercial,Houston,153.65,peak,M-1849,Tampered,On-Time,1
941,472.75,electricity,Residential,Houston,319.68,peak,M-5090,Normal,On-Time,0
942,9.63,electricity,Commercial,Chicago,90.18,peak,M-7560,Tampered,Late,1
943,446.77,electricity,Commercial,Dallas,116.27,off-peak,M-8177,Tampered,On-Time,1
944,299.73,electricity,Commercial,Los Angeles,347.18,off-peak,M-7964,Normal,Late,0
945,220.41,gas,Commercial,Los Angeles,97.37,off-peak,M-5987,Tampered,On-Time,1
946,106.22,gas,Commercial,Houston,275.8,off-peak,M-9641,Normal,Late,0
947,243.68,gas,Commercial,Houston,359.09,off-peak,M-8002,Tampered,On-Time,1
948,372.27,gas,Residential,Dallas,231.82,peak,M-3470,Tampered,Late,1
949,337.23,electricity,Commercial,Chicago,493.14,peak,M-6053,Tampered,Late,1
950,0.65,gas,Residential,Miami,210.85,off-peak,M-9438,Tampered,On-Time,1
951,41.91,electricity,Commercial,Dallas,344.35,peak,M-6115,Tampered,Late,1
952,84.93,gas,Residential,Chicago,406.56,peak,M-5545,Normal,Late,0
953,184.5,gas,Residential,Los Angeles,233.71,peak,M-9841,Tampered,Late,1
954,45.1,gas,Residential,Chicago,85.63,off-peak,M-4620,Normal,Late,0
955,249.04,gas,Residential,Seattle,437.79,peak,M-6521,Normal,On-Time,0
956,85.67,gas,Residential,Chicago,264.6,peak,M-4093,Tampered,On-Time,1
957,101.92,electricity,Commercial,Houston,147.72,off-peak,M-7232,Tampered,On-Time,1
958,177.81,electricity,Residential,Miami,15.84,off-peak,M-2268,Tampered,Late,1
959,316.57,electricity,Commercial,Los Angeles,86.19,peak,M-3593,Normal,On-Time,1
960,289.02,gas,Residential,Miami,454.63,peak,M-3253,Tampered,Late,1
961,432.33,electricity,Commercial,Houston,134.64,off-peak,M-9371,Normal,Late,1
962,440.94,electricity,Commercial,Houston,243.34,peak,M-8760,Normal,On-Time,0
963,451.42,gas,Commercial,Dallas,163.03,peak,M-7521,Tampered,Late,1
964,23.78,electricity,Residential,Boston,487.07,off-peak,M-7990,Tampered,Late,1
965,69.31,electricity,Residential,Seattle,351.39,off-peak,M-6397,Tampered,On-Time,1
966,470.94,gas,Commercial,New York,121.36,off-peak,M-2860,Normal,On-Time,1
967,472.91,gas,Residential,Los Angeles,440.25,peak,M-3624,Normal,Late,0
968,235.61,gas,Commercial,New York,129.34,off-peak,M-8716,Normal,On-Time,0
969,1.57,gas,Residential,Chicago,94.48,peak,M-4289,Normal,Late,0
970,419.18,gas,Residential,New York,229.3,off-peak,M-4072,Normal,Late,0
971,265.84,gas,Residential,Dallas,393.1,off-peak,M-2014,Normal,On-Time,0
972,268.5,electricity,Commercial,Los Angeles,124.34,peak,M-8919,Normal,On-Time,1
973,462.45,gas,Commercial,Seattle,333.01,off-peak,M-9855,Normal,Late,0
974,308.34,electricity,Commercial,Chicago,129.01,peak,M-2370,Normal,Late,1
975,115.61,electricity,Residential,Boston,7.71,off-peak,M-2338,Tampered,On-Time,1
976,340.9,gas,Commercial,Los Angeles,20.91,peak,M-3505,Tampered,On-Time,1
977,230.33,gas,Residential,New York,362.49,off-peak,M-9810,Tampered,On-Time,1
978,278.94,electricity,Commercial,Houston,317.18,peak,M-6903,Tampered,Late,1
979,1.34,gas,Residential,Dallas,410.4,off-peak,M-2327,Normal,On-Time,0
980,388.5,gas,Commercial,Boston,357.72,peak,M-7351,Tampered,Late,1
981,6.64,gas,Residential,New York,16.28,peak,M-8492,Tampered,Late,1
982,305.49,gas,Residential,Seattle,114.74,off-peak,M-7543,Tampered,On-Time,1
983,243.61,electricity,Residential,Boston,345.89,peak,M-8959,Normal,On-Time,0
984,343.03,gas,Residential,Houston,41.1,off-peak,M-2095,Tampered,On-Time,1
985,135.32,electricity,Residential,New York,411.99,off-peak,M-7540,Tampered,Late,1
986,267.88,gas,Residential,Chicago,212.06,off-peak,M-8949,Normal,Late,0
987,224.41,electricity,Residential,Houston,211.81,off-peak,M-9207,Tampered,Late,1
988,357.8,electricity,Residential,New York,19.72,peak,M-8030,Tampered,Late,1
989,77.64,gas,Residential,Seattle,309.13,peak,M-4149,Normal,Late,0
990,471.98,electricity,Commercial,New York,151.49,off-peak,M-9758,Tampered,On-Time,1
991,453.42,electricity,Residential,Houston,404.07,off-peak,M-5066,Tampered,On-Time,1
992,361.19,electricity,Residential,Chicago,428.71,peak,M-3099,Tampered,On-Time,1
993,367.02,gas,Residential,Houston,468.88,peak,M-7554,Normal,On-Time,0
994,176.99,electricity,Residential,Dallas,293.01,peak,M-8290,Tampered,On-Time,1
995,425.78,electricity,Commercial,Seattle,53,off-peak,M-3534,Normal,On-Time,1
996,140.62,electricity,Commercial,Houston,417.44,off-peak,M-9034,Tampered,Late,1
997,94.52,electricity,Commercial,Boston,246.73,peak,M-1846,Normal,Late,0
998,328.91,electricity,Residential,New York,209.44,off-peak,M-5184,Normal,On-Time,0
999,309.55,electricity,Residential,Seattle,211.32,off-peak,M-7199,Tampered,Late,1
1000,252.4,gas,Residential,Boston,64.33,off-peak,M-2249,Normal,On-Time,1
1001,331.78,electricity,Commercial,Miami,391.37,off-peak,M-6711,Tampered,On-Time,1
1002,225.41,electricity,Commercial,Houston,65.14,off-peak,M-4934,Normal,On-Time,1
1003,219.41,electricity,Commercial,Miami,92.94,off-peak,M-4126,Tampered,On-Time,1
1004,406.83,electricity,Residential,Houston,375.25,off-peak,M-5959,Tampered,Late,1
1005,271.82,electricity,Residential,New York,33.71,peak,M-5984,Normal,Late,1
1006,150.84,gas,Commercial,Miami,65.02,off-peak,M-8584,Tampered,Late,1
1007,438.52,electricity,Commercial,Dallas,408.16,peak,M-7558,Tampered,Late,1
1008,130.69,electricity,Commercial,Boston,418.46,off-peak,M-6083,Tampered,On-Time,1
1009,143.86,electricity,Residential,Boston,385.73,off-peak,M-5317,Normal,Late,0
1010,90.03,electricity,Commercial,Miami,69.18,peak,M-6731,Normal,Late,0
1011,328.4,electricity,Residential,Seattle,229.68,off-peak,M-1271,Normal,Late,0
1012,184.22,gas,Commercial,Los Angeles,300.75,off-peak,M-6841,Tampered,Late,1
1013,426.16,electricity,Commercial,Houston,229.43,peak,M-1216,Tampered,Late,1
1014,82.84,gas,Residential,Miami,265.15,off-peak,M-6752,Normal,Late,0
1015,339.2,electricity,Residential,Seattle,27.44,off-peak,M-6497,Normal,On-Time,1
1016,173.38,gas,Commercial,Los Angeles,232.86,off-peak,M-1287,Normal,Late,0
1017,204.89,gas,Commercial,Boston,480.18,peak,M-7851,Normal,On-Time,0
1018,216.61,electricity,Commercial,New York,252.22,off-peak,M-8823,Normal,On-Time,0
1019,280.91,electricity,Commercial,New York,3.89,off-peak,M-4498,Normal,On-Time,1
1020,380.38,electricity,Residential,Los Angeles,432.19,peak,M-7410,Normal,Late,0
1021,420.86,gas,Residential,New York,232.46,off-peak,M-2694,Tampered,Late,1
1022,137.85,gas,Commercial,Los Angeles,367.85,off-peak,M-2298,Normal,Late,0
1023,101.59,gas,Commercial,Seattle,358.29,peak,M-3233,Normal,Late,0
1024,87.63,gas,Residential,Chicago,294.13,off-peak,M-8264,Tampered,On-Time,1
1025,431.31,electricity,Residential,Miami,366.32,peak,M-8687,Normal,On-Time,0
1026,153.26,gas,Commercial,Houston,438.04,peak,M-8872,Tampered,On-Time,1
1027,284.95,gas,Residential,Dallas,296.78,peak,M-6050,Tampered,Late,1
1028,261.49,gas,Residential,Los Angeles,69.72,off-peak,M-9324,Normal,Late,1
1029,424.1,electricity,Residential,Seattle,189.66,peak,M-1211,Normal,On-Time,1
1030,128.8,electricity,Commercial,Boston,310.05,off-peak,M-1101,Normal,Late,0
1031,104.9,electricity,Residential,Chicago,362.29,off-peak,M-5470,Normal,Late,0
1032,196.36,electricity,Commercial,Houston,198.11,off-peak,M-2347,Tampered,Late,1
1033,276,gas,Commercial,Chicago,321.5,off-peak,M-7402,Normal,On-Time,0
1034,432.1,gas,Residential,Dallas,488.12,peak,M-2899,Tampered,On-Time,1
1035,408.09,electricity,Commercial,Chicago,120.88,peak,M-8364,Normal,Late,1
1036,35.99,electricity,Residential,Los Angeles,315.33,off-peak,M-8398,Tampered,On-Time,1
1037,475.93,electricity,Commercial,Chicago,495.13,off-peak,M-7046,Normal,On-Time,0
1038,437.84,electricity,Residential,Chicago,133.93,peak,M-6866,Normal,Late,1
1039,60.87,electricity,Commercial,Los Angeles,197.36,off-peak,M-4240,Normal,Late,0
1040,81.61,gas,Residential,Dallas,237.24,off-peak,M-6055,Tampered,On-Time,1
1041,131.1,gas,Commercial,Boston,482.23,peak,M-8275,Tampered,Late,1
1042,467.88,electricity,Commercial,Houston,195.37,off-peak,M-7356,Tampered,On-Time,1
1043,228.81,gas,Residential,Seattle,4.28,off-peak,M-6340,Tampered,On-Time,1
1044,124.92,electricity,Commercial,Los Angeles,367.65,peak,M-9642,Tampered,On-Time,1
1045,50.07,electricity,Commercial,New York,298.17,off-peak,M-8917,Normal,Late,0
1046,239.2,electricity,Commercial,Dallas,55.54,peak,M-2032,Tampered,On-Time,1
1047,308.52,electricity,Residential,Los Angeles,489.51,off-peak,M-1199,Normal,On-Time,0
1048,218.26,gas,Residential,Boston,75.44,peak,M-5910,Tampered,On-Time,1
1049,19.58,gas,Commercial,Houston,0.83,peak,M-4094,Normal,Late,1
1050,257.13,gas,Residential,Seattle,189.4,off-peak,M-4017,Normal,On-Time,0
1051,144.31,electricity,Commercial,Seattle,421.05,off-peak,M-3182,Normal,Late,0
1052,404.8,electricity,Commercial,Los Angeles,456.73,off-peak,M-3240,Normal,On-Time,0
1053,482.55,electricity,Commercial,New York,133.41,peak,M-8140,Tampered,Late,1
1054,360.25,electricity,Commercial,Chicago,177.34,off-peak,M-7735,Tampered,On-Time,1
1055,183.23,electricity,Residential,Boston,94.38,peak,M-2680,Normal,Late,0
1056,24.85,electricity,Commercial,Boston,100.98,off-peak,M-8553,Tampered,On-Time,1
1057,200.71,electricity,Commercial,Miami,107.27,off-peak,M-9884,Tampered,On-Time,1
1058,465.69,gas,Residential,Dallas,260.56,peak,M-5348,Tampered,Late,1
1059,55.22,electricity,Commercial,Miami,439.38,peak,M-8075,Normal,Late,0
1060,486.17,gas,Commercial,Dallas,286.85,peak,M-5536,Normal,Late,0
1061,136.26,electricity,Residential,New York,414.51,off-peak,M-9983,Tampered,Late,1
1062,472.57,electricity,Commercial,New York,41.4,off-peak,M-4100,Normal,Late,1
1063,203.08,electricity,Residential,Chicago,220.52,off-peak,M-6380,Tampered,On-Time,1
1064,80.79,gas,Commercial,Dallas,92.11,peak,M-8972,Tampered,On-Time,1
1065,20.76,electricity,Commercial,Dallas,303.72,peak,M-7739,Normal,Late,0
1066,57.48,electricity,Residential,Dallas,154.12,peak,M-8083,Normal,Late,0
1067,355.92,gas,Commercial,Boston,28.5,peak,M-5878,Tampered,Late,1
1068,64.36,electricity,Residential,Boston,488.75,off-peak,M-3777,Normal,Late,0
1069,86.39,gas,Residential,Houston,83.49,off-peak,M-8722,Tampered,On-Time,1
1070,177.24,gas,Residential,Boston,112.55,off-peak,M-5428,Normal,On-Time,0
1071,482.16,electricity,Residential,Chicago,482.43,off-peak,M-1572,Tampered,On-Time,1
1072,11.16,gas,Commercial,Houston,323.86,off-peak,M-4345,Tampered,On-Time,1
1073,470.22,electricity,Commercial,New York,381.08,peak,M-8685,Tampered,On-Time,1
1074,252.64,electricity,Commercial,New York,231.02,peak,M-4280,Tampered,Late,1
1075,13.54,gas,Residential,Los Angeles,364.71,off-peak,M-3945,Tampered,On-Time,1
1076,33.82,gas,Commercial,Boston,204.19,peak,M-9193,Tampered,Late,1
1077,379.69,electricity,Residential,New York,375.12,off-peak,M-7737,Tampered,On-Time,1
1078,366.1,gas,Residential,Houston,378.61,off-peak,M-7346,Tampered,On-Time,1
1079,154.25,gas,Residential,Houston,389.49,peak,M-5304,Tampered,On-Time,1
1080,314.98,electricity,Residential,New York,266,peak,M-8584,Normal,Late,0
1081,464.54,gas,Commercial,Miami,163.95,peak,M-5506,Normal,On-Time,1
1082,177.12,gas,Residential,Seattle,494.83,off-peak,M-7447,Normal,On-Time,0
1083,391.48,gas,Residential,Seattle,155.27,peak,M-1067,Tampered,Late,1
1084,58.4,electricity,Residential,Dallas,121.55,peak,M-6347,Tampered,On-Time,1
1085,77.61,electricity,Residential,Chicago,350.25,off-peak,M-2160,Tampered,Late,1
1086,194.33,gas,Residential,Boston,366.7,off-peak,M-8866,Tampered,Late,1
1087,346.25,gas,Commercial,Miami,446.44,peak,M-8059,Normal,On-Time,0
1088,260.36,electricity,Commercial,Chicago,356.52,off-peak,M-5300,Tampered,Late,1
1089,190.09,gas,Commercial,Boston,368.49,off-peak,M-3360,Tampered,Late,1
1090,427.59,electricity,Commercial,Chicago,139.78,off-peak,M-4711,Normal,Late,1
1091,2.21,gas,Residential,Houston,306.02,peak,M-2292,Tampered,On-Time,1
1092,368.49,electricity,Commercial,New York,96.24,peak,M-5504,Normal,Late,1
1093,192.21,gas,Residential,Boston,480.7,peak,M-5872,Normal,On-Time,0
1094,204.26,gas,Commercial,Los Angeles,12.43,peak,M-1756,Tampered,Late,1
1095,383.14,electricity,Residential,New York,134.6,peak,M-7787,Normal,Late,1
1096,175.46,gas,Commercial,New York,206.51,off-peak,M-8834,Normal,Late,0
1097,312.44,electricity,Residential,New York,344.97,peak,M-8197,Tampered,Late,1
1098,75.99,electricity,Commercial,Los Angeles,273.24,peak,M-6069,Normal,On-Time,0
1099,394.3,gas,Commercial,New York,33.96,peak,M-1269,Normal,On-Time,1
1100,19.48,gas,Residential,Houston,51.65,peak,M-8901,Tampered,On-Time,1
1101,478.63,gas,Commercial,Los Angeles,258.17,peak,M-2376,Normal,Late,0
1102,463.46,electricity,Commercial,New York,420.08,off-peak,M-7392,Tampered,Late,1
1103,63.96,gas,Residential,New York,424.08,off-peak,M-5500,Tampered,On-Time,1
1104,496.04,electricity,Residential,Los Angeles,407.15,peak,M-4289,Normal,On-Time,0
1105,260.97,gas,Commercial,Chicago,138.99,off-peak,M-4164,Tampered,Late,1
1106,484.74,electricity,Commercial,New York,347.4,off-peak,M-1267,Normal,On-Time,0
1107,353.81,electricity,Residential,New York,463.77,peak,M-5659,Normal,On-Time,0
1108,122.83,gas,Commercial,Seattle,245.82,off-peak,M-2432,Tampered,On-Time,1
1109,81.21,gas,Commercial,Dallas,377,peak,M-3936,Tampered,Late,1
1110,53.36,gas,Residential,New York,326.37,off-peak,M-4559,Normal,Late,0
1111,471.97,gas,Residential,Seattle,155.15,peak,M-7200,Tampered,On-Time,1
1112,2.44,gas,Commercial,Houston,14.82,off-peak,M-2823,Tampered,On-Time,1
1113,451.86,electricity,Commercial,Los Angeles,472.76,off-peak,M-7382,Tampered,Late,1
1114,451.94,electricity,Residential,Houston,160.82,off-peak,M-5498,Tampered,On-Time,1
1115,358.43,gas,Residential,Dallas,378.63,off-peak,M-9815,Normal,On-Time,0
1116,230.37,electricity,Commercial,Miami,388.17,peak,M-8861,Tampered,Late,1
1117,398.26,electricity,Residential,Los Angeles,491.09,off-peak,M-6645,Normal,On-Time,0
1118,266.49,electricity,Commercial,Houston,347.28,peak,M-3044,Tampered,Late,1
1119,405.21,electricity,Residential,Seattle,230.95,peak,M-8349,Normal,On-Time,0
1120,184.04,gas,Commercial,Dallas,270.8,peak,M-2149,Normal,On-Time,0
1121,177,gas,Residential,Los Angeles,290.27,peak,M-5734,Tampered,Late,1
1122,48.03,gas,Residential,Houston,128.35,off-peak,M-4146,Tampered,Late,1
1123,192.29,electricity,Commercial,Miami,243.08,off-peak,M-3296,Normal,On-Time,0
1124,20.25,electricity,Residential,Miami,75.89,off-peak,M-3923,Normal,On-Time,0
1125,370.17,electricity,Commercial,Boston,56.16,off-peak,M-5687,Normal,On-Time,1
1126,32.06,electricity,Residential,Dallas,379.51,off-peak,M-4378,Normal,On-Time,0
1127,177.83,electricity,Residential,Los Angeles,157,peak,M-6409,Normal,On-Time,0
1128,24.75,gas,Residential,Chicago,247.94,off-peak,M-2466,Normal,On-Time,0
1129,461.6,electricity,Residential,Houston,488.57,off-peak,M-2274,Tampered,Late,1
1130,487.4,gas,Residential,Dallas,272.47,peak,M-9391,Tampered,On-Time,1
1131,281.05,electricity,Residential,Chicago,313.53,peak,M-2073,Normal,On-Time,0
1132,484.87,gas,Residential,Seattle,92.85,peak,M-5197,Tampered,Late,1
1133,44.66,gas,Commercial,Los Angeles,40.39,off-peak,M-2038,Tampered,Late,1
1134,443.43,gas,Commercial,New York,497.76,off-peak,M-1730,Tampered,Late,1
1135,406.16,gas,Residential,Dallas,2.01,peak,M-8176,Tampered,On-Time,1
1136,188.15,electricity,Commercial,Dallas,1.22,off-peak,M-8696,Tampered,On-Time,1
1137,288.75,gas,Commercial,Dallas,167.58,off-peak,M-6263,Normal,On-Time,0
1138,168.85,gas,Residential,Los Angeles,153.3,peak,M-9266,Tampered,On-Time,1
1139,213.96,gas,Commercial,Dallas,260.25,off-peak,M-3985,Normal,On-Time,0
1140,200.71,electricity,Commercial,Seattle,145.47,peak,M-9481,Normal,Late,0
1141,199.76,gas,Residential,Los Angeles,491.85,peak,M-3025,Tampered,Late,1
1142,464.56,electricity,Commercial,Miami,408.79,peak,M-7822,Tampered,On-Time,1
1143,415.05,gas,Residential,New York,462.21,peak,M-3926,Normal,Late,0
1144,399.47,electricity,Commercial,Boston,463.29,peak,M-6928,Tampered,Late,1
1145,128.57,gas,Commercial,Los Angeles,311.23,peak,M-6919,Normal,On-Time,0
1146,403.15,gas,Residential,Seattle,30.34,off-peak,M-8980,Tampered,Late,1
1147,223.66,gas,Commercial,New York,263.24,off-peak,M-3601,Normal,On-Time,0
1148,326.95,electricity,Residential,Dallas,330.75,peak,M-2373,Normal,Late,0
1149,228.05,gas,Commercial,New York,461.69,peak,M-8320,Tampered,Late,1
1150,263.21,electricity,Residential,Chicago,449.14,peak,M-8209,Tampered,On-Time,1
1151,400.59,gas,Residential,Seattle,225.19,peak,M-1614,Tampered,On-Time,1
1152,73.33,electricity,Commercial,Boston,395.49,peak,M-7792,Tampered,Late,1
1153,236.69,electricity,Residential,Los Angeles,343.56,off-peak,M-5418,Normal,On-Time,0
1154,462.35,gas,Commercial,Miami,254.71,off-peak,M-7608,Tampered,On-Time,1
1155,147.13,electricity,Commercial,New York,373.4,off-peak,M-7313,Tampered,Late,1
1156,235.53,gas,Residential,New York,204.94,peak,M-8183,Normal,On-Time,0
1157,6.03,electricity,Commercial,Miami,35.12,off-peak,M-7262,Tampered,On-Time,1
1158,283.75,electricity,Residential,Chicago,232.5,off-peak,M-5699,Tampered,Late,1
1159,395.04,gas,Commercial,Miami,425.14,peak,M-8228,Tampered,Late,1
1160,119.98,electricity,Commercial,Los Angeles,339.27,peak,M-1054,Normal,Late,0
1161,366.94,gas,Commercial,Dallas,423.4,peak,M-6093,Normal,Late,0
1162,107.26,electricity,Residential,Miami,374.98,off-peak,M-2697,Tampered,Late,1
1163,293.05,gas,Residential,Dallas,35.76,peak,M-2887,Normal,On-Time,1
1164,279.97,electricity,Commercial,Houston,440.97,off-peak,M-3105,Normal,On-Time,0
1165,45.85,electricity,Residential,Miami,208.3,off-peak,M-4288,Tampered,Late,1
1166,154.47,electricity,Commercial,Boston,109.53,peak,M-4229,Tampered,On-Time,1
1167,67.62,gas,Commercial,Chicago,332.05,off-peak,M-1799,Normal,Late,0
1168,487.72,electricity,Commercial,Chicago,142.54,off-peak,M-9256,Tampered,Late,1
1169,282.68,electricity,Commercial,Dallas,484.4,off-peak,M-6527,Tampered,On-Time,1
1170,50.24,gas,Residential,Boston,405.09,peak,M-3666,Tampered,On-Time,1
1171,476.11,electricity,Residential,Los Angeles,415.02,peak,M-6863,Tampered,On-Time,1
1172,137.25,electricity,Commercial,Los Angeles,167.56,peak,M-8673,Tampered,Late,1
1173,11.45,electricity,Commercial,Boston,330.61,off-peak,M-8203,Tampered,On-Time,1
1174,44.33,electricity,Commercial,Dallas,202.82,off-peak,M-5197,Normal,On-Time,0
1175,91.21,gas,Residential,Chicago,152.98,off-peak,M-3493,Tampered,Late,1
1176,184.4,gas,Commercial,New York,467.62,off-peak,M-6759,Tampered,On-Time,1
1177,279.35,gas,Residential,Seattle,200.87,off-peak,M-2629,Normal,Late,0
1178,393.61,gas,Commercial,New York,416.22,peak,M-6509,Normal,Late,0
1179,132.84,electricity,Commercial,Dallas,181.73,off-peak,M-5186,Normal,On-Time,0
1180,198.21,gas,Commercial,Seattle,37.15,peak,M-3186,Tampered,Late,1
1181,205.76,electricity,Residential,Miami,357.68,off-peak,M-9827,Normal,Late,0
1182,3.73,electricity,Residential,Miami,443.64,peak,M-5994,Tampered,On-Time,1
1183,486.98,gas,Residential,Houston,184.2,peak,M-1967,Tampered,On-Time,1
1184,84.19,electricity,Residential,Miami,341.43,peak,M-5925,Normal,On-Time,0
1185,445.98,electricity,Residential,Houston,101.1,off-peak,M-5774,Tampered,Late,1
1186,452.08,gas,Commercial,Dallas,382.9,off-peak,M-4942,Normal,Late,0
1187,154.66,electricity,Residential,Miami,80.14,peak,M-1926,Tampered,On-Time,1
1188,328.21,gas,Residential,Boston,46.16,off-peak,M-9174,Normal,On-Time,1
1189,25.55,electricity,Residential,Dallas,209.71,peak,M-4856,Normal,Late,0
1190,276.26,electricity,Commercial,New York,243.58,off-peak,M-7581,Tampered,On-Time,1
1191,76.34,gas,Residential,Chicago,359.39,peak,M-4496,Tampered,On-Time,1
1192,405.76,gas,Commercial,Los Angeles,351.91,peak,M-2434,Normal,Late,0
1193,211.65,electricity,Residential,Houston,20.15,peak,M-2221,Normal,On-Time,1
1194,7.32,gas,Commercial,New York,312.71,off-peak,M-3176,Tampered,Late,1
1195,69.17,gas,Commercial,Seattle,237.72,off-peak,M-4227,Normal,On-Time,0
1196,5.49,electricity,Residential,Houston,328.59,peak,M-1166,Tampered,On-Time,1
1197,123.17,gas,Residential,Dallas,101.71,peak,M-2605,Tampered,On-Time,1
1198,152.69,gas,Residential,Seattle,178.64,off-peak,M-4853,Tampered,Late,1
1199,292.98,electricity,Commercial,Boston,272.83,peak,M-8758,Tampered,Late,1
1200,283.57,electricity,Commercial,New York,415.21,off-peak,M-6576,Tampered,On-Time,1
1201,143.27,electricity,Commercial,Seattle,107.79,off-peak,M-4820,Tampered,Late,1
1202,425.24,electricity,Commercial,Houston,182.66,peak,M-5040,Tampered,On-Time,1
1203,169.76,gas,Commercial,New York,34.9,off-peak,M-6775,Normal,Late,1
1204,296.91,electricity,Commercial,Miami,332.68,off-peak,M-6086,Tampered,Late,1
1205,240.13,electricity,Commercial,Chicago,263.87,off-peak,M-5876,Tampered,Late,1
1206,340.47,gas,Commercial,Seattle,55.48,off-peak,M-9257,Tampered,On-Time,1
1207,120.64,gas,Residential,Miami,116.74,off-peak,M-5256,Normal,Late,0
1208,406.4,electricity,Commercial,Houston,25.82,peak,M-9900,Tampered,Late,1
1209,315.8,gas,Residential,Houston,404.01,peak,M-8885,Normal,Late,0
1210,325.27,electricity,Commercial,Seattle,310.95,off-peak,M-9571,Tampered,On-Time,1
1211,412.82,electricity,Residential,Miami,143.67,peak,M-7934,Tampered,On-Time,1
1212,177.24,gas,Commercial,Miami,122.41,peak,M-7790,Tampered,Late,1
1213,122.83,gas,Commercial,Dallas,496.38,peak,M-1162,Normal,On-Time,0
1214,454.33,gas,Residential,Houston,363.37,off-peak,M-3565,Normal,Late,0
1215,445.95,gas,Commercial,Los Angeles,474.17,peak,M-5854,Tampered,Late,1
1216,465.48,electricity,Residential,Boston,121.33,peak,M-7200,Tampered,Late,1
1217,328,electricity,Commercial,Dallas,53.62,off-peak,M-1917,Normal,Late,1
1218,41.95,gas,Residential,Houston,222.81,off-peak,M-2885,Tampered,On-Time,1
1219,497.76,electricity,Commercial,Chicago,174.4,off-peak,M-5456,Tampered,Late,1
1220,431.15,electricity,Residential,Boston,46.67,off-peak,M-3733,Normal,On-Time,1
1221,441.47,electricity,Commercial,New York,25.33,peak,M-5816,Tampered,On-Time,1
1222,362.91,gas,Residential,Dallas,474.49,peak,M-7305,Tampered,On-Time,1
1223,196.04,electricity,Residential,Boston,373.11,off-peak,M-5443,Tampered,Late,1
1224,428.8,electricity,Commercial,Seattle,71.32,off-peak,M-5880,Normal,Late,1
1225,30.81,electricity,Residential,Miami,248.98,peak,M-4309,Tampered,On-Time,1
1226,348.09,gas,Residential,Dallas,312.47,peak,M-1944,Normal,On-Time,0
1227,498.19,electricity,Residential,Boston,286.4,peak,M-6422,Tampered,Late,1
1228,231.16,gas,Commercial,Dallas,381.05,peak,M-6328,Tampered,Late,1
1229,203.22,gas,Commercial,Houston,351.21,off-peak,M-3211,Tampered,Late,1
1230,119.03,gas,Commercial,Seattle,472.56,peak,M-3967,Tampered,Late,1
1231,357.15,electricity,Residential,Houston,232.49,peak,M-1684,Tampered,On-Time,1
1232,238.96,electricity,Residential,Dallas,269.49,peak,M-1078,Normal,Late,0
1233,253.25,electricity,Residential,Dallas,196.57,peak,M-9523,Normal,Late,0
1234,448.98,electricity,Commercial,Chicago,432.9,off-peak,M-5397,Tampered,Late,1
1235,11.43,electricity,Residential,Seattle,155.8,peak,M-7961,Tampered,On-Time,1
1236,154.53,gas,Residential,Boston,368.81,peak,M-8833,Normal,On-Time,0
1237,216.69,gas,Commercial,New York,243.83,off-peak,M-3176,Tampered,Late,1
1238,312.33,gas,Commercial,New York,175.33,off-peak,M-6555,Tampered,Late,1
1239,253.01,gas,Commercial,Miami,330.61,peak,M-8296,Tampered,On-Time,1
1240,296.39,gas,Commercial,Chicago,186.48,peak,M-3358,Normal,Late,0
1241,51.46,electricity,Residential,Los Angeles,132.12,off-peak,M-4032,Normal,Late,0
1242,383.41,electricity,Commercial,Miami,271.3,peak,M-8508,Normal,Late,0
1243,337.52,gas,Commercial,Miami,188.77,peak,M-7179,Normal,On-Time,0
1244,491.05,electricity,Residential,Miami,351.52,off-peak,M-3802,Normal,On-Time,0
1245,385.3,electricity,Commercial,Seattle,428.85,off-peak,M-8331,Tampered,Late,1
1246,302.2,electricity,Residential,New York,62.77,peak,M-2375,Tampered,On-Time,1
1247,68.3,electricity,Commercial,Chicago,73.09,off-peak,M-4361,Normal,Late,0
1248,183.39,gas,Commercial,Miami,495.91,peak,M-3937,Normal,On-Time,0
1249,83.98,electricity,Commercial,Miami,63.39,peak,M-9808,Normal,Late,0
1250,315.01,electricity,Commercial,Chicago,343.07,off-peak,M-4291,Normal,Late,0
1251,59,gas,Commercial,Houston,129.8,peak,M-8532,Normal,On-Time,0
1252,104.69,gas,Residential,Houston,392.6,peak,M-3274,Tampered,Late,1
1253,319.39,gas,Commercial,Dallas,87.88,off-peak,M-1158,Tampered,On-Time,1
1254,63.55,gas,Residential,Miami,233.52,peak,M-9947,Tampered,On-Time,1
1255,247.37,electricity,Commercial,Seattle,445.28,peak,M-7465,Normal,On-Time,0
1256,10.69,gas,Residential,Los Angeles,303.07,peak,M-1171,Tampered,On-Time,1
1257,15.19,gas,Residential,Los Angeles,270.72,peak,M-4871,Tampered,On-Time,1
1258,85.06,gas,Residential,Seattle,341.17,off-peak,M-4148,Tampered,On-Time,1
1259,351.13,gas,Commercial,Dallas,229.82,peak,M-8542,Normal,Late,0
1260,127.61,electricity,Commercial,Dallas,388.99,peak,M-1524,Normal,Late,0
1261,167.57,electricity,Residential,Seattle,422.56,off-peak,M-4967,Tampered,Late,1
1262,493.53,gas,Residential,Houston,40.21,off-peak,M-4769,Normal,Late,1
1263,496.39,electricity,Commercial,Boston,255.55,off-peak,M-9106,Tampered,On-Time,1
1264,23.76,gas,Residential,New York,147.47,peak,M-1558,Normal,Late,0
1265,5.21,electricity,Commercial,Seattle,0.47,off-peak,M-7552,Tampered,Late,1
1266,185.91,electricity,Commercial,Houston,484.43,peak,M-5940,Normal,Late,0
1267,395.66,gas,Residential,Houston,21.3,peak,M-2912,Tampered,Late,1
1268,336.71,gas,Commercial,Seattle,385.46,peak,M-4663,Tampered,On-Time,1
1269,453.25,gas,Residential,Seattle,53.1,off-peak,M-5329,Tampered,On-Time,1
1270,19.54,gas,Residential,Chicago,174.15,off-peak,M-1220,Tampered,Late,1
1271,48.24,gas,Residential,Los Angeles,392.65,off-peak,M-3128,Normal,Late,0
1272,275.57,gas,Commercial,New York,261.66,off-peak,M-1113,Tampered,Late,1
1273,90.05,electricity,Residential,Houston,2.21,off-peak,M-7753,Normal,On-Time,1
1274,484.09,electricity,Commercial,Miami,460.9,off-peak,M-9353,Tampered,Late,1
1275,163.27,gas,Residential,Houston,489.13,peak,M-8832,Normal,Late,0
1276,453.82,electricity,Residential,Chicago,473.06,peak,M-5176,Normal,On-Time,0
1277,18.1,electricity,Commercial,Boston,463.26,off-peak,M-1700,Normal,On-Time,0
1278,291.56,gas,Residential,Los Angeles,228.46,off-peak,M-3895,Tampered,On-Time,1
1279,267.04,electricity,Residential,Seattle,442.62,off-peak,M-4360,Normal,Late,0
1280,202.28,electricity,Residential,Los Angeles,63.47,peak,M-1924,Tampered,Late,1
1281,380.95,gas,Residential,Chicago,258.37,off-peak,M-9549,Normal,On-Time,0
1282,222.53,gas,Commercial,Boston,473.45,peak,M-4925,Tampered,Late,1
1283,263.77,gas,Residential,Boston,123.6,peak,M-6486,Tampered,Late,1
1284,192.79,gas,Residential,Los Angeles,355.57,off-peak,M-3847,Tampered,On-Time,1
1285,358.59,electricity,Commercial,Dallas,29.36,peak,M-9521,Tampered,Late,1
1286,420.92,gas,Residential,New York,282,peak,M-9673,Normal,On-Time,0
1287,30.07,electricity,Residential,Los Angeles,67.3,off-peak,M-6421,Tampered,Late,1
1288,160.85,electricity,Commercial,Dallas,117.74,off-peak,M-5770,Tampered,On-Time,1
1289,402.28,electricity,Commercial,Seattle,483.93,peak,M-2660,Normal,Late,0
1290,303.11,gas,Residential,Boston,44.2,peak,M-6186,Tampered,Late,1
1291,484.5,electricity,Residential,Dallas,219.6,peak,M-9452,Normal,Late,1
1292,145.83,gas,Commercial,Seattle,193.88,off-peak,M-7594,Tampered,Late,1
1293,20.82,gas,Commercial,Dallas,195.08,peak,M-1063,Normal,Late,0
1294,453.18,electricity,Commercial,Dallas,419.8,off-peak,M-2460,Tampered,Late,1
1295,214.25,electricity,Commercial,Dallas,326.94,peak,M-7633,Normal,Late,0
1296,266.25,gas,Commercial,Chicago,110.19,peak,M-5603,Tampered,On-Time,1
1297,290.12,electricity,Commercial,Houston,413.7,off-peak,M-7078,Tampered,On-Time,1
1298,52.5,gas,Residential,Dallas,137.67,off-peak,M-7854,Normal,Late,0
1299,451.05,electricity,Commercial,Dallas,305.37,off-peak,M-7675,Tampered,On-Time,1
1300,245.28,gas,Residential,Seattle,158.58,peak,M-2731,Normal,On-Time,0
1301,66.23,gas,Residential,Miami,448.14,peak,M-8791,Tampered,On-Time,1
1302,412.28,electricity,Commercial,Houston,30.61,peak,M-2245,Tampered,On-Time,1
1303,59.65,electricity,Residential,Houston,414.87,peak,M-2848,Tampered,On-Time,1
1304,380.48,electricity,Residential,Miami,364.4,off-peak,M-7604,Tampered,Late,1
1305,40.4,electricity,Commercial,New York,237.03,peak,M-6156,Tampered,On-Time,1
1306,283.39,gas,Residential,Seattle,313.61,off-peak,M-7147,Normal,Late,0
1307,494.77,electricity,Commercial,Chicago,106.11,peak,M-9808,Normal,Late,1
1308,241.65,electricity,Residential,Miami,173.72,peak,M-8095,Normal,On-Time,0
1309,53.3,electricity,Commercial,Dallas,458.44,off-peak,M-6769,Normal,On-Time,0
1310,283.27,electricity,Commercial,Miami,155.71,off-peak,M-2797,Normal,Late,0
1311,453.53,electricity,Commercial,New York,372.13,off-peak,M-4776,Normal,On-Time,0
1312,16.71,gas,Commercial,Houston,246.69,peak,M-2713,Normal,Late,0
1313,56.14,electricity,Residential,Los Angeles,381,peak,M-5514,Normal,Late,0
1314,392.12,electricity,Commercial,Los Angeles,343.71,peak,M-2961,Normal,Late,0
1315,450.15,gas,Commercial,Boston,494.81,peak,M-7562,Tampered,Late,1
1316,340.65,gas,Commercial,Boston,31.75,off-peak,M-6794,Tampered,On-Time,1
1317,117.96,gas,Residential,Dallas,65.92,peak,M-7806,Tampered,Late,1
1318,304.89,gas,Residential,Miami,321.08,off-peak,M-6579,Tampered,On-Time,1
1319,264.5,electricity,Commercial,Dallas,138.54,peak,M-1059,Normal,On-Time,0
1320,73.52,gas,Commercial,Dallas,49.6,off-peak,M-6472,Normal,Late,0
1321,482.07,gas,Residential,Houston,405.09,peak,M-5203,Normal,Late,0
1322,378.25,gas,Residential,Los Angeles,151.33,off-peak,M-4997,Normal,Late,1
1323,283.56,gas,Residential,Houston,150.35,peak,M-3078,Normal,Late,0
1324,216.09,gas,Commercial,Houston,318.58,peak,M-2836,Normal,Late,0
1325,268.19,electricity,Residential,Los Angeles,316.77,off-peak,M-1453,Normal,Late,0
1326,52.03,electricity,Commercial,Dallas,252.9,off-peak,M-7640,Tampered,On-Time,1
1327,187.57,gas,Commercial,New York,197.99,off-peak,M-8373,Normal,Late,0
1328,101.3,electricity,Residential,Dallas,333.09,off-peak,M-8798,Normal,Late,0
1329,451.15,electricity,Residential,Houston,291.87,peak,M-3119,Normal,Late,0
1330,51.6,gas,Commercial,Seattle,361.16,peak,M-2385,Tampered,On-Time,1
1331,380.21,electricity,Residential,Dallas,466.17,peak,M-4972,Normal,On-Time,0
1332,152.51,gas,Residential,New York,359.15,peak,M-5967,Normal,On-Time,0
1333,221.35,gas,Residential,Los Angeles,484.17,peak,M-4345,Normal,Late,0
1334,91.67,gas,Residential,Seattle,391.61,peak,M-6320,Normal,Late,0
1335,305.04,electricity,Commercial,Houston,272.5,off-peak,M-8922,Tampered,On-Time,1
1336,367.51,gas,Residential,Los Angeles,494.89,off-peak,M-3653,Tampered,On-Time,1
1337,350.1,electricity,Commercial,Seattle,24.78,peak,M-9211,Tampered,On-Time,1
1338,318.82,gas,Commercial,New York,367.51,peak,M-8386,Normal,Late,0
1339,491.12,gas,Commercial,Miami,17.49,off-peak,M-3754,Normal,Late,1
1340,32.96,electricity,Commercial,Miami,451.96,off-peak,M-8783,Tampered,Late,1
1341,372.55,gas,Residential,Los Angeles,402.57,peak,M-3139,Normal,On-Time,0
1342,207.94,electricity,Residential,Miami,249.09,off-peak,M-3771,Normal,On-Time,0
1343,22.26,electricity,Residential,Dallas,453.36,off-peak,M-1926,Normal,Late,0
1344,147.26,gas,Residential,Los Angeles,488.27,peak,M-9596,Tampered,On-Time,1
1345,482.34,electricity,Commercial,Chicago,179.06,peak,M-6851,Normal,On-Time,1
1346,141.97,electricity,Residential,Los Angeles,325.7,peak,M-6940,Tampered,Late,1
1347,325.27,gas,Residential,Boston,332.45,off-peak,M-6148,Normal,On-Time,0
1348,147.62,electricity,Residential,Miami,493.34,off-peak,M-7784,Tampered,Late,1
1349,207.3,gas,Commercial,Miami,227.38,off-peak,M-6412,Normal,On-Time,0
1350,330.74,electricity,Residential,Boston,31.81,off-peak,M-7907,Normal,Late,1
1351,68.8,gas,Commercial,Dallas,41.56,peak,M-2989,Tampered,Late,1
1352,132.6,electricity,Commercial,New York,90.81,off-peak,M-1499,Normal,On-Time,0
1353,198.8,gas,Residential,Los Angeles,71.92,off-peak,M-9102,Normal,On-Time,1
1354,283.81,gas,Commercial,Miami,383.83,off-peak,M-1103,Normal,Late,0
1355,193.53,electricity,Residential,Houston,472.06,peak,M-8634,Normal,On-Time,0
1356,419.95,electricity,Residential,Los Angeles,303.81,peak,M-5661,Normal,Late,0
1357,421.6,gas,Commercial,Houston,452.35,off-peak,M-1499,Tampered,On-Time,1
1358,153.39,electricity,Residential,Dallas,111.33,off-peak,M-3727,Tampered,Late,1
1359,443.59,gas,Commercial,Dallas,398.38,off-peak,M-2178,Tampered,On-Time,1
1360,151.78,electricity,Residential,Houston,48.27,peak,M-7409,Tampered,Late,1
1361,326.06,electricity,Commercial,New York,318.64,off-peak,M-3628,Normal,On-Time,0
1362,158.18,electricity,Residential,Los Angeles,173.76,peak,M-6643,Tampered,Late,1
1363,348.3,gas,Residential,Chicago,241.02,off-peak,M-6627,Normal,Late,0
1364,131.53,gas,Commercial,Seattle,137.77,off-peak,M-9414,Tampered,On-Time,1
1365,97.81,gas,Commercial,Los Angeles,208.39,peak,M-4743,Normal,On-Time,0
1366,247.94,gas,Residential,Los Angeles,113.83,off-peak,M-5179,Tampered,On-Time,1
1367,145.05,gas,Residential,Miami,179.83,peak,M-2149,Normal,Late,0
1368,444.79,gas,Commercial,Seattle,60.78,peak,M-3036,Normal,Late,1
1369,80.41,electricity,Commercial,Dallas,321.97,peak,M-1972,Normal,On-Time,0
1370,262.63,gas,Commercial,Los Angeles,246.38,off-peak,M-6914,Tampered,Late,1
1371,316.01,gas,Commercial,Chicago,475.06,peak,M-5274,Normal,Late,0
1372,432.68,electricity,Residential,Seattle,220.01,off-peak,M-9856,Tampered,On-Time,1
1373,431.78,electricity,Residential,Seattle,264.79,off-peak,M-5791,Tampered,Late,1
1374,419.7,electricity,Commercial,Dallas,66.9,off-peak,M-8776,Normal,On-Time,1
1375,256.67,electricity,Commercial,Miami,330.64,peak,M-3397,Tampered,Late,1
1376,228.53,electricity,Commercial,Seattle,176.25,off-peak,M-6665,Tampered,On-Time,1
1377,224.36,electricity,Commercial,Houston,64.66,peak,M-1264,Tampered,On-Time,1
1378,182.03,electricity,Residential,Dallas,47.87,off-peak,M-8151,Tampered,On-Time,1
1379,289.55,gas,Residential,Houston,57.29,off-peak,M-6343,Normal,On-Time,1
1380,255.02,gas,Residential,Seattle,162.07,peak,M-7239,Tampered,Late,1
1381,463.63,electricity,Commercial,Seattle,495.33,off-peak,M-8672,Tampered,Late,1
1382,350.84,gas,Commercial,New York,109.94,peak,M-2584,Normal,On-Time,1
1383,13.36,electricity,Commercial,Los Angeles,249.95,peak,M-7231,Tampered,Late,1
1384,300.75,electricity,Residential,Los Angeles,415.5,peak,M-8826,Normal,Late,0
1385,146.86,electricity,Residential,New York,27.69,off-peak,M-9821,Tampered,Late,1
1386,214.88,electricity,Commercial,Chicago,139.16,peak,M-9626,Tampered,On-Time,1
1387,45.52,gas,Residential,Boston,148.71,peak,M-5556,Normal,Late,0
1388,305.9,electricity,Commercial,Houston,93.79,off-peak,M-6319,Normal,Late,1
1389,141.99,gas,Commercial,Chicago,414.81,off-peak,M-1395,Tampered,Late,1
1390,187.57,electricity,Residential,Chicago,289.01,off-peak,M-9180,Normal,On-Time,0
1391,383.53,gas,Commercial,Dallas,143.96,off-peak,M-6002,Tampered,Late,1
1392,279.03,electricity,Residential,Houston,113.23,peak,M-4358,Normal,Late,1
1393,266.8,electricity,Commercial,New York,324.39,peak,M-4934,Tampered,Late,1
1394,486.31,electricity,Residential,Miami,116.75,peak,M-2570,Normal,On-Time,1
1395,226.8,gas,Commercial,Dallas,283.1,peak,M-1793,Normal,On-Time,0
1396,16.44,electricity,Residential,Boston,273.91,off-peak,M-8508,Tampered,Late,1
1397,171.51,electricity,Residential,Houston,126.68,off-peak,M-8110,Tampered,On-Time,1
1398,388.07,electricity,Residential,Dallas,86.04,off-peak,M-4070,Tampered,On-Time,1
1399,283.39,gas,Commercial,Chicago,6.11,off-peak,M-6390,Tampered,Late,1
1400,1.08,electricity,Residential,Dallas,329.93,peak,M-7679,Tampered,Late,1
1401,311.23,gas,Commercial,New York,327.4,peak,M-4352,Normal,Late,0
1402,88.53,electricity,Residential,Chicago,282.76,off-peak,M-4165,Normal,On-Time,0
1403,313.83,gas,Residential,Dallas,56.06,peak,M-9608,Normal,On-Time,1
1404,465.62,gas,Residential,Dallas,17.53,peak,M-4697,Normal,Late,1
1405,10.77,gas,Commercial,Chicago,349.71,peak,M-5480,Normal,On-Time,0
1406,364.62,electricity,Residential,Dallas,106.46,off-peak,M-8324,Normal,Late,1
1407,419.43,gas,Commercial,Seattle,20.35,off-peak,M-9925,Tampered,On-Time,1
1408,334.9,gas,Residential,Houston,207.67,peak,M-8168,Tampered,Late,1
1409,182.16,gas,Commercial,Seattle,460.23,peak,M-5836,Normal,Late,0
1410,495.6,electricity,Commercial,Dallas,423.09,off-peak,M-6284,Tampered,Late,1
1411,387.53,electricity,Commercial,Boston,27.33,off-peak,M-7364,Tampered,Late,1
1412,315.72,gas,Residential,New York,196.09,off-peak,M-5290,Normal,Late,0
1413,492.55,gas,Commercial,Seattle,340.67,off-peak,M-4521,Tampered,Late,1
1414,260.88,gas,Commercial,Seattle,460.99,off-peak,M-6329,Tampered,Late,1
1415,325.62,gas,Commercial,Dallas,282.07,peak,M-9211,Tampered,Late,1
1416,408.06,gas,Commercial,Miami,139.49,off-peak,M-6976,Normal,Late,1
1417,160.01,electricity,Commercial,Los Angeles,403.17,peak,M-7135,Tampered,Late,1
1418,273.83,electricity,Residential,Dallas,250.97,peak,M-3071,Tampered,Late,1
1419,386.82,gas,Commercial,Miami,307.19,peak,M-6696,Tampered,On-Time,1
1420,296.23,gas,Residential,Seattle,13.63,off-peak,M-4200,Normal,Late,1
1421,119.63,gas,Commercial,New York,348.54,off-peak,M-4415,Normal,Late,0
1422,323.42,gas,Residential,Dallas,155.96,peak,M-9707,Tampered,Late,1
1423,49.23,gas,Commercial,Miami,24.36,off-peak,M-1996,Normal,On-Time,1
1424,249.37,gas,Residential,Seattle,26.13,off-peak,M-5853,Tampered,On-Time,1
1425,93.98,gas,Residential,Houston,17.52,off-peak,M-1228,Tampered,Late,1
1426,413.28,gas,Residential,Seattle,2.66,peak,M-3605,Tampered,Late,1
1427,250.93,electricity,Commercial,Dallas,323.66,peak,M-2504,Tampered,On-Time,1
1428,403.82,electricity,Commercial,Seattle,453.54,off-peak,M-5804,Normal,Late,0
1429,18.5,electricity,Residential,New York,73.12,off-peak,M-5937,Normal,On-Time,0
1430,485.52,electricity,Commercial,Boston,173.98,off-peak,M-2550,Tampered,Late,1
1431,250.17,gas,Residential,Dallas,404.97,off-peak,M-6932,Normal,On-Time,0
1432,388.09,electricity,Residential,Los Angeles,489.15,off-peak,M-7591,Tampered,Late,1
1433,451.02,electricity,Commercial,Boston,145.66,peak,M-1676,Tampered,On-Time,1
1434,131.84,electricity,Commercial,Miami,63.56,peak,M-4674,Tampered,On-Time,1
1435,386.9,gas,Residential,Chicago,173.23,peak,M-1937,Normal,Late,1
1436,204.18,gas,Commercial,Los Angeles,223.17,peak,M-1955,Tampered,On-Time,1
1437,111.02,gas,Residential,Dallas,449.84,off-peak,M-5446,Normal,Late,0
1438,368.44,gas,Residential,Miami,119.43,off-peak,M-4312,Tampered,Late,1
1439,436.68,electricity,Commercial,Dallas,351.01,off-peak,M-7875,Tampered,Late,1
1440,116.17,gas,Commercial,Boston,270.12,peak,M-2525,Normal,Late,0
1441,109.34,electricity,Commercial,Dallas,381.49,peak,M-4963,Tampered,Late,1
1442,476.39,electricity,Residential,Houston,358,peak,M-1133,Tampered,Late,1
1443,437.33,electricity,Commercial,Houston,451.97,off-peak,M-7734,Tampered,Late,1
1444,401.74,gas,Residential,Seattle,120.91,peak,M-4568,Normal,On-Time,1
1445,379.57,electricity,Commercial,Dallas,157.45,peak,M-1184,Tampered,Late,1
1446,124.27,gas,Residential,New York,466.88,peak,M-9888,Tampered,On-Time,1
1447,193.53,electricity,Residential,Miami,432.64,off-peak,M-3960,Normal,On-Time,0
1448,7.6,gas,Commercial,Miami,116.77,off-peak,M-8929,Tampered,Late,1
1449,480.33,gas,Commercial,Chicago,218.76,peak,M-6981,Tampered,Late,1
1450,5.69,gas,Residential,Chicago,268.9,off-peak,M-9859,Tampered,Late,1
1451,159.34,electricity,Residential,Boston,5.41,off-peak,M-1255,Normal,On-Time,1
1452,21.68,electricity,Commercial,Dallas,53.71,off-peak,M-2807,Normal,On-Time,0
1453,356.25,gas,Residential,Seattle,279.57,peak,M-8315,Normal,On-Time,0
1454,282.16,electricity,Commercial,Miami,378.43,off-peak,M-1390,Tampered,On-Time,1
1455,103.05,gas,Residential,Boston,172.97,off-peak,M-3142,Tampered,On-Time,1
1456,437.98,electricity,Commercial,Miami,154.72,peak,M-7870,Tampered,On-Time,1
1457,456.85,gas,Commercial,Dallas,350.59,off-peak,M-6298,Tampered,On-Time,1
1458,179.39,electricity,Residential,Dallas,130.36,peak,M-9313,Tampered,Late,1
1459,338.04,gas,Residential,Seattle,492.31,peak,M-5216,Tampered,Late,1
1460,185.96,electricity,Residential,New York,77.66,off-peak,M-2692,Normal,Late,1
1461,497.48,gas,Commercial,Los Angeles,422.71,peak,M-3056,Tampered,On-Time,1
1462,323.57,electricity,Residential,Los Angeles,47.84,off-peak,M-8068,Normal,Late,1
1463,48.21,electricity,Commercial,Miami,301.17,off-peak,M-1940,Normal,On-Time,0
1464,102.83,gas,Commercial,Dallas,192.58,peak,M-9156,Normal,On-Time,0
1465,166.74,electricity,Commercial,Houston,472.84,peak,M-6802,Normal,Late,0
1466,401.7,gas,Commercial,Chicago,272.38,off-peak,M-3162,Normal,Late,0
1467,64.98,electricity,Commercial,New York,65.19,peak,M-3047,Normal,Late,0
1468,83.36,gas,Commercial,Dallas,480.14,off-peak,M-4914,Normal,Late,0
1469,241.08,gas,Residential,New York,258.29,peak,M-6013,Tampered,Late,1
1470,450.82,electricity,Commercial,Chicago,325.51,peak,M-9180,Tampered,On-Time,1
1471,180.29,electricity,Residential,Boston,495.71,peak,M-3179,Tampered,Late,1
1472,332.53,gas,Commercial,Boston,343.73,off-peak,M-3083,Tampered,On-Time,1
1473,182.79,electricity,Residential,Seattle,198.02,off-peak,M-8190,Normal,Late,0
1474,215.59,gas,Commercial,New York,99.76,off-peak,M-3057,Tampered,On-Time,1
1475,63.04,electricity,Commercial,Dallas,164.65,off-peak,M-9988,Normal,On-Time,0
1476,246.14,gas,Commercial,Los Angeles,96.34,off-peak,M-7306,Normal,Late,1
1477,167.5,electricity,Commercial,New York,308.03,peak,M-3222,Tampered,Late,1
1478,384.88,gas,Residential,Chicago,299.66,peak,M-4337,Tampered,On-Time,1
1479,356.13,gas,Commercial,New York,238.72,peak,M-4114,Normal,On-Time,0
1480,346.7,gas,Residential,Miami,334.94,peak,M-2591,Normal,Late,0
1481,262.74,electricity,Residential,Chicago,388.16,off-peak,M-9080,Normal,Late,0
1482,381.34,electricity,Commercial,Los Angeles,103.51,peak,M-6269,Tampered,Late,1
1483,334.84,gas,Commercial,Chicago,251.26,off-peak,M-4858,Tampered,On-Time,1
1484,24.77,electricity,Commercial,Miami,438.44,off-peak,M-9631,Normal,On-Time,0
1485,470.86,electricity,Residential,Dallas,468.26,off-peak,M-3863,Normal,Late,0
1486,446.82,electricity,Commercial,Houston,393.3,off-peak,M-2342,Tampered,On-Time,1
1487,384.39,gas,Commercial,New York,234.13,peak,M-1705,Normal,On-Time,0
1488,437.68,gas,Residential,Chicago,64.68,peak,M-3225,Normal,Late,1
1489,344.55,gas,Commercial,Miami,440.57,off-peak,M-8352,Tampered,On-Time,1
1490,375.96,electricity,Commercial,Los Angeles,125.51,peak,M-3486,Tampered,Late,1
1491,444.02,electricity,Residential,Houston,182.06,peak,M-7895,Tampered,Late,1
1492,132.3,electricity,Commercial,New York,205.87,peak,M-7909,Normal,Late,0
1493,147.19,gas,Residential,Houston,143.43,peak,M-1954,Normal,Late,0
1494,208.6,electricity,Residential,Boston,459.75,off-peak,M-1954,Normal,Late,0
1495,313.99,gas,Residential,Los Angeles,18.97,peak,M-6765,Normal,Late,1
1496,486.24,electricity,Commercial,Los Angeles,191.02,off-peak,M-3465,Normal,Late,1
1497,273.86,gas,Residential,Seattle,305.77,peak,M-9473,Tampered,On-Time,1
1498,349.59,electricity,Residential,Miami,494.55,peak,M-6738,Normal,Late,0
1499,214.92,gas,Residential,Seattle,433.27,peak,M-6105,Normal,Late,0
1500,429.19,gas,Residential,Seattle,30.01,peak,M-2045,Normal,Late,1
1501,142.48,electricity,Residential,Houston,82.08,peak,M-1783,Tampered,Late,1
1502,406.9,electricity,Commercial,Dallas,9.69,off-peak,M-3223,Normal,On-Time,1
1503,387.48,gas,Residential,Dallas,218.86,peak,M-8164,Normal,Late,0
1504,241.65,electricity,Commercial,New York,57.12,off-peak,M-9189,Tampered,Late,1
1505,130.27,gas,Residential,Miami,465,peak,M-2350,Tampered,On-Time,1
1506,416.53,electricity,Commercial,Seattle,29.86,off-peak,M-2265,Normal,Late,1
1507,175.14,gas,Commercial,Miami,258.76,peak,M-5478,Tampered,Late,1
1508,310.66,gas,Residential,Miami,7.33,off-peak,M-9003,Normal,Late,1
1509,91.33,gas,Commercial,Seattle,213.74,peak,M-8263,Tampered,Late,1
1510,23.52,electricity,Residential,Houston,71.36,peak,M-8043,Normal,On-Time,0
1511,295.12,electricity,Residential,New York,212.7,off-peak,M-9948,Tampered,Late,1
1512,343.94,electricity,Residential,Houston,231.34,off-peak,M-3523,Normal,Late,0
1513,172.02,electricity,Residential,Boston,202.5,off-peak,M-8453,Tampered,Late,1
1514,415.86,electricity,Residential,Houston,161.16,peak,M-7687,Normal,On-Time,1
1515,140.71,gas,Residential,Miami,360.25,peak,M-2217,Normal,Late,0
1516,447.78,electricity,Residential,Miami,153.23,off-peak,M-9177,Normal,Late,1
1517,307.76,electricity,Commercial,Chicago,181.36,peak,M-8774,Tampered,Late,1
1518,228.07,gas,Residential,New York,5.41,off-peak,M-6904,Normal,On-Time,1
1519,360.66,gas,Commercial,Chicago,379.26,off-peak,M-4669,Normal,Late,0
1520,314.67,electricity,Commercial,Chicago,451.44,off-peak,M-3515,Normal,On-Time,0
1521,286.85,gas,Residential,Los Angeles,388.39,off-peak,M-9195,Normal,Late,0
1522,321.43,gas,Residential,Los Angeles,459.07,peak,M-4050,Normal,On-Time,0
1523,80.25,electricity,Residential,Houston,482.91,peak,M-7183,Normal,On-Time,0
1524,494.77,electricity,Commercial,Houston,257.19,peak,M-1405,Normal,Late,0
1525,154.72,gas,Residential,Miami,43.1,peak,M-7590,Normal,Late,1
1526,113.78,gas,Commercial,Houston,211.47,peak,M-6447,Tampered,Late,1
1527,272.36,electricity,Commercial,Dallas,357.29,peak,M-9867,Tampered,Late,1
1528,99.27,gas,Commercial,New York,466.48,off-peak,M-8320,Normal,Late,0
1529,100.93,gas,Commercial,Los Angeles,160.25,peak,M-9758,Normal,Late,0
1530,262.73,electricity,Commercial,Dallas,171.21,peak,M-2713,Tampered,On-Time,1
1531,369.65,gas,Residential,Seattle,138.11,off-peak,M-5740,Normal,On-Time,1
1532,12.81,electricity,Residential,New York,284.21,peak,M-4234,Normal,On-Time,0
1533,42.29,electricity,Residential,Boston,29.28,off-peak,M-2513,Normal,On-Time,0
1534,128.17,gas,Commercial,Houston,141.42,off-peak,M-3495,Normal,On-Time,0
1535,36.02,electricity,Residential,Miami,230.84,peak,M-3219,Tampered,Late,1
1536,283.2,gas,Residential,Boston,80.6,peak,M-4308,Normal,Late,1
1537,69.49,gas,Residential,Seattle,194.08,peak,M-1831,Tampered,On-Time,1
1538,27.23,gas,Residential,Miami,106.68,peak,M-5043,Tampered,On-Time,1
1539,275,electricity,Commercial,Seattle,362.34,off-peak,M-3824,Normal,Late,0
1540,224.03,gas,Commercial,Los Angeles,171.31,peak,M-8612,Normal,On-Time,0
1541,136.03,electricity,Commercial,Houston,23.28,peak,M-6145,Tampered,Late,1
1542,283.3,gas,Commercial,Chicago,319.18,peak,M-8923,Normal,Late,0
1543,219.44,electricity,Commercial,Houston,115.86,off-peak,M-4003,Tampered,Late,1
1544,90.96,electricity,Residential,Miami,464.66,peak,M-2967,Tampered,On-Time,1
1545,297.7,electricity,Residential,Seattle,22.74,peak,M-1347,Normal,On-Time,1
1546,37.98,gas,Residential,Chicago,122.83,peak,M-3317,Normal,On-Time,0
1547,339.1,electricity,Residential,Boston,356,off-peak,M-5044,Normal,On-Time,0
1548,368.16,electricity,Commercial,Boston,296.59,peak,M-4473,Normal,On-Time,0
1549,340.63,gas,Commercial,Chicago,48.78,off-peak,M-5221,Tampered,Late,1
1550,15.37,electricity,Residential,Los Angeles,356.51,off-peak,M-6398,Tampered,Late,1
1551,361.25,electricity,Commercial,Los Angeles,450.51,peak,M-3257,Tampered,On-Time,1
1552,433.38,electricity,Commercial,Miami,399.94,peak,M-1728,Tampered,On-Time,1
1553,143.78,electricity,Residential,Los Angeles,28.33,off-peak,M-1922,Normal,Late,1
1554,189.25,gas,Commercial,Dallas,436.85,peak,M-5790,Tampered,Late,1
1555,44.7,electricity,Residential,Los Angeles,185.08,peak,M-5299,Normal,On-Time,0
1556,426.26,electricity,Residential,New York,136.3,peak,M-3564,Tampered,Late,1
1557,183.35,gas,Commercial,Miami,92.15,peak,M-9667,Normal,Late,0
1558,188.06,electricity,Commercial,Chicago,2.83,peak,M-9749,Normal,On-Time,1
1559,33.54,gas,Commercial,Miami,205.01,off-peak,M-4583,Tampered,On-Time,1
1560,295.63,electricity,Commercial,Chicago,91.79,off-peak,M-5215,Tampered,On-Time,1
1561,215.29,electricity,Commercial,Dallas,474.87,peak,M-1072,Normal,Late,0
1562,13.44,gas,Commercial,New York,473.12,peak,M-2777,Tampered,Late,1
1563,129.63,electricity,Residential,Miami,380.26,peak,M-2673,Normal,Late,0
1564,272.59,electricity,Commercial,Dallas,259.78,peak,M-4707,Tampered,Late,1
1565,346.83,electricity,Residential,Chicago,331.38,off-peak,M-9744,Tampered,Late,1
1566,478.4,gas,Residential,Miami,76,off-peak,M-3227,Tampered,Late,1
1567,402.91,gas,Residential,Boston,265.37,off-peak,M-1737,Tampered,On-Time,1
1568,61.76,gas,Commercial,New York,450.29,peak,M-7480,Normal,Late,0
1569,370.08,electricity,Commercial,Chicago,345.04,peak,M-2137,Tampered,Late,1
1570,453.2,gas,Commercial,Chicago,68.87,off-peak,M-5514,Tampered,On-Time,1
1571,188.05,electricity,Commercial,Los Angeles,175.86,peak,M-4520,Tampered,Late,1
1572,129.55,electricity,Residential,New York,60.22,off-peak,M-1338,Tampered,On-Time,1
1573,240.7,gas,Residential,Los Angeles,99.61,off-peak,M-6143,Normal,On-Time,1
1574,406.92,electricity,Commercial,Dallas,348.38,off-peak,M-4305,Normal,On-Time,0
1575,54.78,electricity,Residential,Los Angeles,459.71,off-peak,M-2840,Tampered,Late,1
1576,64.57,electricity,Commercial,Seattle,470.1,off-peak,M-3475,Normal,On-Time,0
1577,106.09,gas,Residential,Seattle,262.45,off-peak,M-2978,Tampered,Late,1
1578,125.26,electricity,Commercial,New York,378.11,peak,M-4885,Normal,On-Time,0
1579,423.24,electricity,Residential,Dallas,412.79,off-peak,M-5086,Normal,On-Time,0
1580,391.42,gas,Commercial,New York,439.91,peak,M-9749,Normal,On-Time,0
1581,377.54,gas,Commercial,Boston,87.02,peak,M-3569,Normal,On-Time,1
1582,406.63,electricity,Residential,New York,474.32,off-peak,M-3628,Tampered,Late,1
1583,209.09,electricity,Residential,Boston,494.35,off-peak,M-5128,Normal,Late,0
1584,195.96,electricity,Residential,Los Angeles,171.76,off-peak,M-8488,Tampered,Late,1
1585,314.11,electricity,Residential,Los Angeles,89.52,peak,M-1471,Normal,On-Time,1
1586,148.77,electricity,Residential,Seattle,21.1,off-peak,M-8087,Tampered,On-Time,1
1587,87.42,electricity,Residential,Dallas,414.5,peak,M-4091,Tampered,On-Time,1
1588,250.64,electricity,Residential,New York,177.63,peak,M-4277,Tampered,On-Time,1
1589,67.56,gas,Residential,Seattle,54.78,peak,M-5687,Tampered,Late,1
1590,248.2,electricity,Residential,Chicago,182.03,peak,M-9444,Tampered,On-Time,1
1591,495.59,electricity,Commercial,Los Angeles,192.94,peak,M-3038,Tampered,Late,1
1592,147.98,electricity,Commercial,Dallas,470.38,peak,M-3669,Tampered,Late,1
1593,76.39,electricity,Commercial,Dallas,178.03,off-peak,M-8650,Normal,Late,0
1594,423.3,gas,Commercial,Houston,323.7,off-peak,M-2630,Tampered,On-Time,1
1595,355.41,gas,Residential,Los Angeles,98.73,peak,M-9181,Normal,On-Time,1
1596,360.9,electricity,Residential,Chicago,218.46,off-peak,M-3175,Tampered,Late,1
1597,161.25,gas,Commercial,Los Angeles,205.4,off-peak,M-1038,Tampered,Late,1
1598,172.5,electricity,Residential,Chicago,417.43,peak,M-7199,Normal,On-Time,0
1599,334.29,gas,Commercial,Houston,294.99,off-peak,M-9186,Tampered,Late,1
1600,15.24,gas,Commercial,Houston,36.72,peak,M-5728,Tampered,Late,1
1601,486.51,gas,Residential,New York,84.81,off-peak,M-6525,Tampered,On-Time,1
1602,288.14,gas,Residential,Dallas,250.93,peak,M-1359,Normal,Late,0
1603,472.31,gas,Residential,Boston,301.15,peak,M-8861,Tampered,Late,1
1604,140.51,electricity,Residential,Seattle,232.33,peak,M-5248,Tampered,Late,1
1605,137.9,gas,Residential,Miami,133.47,peak,M-2174,Tampered,Late,1
1606,44.82,gas,Commercial,Seattle,74.3,off-peak,M-1376,Tampered,Late,1
1607,199.49,electricity,Residential,New York,315.4,off-peak,M-3018,Tampered,Late,1
1608,335.17,electricity,Commercial,New York,217.65,peak,M-7507,Tampered,Late,1
1609,347.27,electricity,Residential,Los Angeles,395.97,peak,M-1245,Tampered,On-Time,1
1610,76.92,electricity,Residential,New York,315.44,peak,M-2121,Tampered,Late,1
1611,456.06,electricity,Residential,Miami,20.09,off-peak,M-4538,Normal,On-Time,1
1612,288.4,electricity,Commercial,Seattle,209.99,peak,M-8364,Tampered,Late,1
1613,456.54,gas,Residential,Houston,114.86,off-peak,M-6122,Tampered,Late,1
1614,329.52,gas,Residential,Los Angeles,279.29,off-peak,M-8362,Normal,Late,0
1615,491.74,gas,Residential,Chicago,275.59,off-peak,M-3977,Normal,On-Time,0
1616,191.11,gas,Residential,New York,395.58,off-peak,M-4174,Tampered,Late,1
1617,385.84,gas,Residential,Los Angeles,418.67,peak,M-5620,Tampered,Late,1
1618,258.95,gas,Residential,Seattle,476.02,off-peak,M-5388,Tampered,Late,1
1619,424.35,gas,Commercial,Seattle,278.08,off-peak,M-6370,Normal,On-Time,0
1620,490.23,electricity,Commercial,Boston,430.32,off-peak,M-7461,Tampered,Late,1
1621,396.45,gas,Commercial,Seattle,429.05,off-peak,M-1550,Tampered,Late,1
1622,145.34,electricity,Residential,Houston,18.46,off-peak,M-6365,Normal,On-Time,1
1623,291.02,electricity,Residential,Dallas,117.37,peak,M-3999,Tampered,On-Time,1
1624,412.05,electricity,Commercial,Seattle,360.47,peak,M-5024,Tampered,On-Time,1
1625,250.31,gas,Commercial,Chicago,341.77,peak,M-9007,Normal,On-Time,0
1626,91,gas,Commercial,Seattle,357.98,peak,M-4728,Normal,Late,0
1627,451.8,electricity,Residential,New York,258.6,peak,M-8673,Tampered,On-Time,1
1628,52.33,gas,Residential,Houston,168.99,peak,M-6367,Normal,On-Time,0
1629,244.73,gas,Commercial,New York,83.23,peak,M-9176,Tampered,On-Time,1
1630,228.46,electricity,Residential,Miami,235.68,off-peak,M-4824,Normal,On-Time,0
1631,82.81,gas,Residential,Los Angeles,73.47,peak,M-3748,Tampered,Late,1
1632,181.1,electricity,Residential,Seattle,483.39,off-peak,M-1606,Tampered,On-Time,1
1633,280.01,electricity,Commercial,Boston,77.32,off-peak,M-9813,Tampered,Late,1
1634,105.55,gas,Residential,Chicago,25.22,off-peak,M-1960,Tampered,On-Time,1
1635,84.83,electricity,Commercial,Dallas,103.1,peak,M-8061,Normal,On-Time,0
1636,419.7,gas,Residential,Dallas,122.13,peak,M-1920,Normal,On-Time,1
1637,393.68,gas,Residential,New York,392.27,peak,M-9212,Tampered,On-Time,1
1638,328.61,gas,Commercial,Dallas,151.04,peak,M-1581,Normal,On-Time,1
1639,484.91,gas,Commercial,Miami,269.45,peak,M-2919,Tampered,Late,1
1640,320.34,electricity,Residential,Seattle,246.64,peak,M-8934,Normal,On-Time,0
1641,498.83,electricity,Residential,Houston,43.53,peak,M-1694,Normal,Late,1
1642,63.92,gas,Residential,Seattle,174.71,peak,M-3403,Tampered,Late,1
1643,159.76,electricity,Residential,Chicago,185.86,off-peak,M-3521,Normal,On-Time,0
1644,443.69,gas,Commercial,Los Angeles,255.91,peak,M-2102,Normal,On-Time,0
1645,398.53,electricity,Commercial,Houston,480.15,off-peak,M-2277,Tampered,Late,1
1646,384.67,electricity,Commercial,New York,133.8,off-peak,M-9085,Normal,On-Time,1
1647,215.22,electricity,Commercial,Miami,43.67,off-peak,M-1836,Tampered,On-Time,1
1648,382.45,electricity,Residential,Dallas,327.65,peak,M-2572,Normal,Late,0
1649,101.74,electricity,Residential,Dallas,20.52,off-peak,M-8581,Tampered,On-Time,1
1650,25.76,gas,Residential,Boston,48.56,peak,M-4681,Normal,Late,0
1651,328.14,gas,Commercial,Chicago,323.94,off-peak,M-9073,Normal,On-Time,0
1652,481.69,electricity,Commercial,Seattle,46.42,peak,M-3686,Normal,On-Time,1
1653,481.79,electricity,Commercial,Boston,233.32,off-peak,M-6734,Tampered,On-Time,1
1654,86.03,gas,Residential,Seattle,17.95,off-peak,M-7011,Tampered,On-Time,1
1655,200.78,electricity,Commercial,Seattle,227.24,peak,M-3800,Tampered,On-Time,1
1656,476.37,electricity,Residential,Los Angeles,337.5,off-peak,M-1429,Tampered,Late,1
1657,287.47,gas,Commercial,Dallas,161.12,peak,M-4986,Tampered,On-Time,1
1658,416.58,gas,Commercial,New York,319.51,off-peak,M-7259,Tampered,On-Time,1
1659,78.59,gas,Residential,Miami,499.03,peak,M-9618,Tampered,Late,1
1660,448.69,electricity,Residential,Miami,313.79,peak,M-6423,Normal,On-Time,0
1661,102.18,gas,Residential,Houston,335.04,off-peak,M-2129,Normal,Late,0
1662,428.58,gas,Commercial,Miami,452.4,peak,M-4654,Normal,Late,0
1663,28.61,gas,Residential,Chicago,13.22,off-peak,M-3387,Normal,Late,1
1664,236.17,electricity,Commercial,Seattle,351.28,off-peak,M-4847,Normal,Late,0
1665,33.19,gas,Commercial,Miami,82.26,off-peak,M-7586,Normal,On-Time,0
1666,163.27,gas,Commercial,Seattle,110.45,peak,M-5006,Tampered,Late,1
1667,75.62,gas,Commercial,Seattle,67.12,peak,M-7672,Normal,Late,0
1668,302.58,gas,Residential,New York,372.25,off-peak,M-1895,Normal,Late,0
1669,179.66,gas,Residential,New York,268.01,off-peak,M-6227,Normal,Late,0
1670,106.9,electricity,Commercial,Seattle,17.95,peak,M-9179,Tampered,On-Time,1
1671,197.42,gas,Commercial,Miami,160.57,off-peak,M-3988,Tampered,Late,1
1672,329.51,gas,Commercial,New York,309.41,off-peak,M-5307,Normal,On-Time,0
1673,353.86,gas,Residential,Dallas,440.48,peak,M-2338,Tampered,On-Time,1
1674,30.23,electricity,Commercial,Chicago,69.43,peak,M-2364,Normal,Late,0
1675,433.68,electricity,Residential,Boston,398.51,peak,M-1888,Normal,On-Time,0
1676,135.2,electricity,Commercial,Boston,387.41,off-peak,M-4716,Tampered,Late,1
1677,114.52,gas,Residential,Seattle,157.35,off-peak,M-3289,Normal,Late,0
1678,152.76,gas,Residential,Houston,48.49,peak,M-6403,Normal,Late,1
1679,70.48,gas,Commercial,Boston,429.58,off-peak,M-2254,Normal,On-Time,0
1680,468.67,gas,Residential,New York,69.53,peak,M-8039,Normal,On-Time,1
1681,179.02,gas,Commercial,Seattle,385.55,peak,M-5545,Normal,On-Time,0
1682,398.93,electricity,Residential,Seattle,116.57,off-peak,M-6562,Tampered,Late,1
1683,115.59,electricity,Residential,Boston,178.46,off-peak,M-5294,Tampered,Late,1
1684,138.53,electricity,Commercial,Seattle,33.2,off-peak,M-7218,Normal,Late,1
1685,39.99,electricity,Commercial,Miami,467.04,off-peak,M-5963,Tampered,On-Time,1
1686,245,gas,Commercial,Seattle,264.18,off-peak,M-5910,Normal,Late,0
1687,376.18,electricity,Residential,Dallas,301.42,peak,M-8254,Normal,On-Time,0
1688,406.11,electricity,Commercial,Boston,355.98,off-peak,M-4776,Tampered,Late,1
1689,204.63,gas,Commercial,Houston,418.29,off-peak,M-3768,Normal,Late,0
1690,362.03,gas,Commercial,Boston,170.02,off-peak,M-2813,Normal,On-Time,1
1691,318.97,gas,Commercial,Miami,398.09,off-peak,M-7296,Tampered,Late,1
1692,53.18,gas,Residential,New York,209.53,peak,M-6181,Normal,Late,0
1693,247.5,electricity,Residential,New York,387.39,off-peak,M-8182,Normal,Late,0
1694,302.08,gas,Residential,Seattle,180.94,peak,M-3765,Normal,On-Time,0
1695,375.51,electricity,Commercial,Los Angeles,0.45,peak,M-8672,Tampered,Late,1
1696,52.1,gas,Residential,Miami,122.18,off-peak,M-8194,Tampered,On-Time,1
1697,165.17,electricity,Commercial,New York,436.47,peak,M-6707,Tampered,Late,1
1698,336.73,gas,Residential,Los Angeles,148.93,off-peak,M-6898,Tampered,On-Time,1
1699,340.19,gas,Commercial,Los Angeles,26.17,peak,M-5819,Normal,On-Time,1
1700,255.8,electricity,Residential,Dallas,210.29,peak,M-7302,Normal,On-Time,0
1701,225.05,gas,Residential,Seattle,341.89,peak,M-7510,Normal,Late,0
1702,18.22,gas,Residential,Los Angeles,115.59,off-peak,M-6644,Normal,Late,0
1703,96.64,gas,Residential,Chicago,223.96,off-peak,M-7499,Normal,Late,0
1704,335.6,electricity,Residential,New York,227.64,off-peak,M-7884,Normal,On-Time,0
1705,212.38,gas,Residential,Miami,388.22,off-peak,M-8986,Normal,On-Time,0
1706,323.54,gas,Residential,Los Angeles,60.99,off-peak,M-5601,Tampered,On-Time,1
1707,271.92,gas,Commercial,Boston,363.85,off-peak,M-2424,Normal,Late,0
1708,128.65,gas,Residential,Miami,155.26,peak,M-7677,Normal,Late,0
1709,3.87,electricity,Commercial,Los Angeles,127.24,off-peak,M-4557,Normal,On-Time,0
1710,148.01,gas,Residential,Los Angeles,30.26,off-peak,M-5340,Normal,On-Time,1
1711,307.15,gas,Residential,Seattle,1.2,peak,M-1550,Tampered,Late,1
1712,474.77,electricity,Residential,New York,97,peak,M-8152,Normal,On-Time,1
1713,497.69,gas,Residential,Houston,360.17,peak,M-9324,Tampered,Late,1
1714,306.37,electricity,Commercial,Los Angeles,492.65,peak,M-2885,Normal,On-Time,0
1715,344.56,electricity,Residential,Chicago,446.61,peak,M-5412,Normal,On-Time,0
1716,125.37,electricity,Residential,Miami,34.02,off-peak,M-8394,Tampered,Late,1
1717,410.09,gas,Commercial,Chicago,34.06,peak,M-3577,Normal,Late,1
1718,480.29,gas,Residential,Los Angeles,27.89,off-peak,M-4581,Normal,Late,1
1719,0.98,electricity,Residential,Seattle,23.52,peak,M-2839,Normal,On-Time,0
1720,140.58,gas,Residential,Seattle,213.17,peak,M-3946,Tampered,On-Time,1
1721,5.73,electricity,Residential,Dallas,19.07,peak,M-2054,Normal,Late,0
1722,190.62,gas,Commercial,Dallas,392.87,peak,M-6250,Tampered,Late,1
1723,4.08,gas,Commercial,Los Angeles,81.53,peak,M-3517,Normal,On-Time,0
1724,278.49,gas,Residential,Boston,20.87,off-peak,M-6859,Normal,Late,1
1725,287.18,electricity,Residential,New York,268.72,peak,M-6059,Tampered,On-Time,1
1726,332.61,gas,Residential,Seattle,481.74,off-peak,M-3069,Normal,On-Time,0
1727,268,gas,Commercial,New York,173.28,peak,M-3867,Normal,On-Time,0
1728,441,electricity,Commercial,Chicago,461.07,off-peak,M-5602,Normal,On-Time,0
1729,200.06,electricity,Commercial,Los Angeles,446.18,off-peak,M-5704,Tampered,On-Time,1
1730,491.15,electricity,Residential,Boston,105.1,peak,M-4248,Tampered,Late,1
1731,475.06,gas,Residential,Los Angeles,100.43,off-peak,M-1907,Normal,On-Time,1
1732,364.34,electricity,Commercial,Dallas,133.65,off-peak,M-1068,Tampered,Late,1
1733,88.44,electricity,Residential,Dallas,345.03,off-peak,M-7329,Tampered,On-Time,1
1734,486.97,electricity,Commercial,Dallas,191.82,peak,M-7103,Normal,Late,1
1735,26.1,electricity,Residential,Dallas,165.21,peak,M-4964,Tampered,Late,1
1736,33.27,gas,Commercial,Los Angeles,245.34,peak,M-4230,Normal,Late,0
1737,90.14,electricity,Residential,Miami,170.7,off-peak,M-7494,Tampered,On-Time,1
1738,355.05,gas,Commercial,Dallas,292.31,off-peak,M-4291,Tampered,Late,1
1739,6.89,electricity,Residential,Los Angeles,22.51,peak,M-1514,Tampered,Late,1
1740,69.53,electricity,Commercial,Chicago,33.84,peak,M-1784,Tampered,On-Time,1
1741,41.12,gas,Commercial,Chicago,257.96,peak,M-2564,Normal,Late,0
1742,481.56,gas,Residential,Seattle,330.91,off-peak,M-3703,Normal,On-Time,0
1743,68.97,gas,Residential,Dallas,453.53,off-peak,M-1781,Tampered,Late,1
1744,240.86,gas,Residential,Dallas,30.62,peak,M-2267,Tampered,On-Time,1
1745,486.39,electricity,Commercial,Dallas,303.74,off-peak,M-7314,Tampered,On-Time,1
1746,460.78,electricity,Residential,Chicago,451.28,off-peak,M-1821,Normal,On-Time,0
1747,221.7,electricity,Commercial,Boston,135.02,off-peak,M-1525,Tampered,On-Time,1
1748,158.64,electricity,Residential,Miami,68.13,off-peak,M-8384,Normal,Late,1
1749,454.88,gas,Residential,Chicago,264.19,off-peak,M-7300,Tampered,On-Time,1
1750,295.76,electricity,Commercial,Miami,444.99,peak,M-6922,Tampered,On-Time,1
1751,491.68,electricity,Residential,Boston,54.49,off-peak,M-3905,Normal,On-Time,1
1752,246.77,electricity,Residential,Seattle,305.5,peak,M-3160,Tampered,On-Time,1
1753,10.14,electricity,Commercial,Miami,468.35,off-peak,M-7979,Normal,Late,0
1754,465.58,electricity,Residential,Seattle,429.07,off-peak,M-3246,Tampered,Late,1
1755,169.54,electricity,Residential,Los Angeles,99.46,off-peak,M-9392,Normal,On-Time,0
1756,53.59,gas,Commercial,Dallas,452.12,peak,M-8047,Tampered,On-Time,1
1757,122.64,gas,Commercial,Dallas,91.01,peak,M-1069,Tampered,On-Time,1
1758,140.57,electricity,Residential,Houston,130.67,off-peak,M-6941,Tampered,Late,1
1759,363.15,gas,Residential,Chicago,0.2,off-peak,M-9124,Tampered,Late,1
1760,266.57,electricity,Residential,Dallas,274.24,peak,M-8452,Tampered,Late,1
1761,180.82,electricity,Residential,Miami,157.87,off-peak,M-2382,Tampered,On-Time,1
1762,110.58,gas,Residential,Dallas,476.74,off-peak,M-2508,Normal,On-Time,0
1763,278.55,electricity,Commercial,Boston,9.45,off-peak,M-5250,Normal,Late,1
1764,292.54,electricity,Commercial,Miami,315.91,peak,M-4964,Tampered,On-Time,1
1765,198.76,electricity,Commercial,Seattle,271.11,off-peak,M-6088,Tampered,On-Time,1
1766,39.93,gas,Residential,Los Angeles,178.57,off-peak,M-7077,Normal,Late,0
1767,265.19,electricity,Residential,Houston,12.45,peak,M-1925,Normal,Late,1
1768,313.62,gas,Commercial,Dallas,454.83,peak,M-8124,Tampered,On-Time,1
1769,229.42,electricity,Residential,Houston,439.14,peak,M-6600,Tampered,On-Time,1
1770,47.84,electricity,Commercial,Dallas,358.95,off-peak,M-3819,Normal,Late,0
1771,362.97,electricity,Residential,Houston,150.16,peak,M-1893,Normal,On-Time,1
1772,35.93,gas,Residential,Los Angeles,466.52,peak,M-2600,Tampered,Late,1
1773,244.4,gas,Residential,Los Angeles,171.06,off-peak,M-5986,Normal,Late,0
1774,29.13,electricity,Commercial,Chicago,189.67,off-peak,M-4630,Tampered,On-Time,1
1775,375.76,electricity,Residential,Miami,315.09,peak,M-5532,Tampered,Late,1
1776,443.6,gas,Residential,Miami,125.33,peak,M-4028,Normal,On-Time,1
1777,32.2,gas,Residential,New York,70.18,off-peak,M-3152,Normal,Late,0
1778,81.78,gas,Commercial,Seattle,9.67,off-peak,M-5334,Normal,Late,1
1779,73.27,gas,Residential,Seattle,95.26,off-peak,M-2535,Normal,On-Time,0
1780,458.6,electricity,Residential,Seattle,102.14,peak,M-9192,Tampered,On-Time,1
1781,184.11,gas,Commercial,Chicago,420.43,off-peak,M-1709,Tampered,On-Time,1
1782,448.05,electricity,Residential,Houston,49.97,off-peak,M-1584,Normal,On-Time,1
1783,200.98,electricity,Residential,Miami,42.56,peak,M-2521,Normal,On-Time,1
1784,487.04,electricity,Commercial,Boston,404.66,peak,M-9972,Normal,Late,0
1785,383.05,electricity,Residential,Miami,370.52,off-peak,M-7638,Normal,On-Time,0
1786,26.14,gas,Commercial,Chicago,206.64,off-peak,M-3103,Normal,Late,0
1787,248.56,electricity,Residential,Seattle,430.93,off-peak,M-2475,Tampered,On-Time,1
1788,436.33,gas,Residential,Chicago,254.03,peak,M-1598,Normal,On-Time,0
1789,220.36,gas,Residential,New York,468.83,peak,M-3300,Normal,On-Time,0
1790,51.93,electricity,Commercial,Seattle,84.65,off-peak,M-1338,Tampered,Late,1
1791,362.74,electricity,Residential,Chicago,280.89,peak,M-9771,Normal,Late,0
1792,71.99,electricity,Residential,Seattle,43.27,off-peak,M-8615,Normal,On-Time,0
1793,301.16,electricity,Commercial,Dallas,373.68,off-peak,M-1530,Tampered,Late,1
1794,318.05,electricity,Commercial,Los Angeles,265.32,peak,M-7981,Normal,Late,0
1795,58.38,electricity,Residential,Los Angeles,444.65,off-peak,M-6787,Tampered,On-Time,1
1796,137.29,gas,Residential,Miami,264,off-peak,M-3533,Tampered,On-Time,1
1797,301.57,electricity,Commercial,Boston,128.16,off-peak,M-6600,Tampered,Late,1
1798,483.71,electricity,Commercial,Los Angeles,153.84,off-peak,M-2905,Tampered,On-Time,1
1799,329.28,gas,Residential,Miami,45.19,off-peak,M-5547,Normal,Late,1
1800,132.7,electricity,Commercial,New York,106.6,off-peak,M-7065,Normal,Late,0
1801,474.99,electricity,Commercial,Chicago,380.35,peak,M-7153,Normal,On-Time,0
1802,306.43,electricity,Residential,Seattle,76.58,peak,M-8751,Normal,On-Time,1
1803,495.42,gas,Commercial,New York,486.24,off-peak,M-5780,Tampered,Late,1
1804,68.65,electricity,Commercial,Los Angeles,405.19,peak,M-8169,Normal,Late,0
1805,144.33,electricity,Residential,Los Angeles,371.41,peak,M-2342,Tampered,On-Time,1
1806,66.68,gas,Residential,New York,336.52,peak,M-7234,Normal,Late,0
1807,41.79,electricity,Commercial,Chicago,333.12,peak,M-4576,Tampered,Late,1
1808,178.77,gas,Residential,Miami,498.04,off-peak,M-5926,Tampered,On-Time,1
1809,82.47,electricity,Commercial,New York,245.17,peak,M-5048,Tampered,On-Time,1
1810,419.98,electricity,Commercial,Miami,197.02,peak,M-2850,Normal,Late,1
1811,315.36,gas,Commercial,New York,385.29,off-peak,M-6632,Tampered,On-Time,1
1812,20.45,gas,Commercial,New York,316.95,off-peak,M-9736,Tampered,On-Time,1
1813,460.41,gas,Residential,New York,357.44,peak,M-6568,Normal,Late,0
1814,328.93,electricity,Commercial,Los Angeles,476.2,peak,M-6168,Normal,On-Time,0
1815,320.62,electricity,Residential,Los Angeles,48.34,peak,M-8529,Normal,Late,1
1816,281.05,electricity,Commercial,Los Angeles,368.33,peak,M-5177,Normal,On-Time,0
1817,388.19,gas,Residential,Dallas,322.31,peak,M-3250,Normal,On-Time,0
1818,177.63,electricity,Residential,Los Angeles,480.32,off-peak,M-8075,Tampered,On-Time,1
1819,140.66,gas,Residential,Houston,488.13,peak,M-3971,Tampered,Late,1
1820,27.56,electricity,Commercial,Los Angeles,166.34,peak,M-3882,Tampered,Late,1
1821,160.86,electricity,Residential,New York,300.23,peak,M-9788,Tampered,Late,1
1822,472.61,electricity,Commercial,Dallas,112.05,off-peak,M-5130,Normal,On-Time,1
1823,270.69,gas,Commercial,New York,0.29,peak,M-5389,Normal,Late,1
1824,292.21,gas,Commercial,Seattle,137.74,off-peak,M-2914,Tampered,Late,1
1825,447.87,gas,Commercial,Boston,22.09,off-peak,M-5924,Tampered,Late,1
1826,156.93,gas,Residential,Seattle,474.22,peak,M-4308,Tampered,On-Time,1
1827,17.98,gas,Commercial,Boston,9.06,off-peak,M-9062,Normal,On-Time,0
1828,84.22,electricity,Commercial,Chicago,401.6,off-peak,M-4946,Normal,Late,0
1829,343.02,electricity,Commercial,Miami,410.11,off-peak,M-8683,Tampered,Late,1
1830,240.27,gas,Commercial,Seattle,301.37,peak,M-6989,Normal,On-Time,0
1831,2.34,gas,Residential,Boston,120.33,peak,M-1137,Normal,On-Time,0
1832,153.24,electricity,Commercial,Seattle,243.25,peak,M-4203,Normal,On-Time,0
1833,467.8,gas,Residential,Chicago,213.71,peak,M-3110,Tampered,On-Time,1
1834,154.11,gas,Commercial,Los Angeles,268.4,peak,M-1566,Tampered,Late,1
1835,112.23,electricity,Residential,Boston,117.47,peak,M-2427,Tampered,On-Time,1
1836,286.91,electricity,Commercial,New York,1.72,peak,M-7414,Normal,Late,1
1837,142.68,gas,Residential,Houston,411.72,peak,M-8803,Normal,On-Time,0
1838,109.57,gas,Residential,Chicago,112.44,peak,M-6422,Normal,On-Time,0
1839,171.92,electricity,Commercial,New York,340.17,off-peak,M-5501,Normal,Late,0
1840,73.12,electricity,Commercial,Miami,355.24,off-peak,M-7927,Normal,On-Time,0
1841,218.23,gas,Commercial,Houston,38.49,peak,M-7331,Tampered,Late,1
1842,388.46,electricity,Residential,Houston,420.86,off-peak,M-4481,Normal,On-Time,0
1843,477.96,gas,Residential,Boston,252.71,off-peak,M-4197,Normal,On-Time,0
1844,475.22,electricity,Commercial,Dallas,408.39,off-peak,M-8924,Normal,On-Time,0
1845,487.08,electricity,Residential,Los Angeles,417.59,peak,M-5465,Tampered,On-Time,1
1846,322.61,gas,Commercial,Chicago,92.04,peak,M-1004,Tampered,Late,1
1847,144.94,gas,Residential,Los Angeles,102.29,peak,M-5817,Tampered,Late,1
1848,408.55,electricity,Commercial,Miami,444.9,peak,M-3924,Normal,On-Time,0
1849,302.57,electricity,Commercial,Boston,323.58,peak,M-2285,Tampered,Late,1
1850,352.47,electricity,Residential,Miami,107.7,off-peak,M-8487,Tampered,Late,1
1851,233.13,electricity,Residential,Seattle,135.74,peak,M-9737,Normal,On-Time,0
1852,308.86,electricity,Commercial,Seattle,7.82,peak,M-1141,Normal,On-Time,1
1853,218.88,electricity,Residential,Chicago,217.83,off-peak,M-1517,Tampered,Late,1
1854,102.09,gas,Residential,Seattle,87.9,peak,M-3871,Tampered,On-Time,1
1855,235.4,electricity,Commercial,Seattle,39.08,peak,M-5359,Tampered,Late,1
1856,388.66,gas,Commercial,Chicago,410.48,off-peak,M-2046,Normal,On-Time,0
1857,464.62,gas,Residential,New York,47.68,peak,M-1100,Tampered,Late,1
1858,372.51,electricity,Residential,Dallas,98.74,peak,M-2399,Normal,On-Time,1
1859,340.86,electricity,Residential,Los Angeles,31.85,off-peak,M-9267,Normal,Late,1
1860,242.97,gas,Residential,Dallas,412.71,off-peak,M-5389,Normal,Late,0
1861,195.1,electricity,Residential,Dallas,227.19,peak,M-3482,Normal,Late,0
1862,135.55,electricity,Residential,Los Angeles,385.34,peak,M-8193,Tampered,On-Time,1
1863,100.5,electricity,Commercial,Houston,269.41,off-peak,M-2999,Tampered,Late,1
1864,330.96,electricity,Commercial,New York,441.28,peak,M-2451,Normal,Late,0
1865,179.39,gas,Commercial,Seattle,65.84,off-peak,M-4006,Normal,On-Time,1
1866,487.83,electricity,Residential,Dallas,275.57,peak,M-1052,Tampered,Late,1
1867,375.64,electricity,Commercial,Chicago,154.31,peak,M-3481,Tampered,On-Time,1
1868,315.98,gas,Residential,Seattle,143.53,peak,M-8897,Normal,Late,1
1869,461.13,electricity,Commercial,Miami,10.32,off-peak,M-6510,Normal,On-Time,1
1870,134.73,gas,Commercial,Los Angeles,399.56,off-peak,M-8052,Tampered,Late,1
1871,170.42,electricity,Commercial,Chicago,284.16,peak,M-1353,Tampered,On-Time,1
1872,211.85,gas,Residential,New York,359.08,off-peak,M-3182,Normal,On-Time,0
1873,78.93,electricity,Commercial,Miami,202.9,peak,M-8572,Tampered,On-Time,1
1874,323.07,gas,Residential,New York,490.79,off-peak,M-9023,Normal,On-Time,0
1875,342.76,electricity,Commercial,Boston,336.41,peak,M-2958,Normal,Late,0
1876,289.33,gas,Residential,Seattle,70.23,peak,M-9992,Tampered,On-Time,1
1877,246.56,gas,Commercial,Boston,469.47,peak,M-3634,Normal,On-Time,0
1878,343.7,electricity,Residential,Los Angeles,337.3,peak,M-7022,Normal,Late,0
1879,393.25,electricity,Residential,Seattle,445.16,peak,M-1946,Normal,Late,0
1880,480.96,gas,Commercial,Boston,261.03,peak,M-2922,Normal,On-Time,0
1881,158.1,electricity,Commercial,Los Angeles,288.04,peak,M-2927,Normal,On-Time,0
1882,3.37,electricity,Commercial,Miami,265.23,off-peak,M-1490,Tampered,On-Time,1
1883,1.83,gas,Residential,Chicago,313.29,peak,M-3469,Tampered,Late,1
1884,116.99,gas,Residential,Seattle,116.19,peak,M-7172,Normal,Late,0
1885,175.52,electricity,Residential,Dallas,204.86,peak,M-4388,Normal,On-Time,0
1886,258.83,electricity,Commercial,Boston,391.68,peak,M-5487,Normal,Late,0
1887,234.96,gas,Residential,Chicago,149.06,peak,M-4912,Normal,Late,0
1888,83.72,electricity,Residential,Seattle,188.48,peak,M-1639,Tampered,Late,1
1889,292.74,electricity,Residential,Boston,67.39,peak,M-9587,Tampered,On-Time,1
1890,36.99,gas,Commercial,Houston,193.73,peak,M-6893,Tampered,Late,1
1891,339.55,gas,Residential,Los Angeles,200.29,off-peak,M-3670,Normal,Late,0
1892,9.48,gas,Residential,Miami,479.99,off-peak,M-5625,Normal,Late,0
1893,479.8,electricity,Commercial,New York,367.34,off-peak,M-5532,Normal,Late,0
1894,125.03,electricity,Residential,Chicago,203.34,peak,M-5844,Normal,On-Time,0
1895,371.18,gas,Commercial,Seattle,390.06,off-peak,M-2003,Normal,On-Time,0
1896,103.83,electricity,Residential,New York,223.96,peak,M-4901,Normal,On-Time,0
1897,60.38,electricity,Residential,Boston,42.04,peak,M-2418,Tampered,On-Time,1
1898,491.11,gas,Commercial,Los Angeles,247.83,peak,M-4903,Tampered,On-Time,1
1899,446.5,electricity,Residential,Seattle,23.58,peak,M-2050,Tampered,On-Time,1
1900,77.2,gas,Residential,Los Angeles,64.02,peak,M-9057,Normal,Late,0
1901,31.25,gas,Commercial,Boston,469.08,peak,M-5767,Normal,Late,0
1902,291.96,gas,Residential,Houston,223.4,off-peak,M-8015,Tampered,On-Time,1
1903,116.04,electricity,Commercial,Boston,302.75,peak,M-2256,Tampered,Late,1
1904,334.95,electricity,Commercial,Miami,106.23,peak,M-5305,Normal,Late,1
1905,348.49,electricity,Commercial,Houston,436.87,off-peak,M-6892,Normal,Late,0
1906,353.58,gas,Residential,Seattle,438.6,off-peak,M-3967,Tampered,On-Time,1
1907,428.32,gas,Residential,Los Angeles,306.25,off-peak,M-8385,Tampered,Late,1
1908,28.35,gas,Residential,Chicago,252.41,peak,M-9817,Normal,On-Time,0
1909,239.76,electricity,Commercial,Dallas,157.96,peak,M-2308,Tampered,Late,1
1910,252.79,gas,Residential,New York,73.17,peak,M-7534,Tampered,Late,1
1911,110.21,electricity,Residential,Chicago,19.11,peak,M-4645,Normal,Late,1
1912,252.37,electricity,Residential,New York,293.28,peak,M-4425,Normal,Late,0
1913,481.35,gas,Residential,Miami,114.86,peak,M-4144,Tampered,Late,1
1914,107.68,gas,Residential,Dallas,341.25,peak,M-8900,Normal,On-Time,0
1915,270,gas,Commercial,Seattle,434.51,peak,M-1438,Tampered,Late,1
1916,422.56,electricity,Residential,Dallas,469.89,off-peak,M-5576,Normal,Late,0
1917,21.21,gas,Residential,Chicago,312.57,off-peak,M-3899,Tampered,On-Time,1
1918,172.62,electricity,Residential,New York,131.51,off-peak,M-7065,Tampered,On-Time,1
1919,76.35,gas,Residential,Boston,459.69,peak,M-6610,Normal,Late,0
1920,263.82,electricity,Commercial,Boston,249.74,off-peak,M-9554,Normal,On-Time,0
1921,69.59,gas,Residential,Los Angeles,8.72,peak,M-7598,Tampered,On-Time,1
1922,311.07,electricity,Residential,Los Angeles,443.09,peak,M-7647,Normal,On-Time,0
1923,66.86,electricity,Residential,Miami,449.77,off-peak,M-2738,Normal,On-Time,0
1924,229.02,gas,Residential,Houston,179.92,off-peak,M-2784,Tampered,On-Time,1
1925,69.55,electricity,Commercial,Miami,207.21,off-peak,M-5693,Normal,Late,0
1926,282.85,electricity,Residential,Miami,317.63,peak,M-7088,Tampered,On-Time,1
1927,458.79,gas,Commercial,Seattle,225.19,off-peak,M-5867,Tampered,Late,1
1928,474.65,electricity,Residential,Los Angeles,131.37,peak,M-3402,Tampered,On-Time,1
1929,390.3,electricity,Residential,New York,375.62,off-peak,M-3406,Normal,Late,0
1930,389.89,gas,Commercial,New York,114.13,off-peak,M-3318,Tampered,On-Time,1
1931,169.42,gas,Commercial,Chicago,451.59,peak,M-1334,Tampered,On-Time,1
1932,42.07,gas,Commercial,New York,32.01,off-peak,M-1839,Normal,On-Time,0
1933,11.05,electricity,Commercial,Seattle,15.13,off-peak,M-2151,Normal,On-Time,0
1934,405.16,electricity,Commercial,Boston,179.04,off-peak,M-6015,Tampered,On-Time,1
1935,117.11,gas,Commercial,Boston,470.07,peak,M-8172,Tampered,Late,1
1936,76.49,gas,Commercial,Boston,55.63,peak,M-1701,Tampered,Late,1
1937,125.65,gas,Commercial,Miami,417.32,off-peak,M-2682,Tampered,On-Time,1
1938,145.96,gas,Residential,Chicago,209.54,peak,M-8609,Tampered,On-Time,1
1939,296.37,gas,Residential,Houston,88.54,off-peak,M-2086,Normal,On-Time,1
1940,4.83,electricity,Residential,Dallas,60.37,peak,M-2026,Normal,Late,0
1941,140.29,gas,Residential,Los Angeles,455.87,off-peak,M-9860,Normal,On-Time,0
1942,434.62,gas,Residential,Seattle,476.55,peak,M-4610,Tampered,Late,1
1943,298.19,gas,Commercial,New York,302.56,peak,M-6929,Tampered,Late,1
1944,89.32,electricity,Residential,Chicago,90.41,peak,M-3228,Tampered,On-Time,1
1945,96.12,gas,Commercial,Boston,53.29,peak,M-7372,Tampered,Late,1
1946,326.74,gas,Residential,New York,457.87,off-peak,M-1617,Tampered,On-Time,1
1947,311.8,gas,Residential,Chicago,19,off-peak,M-4828,Normal,Late,1
1948,221.01,electricity,Residential,Dallas,116.74,peak,M-1858,Normal,Late,0
1949,228.37,gas,Residential,Houston,389.76,off-peak,M-5586,Normal,Late,0
1950,225.53,electricity,Residential,Boston,87.53,peak,M-6496,Tampered,On-Time,1
1951,43.74,gas,Residential,Dallas,363.52,peak,M-2884,Tampered,Late,1
1952,228.52,electricity,Residential,Los Angeles,160.8,peak,M-9571,Tampered,Late,1
1953,171.81,electricity,Residential,Dallas,479.42,off-peak,M-9314,Tampered,On-Time,1
1954,399,gas,Commercial,Houston,388.3,off-peak,M-2027,Normal,On-Time,0
1955,265.26,electricity,Residential,New York,249.22,peak,M-6243,Normal,On-Time,0
1956,313.56,gas,Commercial,Dallas,459.46,peak,M-3885,Tampered,On-Time,1
1957,318.29,electricity,Commercial,Chicago,427.3,off-peak,M-8936,Tampered,On-Time,1
1958,233.85,gas,Residential,Los Angeles,102.19,peak,M-5922,Normal,On-Time,1
1959,184.79,electricity,Commercial,Seattle,23,peak,M-4266,Tampered,On-Time,1
1960,12.77,gas,Residential,Los Angeles,421.16,off-peak,M-8929,Tampered,On-Time,1
1961,191.77,gas,Residential,Dallas,354.21,off-peak,M-3722,Normal,On-Time,0
1962,51.83,gas,Commercial,Dallas,387.58,off-peak,M-1257,Normal,On-Time,0
1963,385.19,gas,Commercial,Chicago,401.8,off-peak,M-2766,Tampered,On-Time,1
1964,454.77,gas,Residential,Dallas,349.93,off-peak,M-2025,Normal,On-Time,0
1965,293.64,electricity,Residential,Chicago,480.43,peak,M-6911,Normal,On-Time,0
1966,286.8,electricity,Residential,Dallas,322.39,peak,M-6896,Tampered,Late,1
1967,441.36,gas,Commercial,Los Angeles,490.82,off-peak,M-4174,Normal,On-Time,0
1968,471.49,electricity,Commercial,Dallas,182.75,peak,M-5607,Tampered,On-Time,1
1969,98.69,electricity,Commercial,Boston,466.44,off-peak,M-4853,Normal,Late,0
1970,352.96,electricity,Residential,Houston,390.56,peak,M-7387,Tampered,On-Time,1
1971,445.84,gas,Commercial,Boston,439.35,peak,M-1455,Tampered,On-Time,1
1972,442.17,electricity,Residential,Seattle,277.4,peak,M-5452,Tampered,Late,1
1973,252.66,electricity,Commercial,Seattle,214.43,off-peak,M-7702,Tampered,Late,1
1974,178.94,gas,Commercial,Seattle,386.47,off-peak,M-8884,Tampered,On-Time,1
1975,218.17,gas,Commercial,New York,460.94,off-peak,M-4359,Tampered,Late,1
1976,34.32,electricity,Residential,Boston,79.34,off-peak,M-6600,Normal,Late,0
1977,71.09,gas,Residential,Seattle,6,peak,M-4927,Normal,On-Time,1
1978,110.31,electricity,Residential,New York,267.17,off-peak,M-4045,Normal,Late,0
1979,2.95,gas,Commercial,Chicago,412.65,off-peak,M-3846,Tampered,Late,1
1980,223.02,electricity,Commercial,Dallas,379.42,peak,M-5456,Tampered,On-Time,1
1981,204.85,gas,Commercial,Houston,465.63,peak,M-7391,Normal,On-Time,0
1982,337.96,gas,Commercial,Houston,279.68,off-peak,M-6032,Tampered,On-Time,1
1983,499.87,gas,Commercial,New York,212.74,peak,M-7113,Normal,On-Time,1
1984,9.47,gas,Commercial,Seattle,446.27,off-peak,M-9620,Normal,On-Time,0
1985,6.89,electricity,Commercial,Chicago,318.74,peak,M-6160,Tampered,On-Time,1
1986,107.52,electricity,Residential,Boston,424.29,off-peak,M-6799,Tampered,Late,1
1987,125.12,gas,Commercial,Chicago,10.08,off-peak,M-8491,Tampered,On-Time,1
1988,36.55,electricity,Commercial,Chicago,250.48,peak,M-2956,Normal,Late,0
1989,3.56,electricity,Commercial,New York,166.89,peak,M-4479,Tampered,Late,1
1990,13.18,gas,Commercial,Houston,454.77,peak,M-9486,Normal,Late,0
1991,403.01,electricity,Residential,Seattle,473.62,peak,M-2381,Normal,Late,0
1992,425.92,gas,Commercial,Miami,462.91,off-peak,M-5910,Tampered,On-Time,1
1993,316.17,electricity,Commercial,Seattle,297.63,peak,M-8003,Normal,Late,0
1994,458.07,gas,Residential,Boston,346.44,peak,M-4388,Normal,Late,0
1995,51.86,gas,Commercial,Seattle,361.09,off-peak,M-8425,Tampered,On-Time,1
1996,487.67,electricity,Residential,Miami,203.53,peak,M-1320,Tampered,Late,1
1997,472.65,gas,Residential,Dallas,97.89,peak,M-4631,Normal,Late,1
1998,379.51,gas,Residential,Houston,234.13,peak,M-1281,Tampered,On-Time,1
1999,178.44,gas,Commercial,Houston,379.71,off-peak,M-3111,Tampered,Late,1
2000,71.11,electricity,Residential,New York,55.32,off-peak,M-1897,Normal,Late,0
2001,150.7,electricity,Commercial,New York,112.87,peak,M-7615,Tampered,On-Time,1
2002,35.35,electricity,Residential,Chicago,121.34,off-peak,M-3641,Tampered,On-Time,1
2003,295.65,gas,Commercial,Seattle,64.09,peak,M-6784,Tampered,On-Time,1
2004,10.78,electricity,Commercial,Dallas,165.75,peak,M-6543,Tampered,Late,1
2005,380.96,electricity,Residential,Chicago,269.1,peak,M-1444,Tampered,Late,1
2006,156.69,electricity,Residential,Seattle,159.05,off-peak,M-8090,Normal,Late,0
2007,366.83,electricity,Commercial,Houston,467.34,off-peak,M-2700,Tampered,Late,1
2008,482.64,gas,Commercial,Dallas,192.96,off-peak,M-2799,Normal,On-Time,1
2009,118.88,gas,Residential,Chicago,275.31,off-peak,M-5557,Tampered,Late,1
2010,367.84,gas,Residential,Houston,397.42,off-peak,M-5990,Tampered,On-Time,1
2011,224.51,electricity,Commercial,Los Angeles,172.01,off-peak,M-7816,Normal,On-Time,0
2012,311.54,gas,Commercial,Dallas,338.33,off-peak,M-1022,Normal,Late,0
2013,442.38,gas,Residential,Dallas,316.62,off-peak,M-3958,Normal,On-Time,0
2014,79.35,electricity,Commercial,New York,469.3,peak,M-3057,Normal,On-Time,0
2015,171.38,gas,Commercial,Miami,158.09,peak,M-6363,Normal,On-Time,0
2016,352.2,electricity,Commercial,Chicago,379.42,off-peak,M-7546,Normal,Late,0
2017,266.32,gas,Residential,Chicago,18.88,peak,M-5718,Tampered,On-Time,1
2018,450.65,electricity,Residential,Dallas,139.84,off-peak,M-5960,Normal,Late,1
2019,216.77,gas,Residential,Boston,269.85,off-peak,M-3788,Tampered,Late,1
2020,275.82,gas,Commercial,Miami,28.5,peak,M-6631,Normal,On-Time,1
2021,120.43,electricity,Commercial,Los Angeles,264.27,peak,M-6666,Normal,Late,0
2022,141.13,gas,Commercial,Los Angeles,303.92,peak,M-2869,Normal,On-Time,0
2023,121.44,gas,Residential,Miami,461.66,peak,M-2317,Normal,Late,0
2024,244.49,electricity,Residential,Boston,384.95,off-peak,M-2783,Tampered,On-Time,1
2025,276.27,gas,Commercial,Chicago,454.7,peak,M-7549,Tampered,Late,1
2026,246.13,electricity,Residential,Los Angeles,450.18,off-peak,M-4905,Tampered,On-Time,1
2027,238.73,electricity,Residential,Miami,44.45,peak,M-3285,Tampered,Late,1
2028,34.65,gas,Commercial,Chicago,416.74,off-peak,M-9597,Normal,Late,0
2029,343.76,gas,Residential,Boston,343.05,peak,M-9164,Tampered,Late,1
2030,38.27,gas,Commercial,Dallas,419.34,off-peak,M-9660,Tampered,On-Time,1
2031,123.37,electricity,Residential,Miami,104.43,peak,M-4125,Tampered,On-Time,1
2032,267.51,gas,Residential,Houston,213.65,peak,M-5375,Normal,On-Time,0
2033,148.86,gas,Commercial,Los Angeles,175.51,off-peak,M-6341,Normal,On-Time,0
2034,390.44,gas,Commercial,New York,232.39,off-peak,M-3235,Tampered,On-Time,1
2035,366.74,electricity,Residential,Dallas,495.6,off-peak,M-4732,Tampered,Late,1
2036,327.01,gas,Commercial,Boston,391.08,peak,M-3889,Tampered,Late,1
2037,112.35,gas,Residential,New York,186.24,off-peak,M-8031,Tampered,Late,1
2038,452.1,gas,Commercial,Boston,441.61,off-peak,M-6398,Normal,Late,0
2039,326.25,gas,Commercial,New York,328.54,off-peak,M-8191,Normal,On-Time,0
2040,120.45,electricity,Commercial,Dallas,156.26,off-peak,M-2835,Tampered,Late,1
2041,53.28,electricity,Residential,Seattle,107.36,peak,M-1664,Normal,On-Time,0
2042,371.64,electricity,Commercial,Miami,91.14,peak,M-9849,Tampered,Late,1
2043,363.47,gas,Commercial,Miami,280.45,peak,M-5292,Normal,Late,0
2044,380.1,gas,Commercial,Chicago,315.96,peak,M-2184,Normal,Late,0
2045,429.91,gas,Residential,Los Angeles,35.28,peak,M-6690,Normal,Late,1
2046,276.66,gas,Commercial,Dallas,73.94,off-peak,M-6754,Tampered,On-Time,1
2047,12.47,electricity,Commercial,Houston,7.77,off-peak,M-1556,Normal,Late,0
2048,478.06,electricity,Residential,Boston,410.55,peak,M-5797,Normal,Late,0
2049,148.04,electricity,Commercial,New York,355.69,off-peak,M-5760,Normal,Late,0
2050,493.07,electricity,Commercial,New York,152.25,off-peak,M-2288,Normal,Late,1
2051,119.4,electricity,Residential,Miami,363.43,peak,M-1349,Tampered,On-Time,1
2052,190.82,electricity,Commercial,Los Angeles,29.57,peak,M-5376,Normal,On-Time,1
2053,333.9,electricity,Commercial,Dallas,365.65,peak,M-1542,Tampered,Late,1
2054,55.1,electricity,Commercial,New York,115.09,off-peak,M-6497,Normal,On-Time,0
2055,428.74,electricity,Commercial,Boston,63,peak,M-6695,Tampered,Late,1
2056,58.46,gas,Commercial,New York,294.34,off-peak,M-7633,Tampered,Late,1
2057,434.68,gas,Commercial,Los Angeles,380.94,off-peak,M-1319,Tampered,Late,1
2058,449.75,electricity,Residential,Miami,484.49,peak,M-8117,Normal,On-Time,0
2059,369.56,electricity,Residential,Chicago,348.84,off-peak,M-6740,Tampered,Late,1
2060,91.01,electricity,Residential,Chicago,246.47,off-peak,M-3233,Tampered,Late,1
2061,227.22,electricity,Commercial,Miami,127.66,off-peak,M-4138,Tampered,On-Time,1
2062,131.46,gas,Residential,Los Angeles,498.56,off-peak,M-1602,Normal,Late,0
2063,364.68,gas,Residential,Miami,448.24,peak,M-6248,Tampered,On-Time,1
2064,124.85,electricity,Residential,Seattle,354.21,off-peak,M-3369,Tampered,On-Time,1
2065,485.23,electricity,Residential,Dallas,487.87,peak,M-9347,Normal,On-Time,0
2066,307.03,gas,Residential,Dallas,47.87,peak,M-8467,Tampered,On-Time,1
2067,262.88,electricity,Commercial,Los Angeles,417.6,off-peak,M-8941,Tampered,Late,1
2068,456.87,electricity,Commercial,Dallas,447.2,peak,M-5048,Normal,On-Time,0
2069,230.75,electricity,Commercial,Chicago,118.85,off-peak,M-6451,Normal,On-Time,0
2070,327.56,gas,Residential,New York,430.41,peak,M-1094,Normal,Late,0
2071,56.85,electricity,Residential,Boston,228.44,peak,M-8178,Tampered,On-Time,1
2072,166.92,gas,Residential,Dallas,153.73,peak,M-5246,Tampered,Late,1
2073,316.04,gas,Residential,Boston,428.27,off-peak,M-3989,Normal,Late,0
2074,221.02,electricity,Commercial,Houston,448.62,off-peak,M-7816,Normal,Late,0
2075,389.65,electricity,Residential,Miami,387.18,off-peak,M-3310,Tampered,On-Time,1
2076,348.98,gas,Commercial,Chicago,146.41,peak,M-3612,Tampered,On-Time,1
2077,334.43,electricity,Commercial,Los Angeles,472.79,off-peak,M-7863,Normal,Late,0
2078,243.99,electricity,Commercial,Los Angeles,51.67,peak,M-6371,Tampered,Late,1
2079,401.11,gas,Commercial,Dallas,418.6,off-peak,M-6463,Tampered,Late,1
2080,458.54,gas,Commercial,Seattle,14.41,off-peak,M-8349,Normal,On-Time,1
2081,353.95,electricity,Commercial,Los Angeles,405.29,peak,M-4886,Tampered,Late,1
2082,185.86,electricity,Residential,Boston,251.79,off-peak,M-1977,Normal,Late,0
2083,291.09,electricity,Residential,Seattle,421.75,off-peak,M-5070,Tampered,On-Time,1
2084,114.03,electricity,Commercial,Los Angeles,333.29,peak,M-7741,Tampered,On-Time,1
2085,119.71,electricity,Commercial,New York,281.16,peak,M-9562,Normal,Late,0
2086,186.56,electricity,Commercial,Dallas,431.29,off-peak,M-9470,Tampered,On-Time,1
2087,125.04,gas,Residential,Los Angeles,265.23,peak,M-8675,Tampered,Late,1
2088,462.96,gas,Commercial,Los Angeles,383.06,off-peak,M-2526,Normal,On-Time,0
2089,11.28,gas,Residential,Seattle,215.01,peak,M-8677,Tampered,Late,1
2090,393.99,electricity,Commercial,Los Angeles,483.67,peak,M-8083,Normal,Late,0
2091,253.96,electricity,Commercial,Dallas,188.02,off-peak,M-6108,Normal,On-Time,0
2092,344.27,gas,Residential,Seattle,259.96,peak,M-6543,Normal,Late,0
2093,225.65,electricity,Commercial,Dallas,353.7,off-peak,M-1249,Tampered,On-Time,1
2094,465.87,electricity,Residential,Chicago,370.89,off-peak,M-9342,Tampered,On-Time,1
2095,478.64,gas,Commercial,Dallas,249.41,off-peak,M-7215,Tampered,On-Time,1
2096,118.51,gas,Residential,Seattle,227.78,off-peak,M-8654,Normal,On-Time,0
2097,119.08,electricity,Residential,Houston,123.72,peak,M-9264,Tampered,Late,1
2098,8.58,electricity,Commercial,Houston,192.4,peak,M-2559,Tampered,On-Time,1
2099,301.39,electricity,Residential,Chicago,328.84,peak,M-1560,Tampered,Late,1
2100,129.41,electricity,Residential,Chicago,353.36,peak,M-1738,Tampered,On-Time,1
2101,260.47,gas,Commercial,Boston,287.16,off-peak,M-6248,Tampered,Late,1
2102,453.55,gas,Residential,Houston,498.01,peak,M-3377,Tampered,On-Time,1
2103,73.15,electricity,Residential,New York,272.15,peak,M-9623,Normal,On-Time,0
2104,34.61,electricity,Commercial,New York,84.9,peak,M-2809,Tampered,Late,1
2105,248.83,gas,Commercial,Miami,442.16,peak,M-6712,Tampered,Late,1
2106,29.7,electricity,Residential,Los Angeles,77.21,off-peak,M-5079,Tampered,On-Time,1
2107,27.44,electricity,Commercial,Chicago,292.42,peak,M-7321,Normal,On-Time,0
2108,205.61,electricity,Residential,Seattle,491.95,peak,M-2821,Tampered,On-Time,1
2109,187.6,gas,Commercial,Dallas,10.51,peak,M-7863,Normal,On-Time,1
2110,394.32,gas,Commercial,Boston,117.1,off-peak,M-3363,Tampered,Late,1
2111,187.41,gas,Residential,Dallas,427.2,peak,M-1269,Tampered,Late,1
2112,358.32,gas,Commercial,Los Angeles,496.56,off-peak,M-8564,Tampered,On-Time,1
2113,163.27,electricity,Commercial,Dallas,407.4,off-peak,M-8324,Tampered,Late,1
2114,180.96,electricity,Residential,New York,98.12,off-peak,M-4483,Tampered,On-Time,1
2115,464.06,gas,Residential,Seattle,129.44,peak,M-7804,Normal,Late,1
2116,151.25,electricity,Commercial,Seattle,215.96,peak,M-8116,Normal,On-Time,0
2117,247.82,electricity,Commercial,Seattle,287.3,peak,M-9440,Tampered,On-Time,1
2118,389.33,electricity,Commercial,Boston,289.86,peak,M-4361,Normal,On-Time,0
2119,141.48,gas,Commercial,New York,450.05,peak,M-7002,Tampered,Late,1
2120,341.89,gas,Commercial,Chicago,241.37,off-peak,M-8184,Tampered,Late,1
2121,168.21,electricity,Residential,Dallas,117.26,peak,M-9299,Normal,Late,0
2122,64.35,gas,Residential,Dallas,391.33,peak,M-5642,Tampered,Late,1
2123,255.27,electricity,Commercial,Seattle,3.5,off-peak,M-2989,Tampered,On-Time,1
2124,447.51,electricity,Residential,Houston,333.13,peak,M-8937,Normal,Late,0
2125,252.35,gas,Commercial,Boston,176.08,off-peak,M-2079,Tampered,Late,1
2126,319.51,electricity,Residential,Houston,232.61,peak,M-3295,Tampered,On-Time,1
2127,325.65,gas,Residential,Seattle,322.75,peak,M-3592,Normal,On-Time,0
2128,147.02,gas,Commercial,Dallas,282.15,off-peak,M-3103,Tampered,Late,1
2129,494.02,electricity,Residential,Dallas,352.15,off-peak,M-5162,Normal,On-Time,0
2130,486.28,electricity,Commercial,Chicago,138.52,peak,M-6229,Normal,Late,1
2131,118.44,gas,Commercial,Los Angeles,225.04,off-peak,M-5952,Tampered,On-Time,1
2132,213.97,gas,Commercial,New York,31.97,off-peak,M-1260,Normal,On-Time,1
2133,57.19,electricity,Residential,Chicago,315.75,off-peak,M-8675,Tampered,Late,1
2134,20.82,electricity,Residential,Dallas,244.56,off-peak,M-7949,Tampered,Late,1
2135,43.24,electricity,Commercial,New York,485.45,off-peak,M-8870,Normal,Late,0
2136,119.83,gas,Residential,Miami,365.49,peak,M-6060,Tampered,Late,1
2137,355.04,electricity,Commercial,Miami,17.99,off-peak,M-5925,Tampered,Late,1
2138,288.55,gas,Residential,New York,3.03,peak,M-7289,Tampered,Late,1
2139,122.44,electricity,Commercial,Los Angeles,480.19,off-peak,M-7309,Normal,Late,0
2140,194.83,electricity,Residential,Seattle,238.55,peak,M-2764,Tampered,On-Time,1
2141,112.07,gas,Residential,Seattle,297.89,peak,M-1921,Normal,Late,0
2142,254.79,electricity,Commercial,Chicago,354.66,peak,M-4321,Tampered,On-Time,1
2143,218.21,electricity,Commercial,Miami,3.72,off-peak,M-9605,Tampered,On-Time,1
2144,266.41,electricity,Commercial,Chicago,164.4,off-peak,M-3031,Tampered,Late,1
2145,334.66,electricity,Residential,Miami,466.22,off-peak,M-3297,Normal,On-Time,0
2146,437.73,gas,Residential,Houston,395.6,peak,M-9152,Normal,Late,0
2147,171.27,electricity,Commercial,Chicago,354.01,off-peak,M-2245,Tampered,On-Time,1
2148,190.15,gas,Commercial,Miami,106.24,peak,M-5505,Normal,Late,0
2149,135.66,gas,Commercial,Miami,435.14,peak,M-5610,Normal,On-Time,0
2150,422.15,electricity,Residential,Chicago,214.83,peak,M-9241,Normal,Late,0
2151,252.4,electricity,Residential,Miami,31.23,off-peak,M-2247,Normal,On-Time,1
2152,190.16,electricity,Commercial,Los Angeles,93.32,off-peak,M-5103,Normal,Late,1
2153,84.19,electricity,Residential,Los Angeles,3.29,peak,M-4942,Tampered,On-Time,1
2154,170.78,gas,Commercial,Miami,73.57,peak,M-1755,Tampered,On-Time,1
2155,289.66,electricity,Commercial,Chicago,403.97,off-peak,M-5981,Tampered,Late,1
2156,6.23,electricity,Residential,Miami,61.01,peak,M-6527,Normal,On-Time,0
2157,285.34,gas,Commercial,Los Angeles,493.3,off-peak,M-8759,Tampered,On-Time,1
2158,236.5,gas,Commercial,Dallas,5.61,off-peak,M-8264,Tampered,On-Time,1
2159,347.75,gas,Commercial,Miami,309.98,off-peak,M-6269,Tampered,On-Time,1
2160,202.59,gas,Commercial,Boston,157.08,off-peak,M-1427,Tampered,Late,1
2161,435.64,gas,Residential,New York,187.33,off-peak,M-7131,Tampered,Late,1
2162,181.76,gas,Residential,Miami,145.85,off-peak,M-7004,Normal,On-Time,0
2163,111.68,electricity,Residential,Houston,402.92,off-peak,M-8283,Normal,Late,0
2164,422.44,gas,Residential,Seattle,416.18,peak,M-4099,Normal,On-Time,0
2165,317.69,gas,Commercial,Seattle,144.82,peak,M-2951,Normal,Late,1
2166,473.48,gas,Commercial,Dallas,64.02,off-peak,M-6589,Tampered,Late,1
2167,270.17,electricity,Residential,Miami,499.49,off-peak,M-4688,Tampered,Late,1
2168,393.25,electricity,Residential,Dallas,11.77,peak,M-6080,Tampered,Late,1
2169,400.04,gas,Commercial,Dallas,379.24,peak,M-9808,Normal,On-Time,0
2170,136.13,gas,Commercial,Miami,113.12,off-peak,M-3681,Normal,On-Time,0
2171,10.63,electricity,Residential,Houston,470.46,peak,M-3254,Tampered,Late,1
2172,149.51,gas,Commercial,Seattle,162.56,off-peak,M-1944,Normal,On-Time,0
2173,33.27,gas,Residential,New York,460.45,off-peak,M-3550,Tampered,Late,1
2174,94.54,electricity,Residential,Houston,474.13,off-peak,M-1560,Tampered,On-Time,1
2175,0.72,electricity,Residential,Houston,72.98,peak,M-9310,Normal,On-Time,0
2176,491.7,gas,Commercial,New York,145.5,peak,M-2704,Normal,On-Time,1
2177,330.47,gas,Commercial,Chicago,52.22,peak,M-4911,Tampered,On-Time,1
2178,282.33,gas,Residential,Miami,443.8,off-peak,M-9889,Tampered,On-Time,1
2179,70.39,gas,Commercial,Boston,73.14,off-peak,M-2864,Tampered,Late,1
2180,127.24,gas,Commercial,Chicago,93.08,off-peak,M-9537,Tampered,Late,1
2181,116.92,gas,Residential,Chicago,222.97,peak,M-4482,Normal,Late,0
2182,495.35,electricity,Residential,Chicago,395.26,off-peak,M-2155,Normal,Late,0
2183,172.15,electricity,Residential,Houston,377.03,peak,M-1799,Normal,Late,0
2184,478.59,gas,Commercial,Dallas,451.72,peak,M-5327,Tampered,Late,1
2185,475.6,electricity,Residential,Seattle,339.67,off-peak,M-4683,Tampered,Late,1
2186,323.89,electricity,Commercial,Dallas,16.06,off-peak,M-9529,Normal,On-Time,1
2187,363.9,gas,Residential,Chicago,172.93,peak,M-9125,Tampered,Late,1
2188,13.45,electricity,Commercial,Los Angeles,5.77,off-peak,M-2663,Tampered,On-Time,1
2189,394.32,gas,Commercial,New York,136.01,peak,M-9549,Tampered,Late,1
2190,48.38,electricity,Commercial,Chicago,195.06,peak,M-9388,Tampered,Late,1
2191,301.17,electricity,Commercial,Chicago,211.12,off-peak,M-2205,Tampered,Late,1
2192,42.11,electricity,Residential,New York,295.13,peak,M-8459,Normal,On-Time,0
2193,448.92,electricity,Commercial,Chicago,105.97,off-peak,M-9317,Tampered,Late,1
2194,319.72,gas,Commercial,Dallas,52.03,peak,M-3706,Tampered,Late,1
2195,335.78,gas,Commercial,Miami,271.7,off-peak,M-4178,Tampered,On-Time,1
2196,430.64,electricity,Commercial,Dallas,242.23,off-peak,M-1956,Normal,On-Time,0
2197,418,electricity,Commercial,Boston,427.46,off-peak,M-2000,Normal,On-Time,0
2198,69.08,electricity,Residential,Los Angeles,58.86,peak,M-9171,Tampered,On-Time,1
2199,278.29,electricity,Residential,New York,143.43,off-peak,M-8132,Normal,On-Time,0
2200,290.97,gas,Residential,Miami,31.77,off-peak,M-1930,Normal,On-Time,1
2201,135.11,electricity,Residential,Dallas,296.65,off-peak,M-1372,Tampered,Late,1
2202,440.02,electricity,Residential,Boston,48.61,off-peak,M-5852,Tampered,On-Time,1
2203,260.41,electricity,Commercial,Los Angeles,183.55,off-peak,M-7770,Normal,On-Time,0
2204,217.79,electricity,Commercial,Seattle,196.45,off-peak,M-4886,Tampered,On-Time,1
2205,391.78,gas,Commercial,Los Angeles,374.68,peak,M-2057,Normal,Late,0
2206,293.81,gas,Commercial,Miami,149.84,peak,M-4674,Tampered,Late,1
2207,49.7,gas,Commercial,Los Angeles,402.37,off-peak,M-6033,Normal,On-Time,0
2208,361.17,gas,Commercial,New York,399.99,peak,M-8847,Normal,Late,0
2209,371.05,gas,Residential,Dallas,366.63,off-peak,M-6045,Tampered,On-Time,1
2210,197.57,electricity,Residential,Houston,142.65,off-peak,M-2780,Normal,On-Time,0
2211,94.56,gas,Commercial,Dallas,106.9,off-peak,M-2296,Tampered,Late,1
2212,107.33,electricity,Residential,New York,373.59,peak,M-5337,Tampered,On-Time,1
2213,115.89,gas,Commercial,Dallas,152.57,off-peak,M-7002,Normal,On-Time,0
2214,12.77,electricity,Residential,Miami,63.21,peak,M-3911,Normal,Late,0
2215,473.5,electricity,Commercial,Seattle,420.27,off-peak,M-3892,Normal,On-Time,0
2216,491.91,electricity,Residential,New York,89.79,off-peak,M-6342,Normal,On-Time,1
2217,322.43,gas,Residential,Miami,112.42,off-peak,M-6490,Normal,On-Time,1
2218,188.03,gas,Residential,Dallas,280.13,off-peak,M-7789,Tampered,On-Time,1
2219,111.54,electricity,Commercial,Dallas,156.92,peak,M-5510,Normal,Late,0
2220,139.95,electricity,Commercial,Chicago,183.53,peak,M-3136,Normal,On-Time,0
2221,66.5,electricity,Residential,New York,358.15,peak,M-1290,Normal,Late,0
2222,474.44,electricity,Residential,Boston,340.1,off-peak,M-2804,Normal,On-Time,0
2223,414.99,gas,Commercial,Chicago,398.83,off-peak,M-2591,Normal,Late,0
2224,300.53,gas,Residential,Los Angeles,101.85,off-peak,M-3884,Normal,Late,1
2225,371.08,electricity,Commercial,Los Angeles,475.74,off-peak,M-3713,Tampered,On-Time,1
2226,191.09,gas,Residential,Los Angeles,379.19,peak,M-8057,Normal,Late,0
2227,131.12,gas,Residential,Seattle,295.13,peak,M-2188,Tampered,On-Time,1
2228,343.96,electricity,Commercial,Boston,397.8,peak,M-8532,Normal,On-Time,0
2229,255.33,electricity,Residential,Miami,448.55,peak,M-4589,Tampered,Late,1
2230,417.04,electricity,Residential,Dallas,496.12,off-peak,M-7843,Normal,Late,0
2231,43.7,electricity,Residential,Chicago,434.55,off-peak,M-5455,Tampered,Late,1
2232,303.62,gas,Residential,New York,422.68,peak,M-3196,Tampered,Late,1
2233,119.26,gas,Residential,Seattle,267.93,peak,M-3235,Normal,Late,0
2234,17.14,gas,Residential,Miami,150.62,off-peak,M-3516,Tampered,On-Time,1
2235,236.27,gas,Residential,Seattle,359.83,off-peak,M-8215,Normal,On-Time,0
2236,122.78,electricity,Commercial,Dallas,481.79,peak,M-4842,Normal,On-Time,0
2237,47.2,electricity,Commercial,Houston,382.31,peak,M-3901,Normal,Late,0
2238,348.85,electricity,Commercial,Los Angeles,300.78,peak,M-4522,Normal,On-Time,0
2239,228.06,gas,Commercial,Los Angeles,366.5,peak,M-6077,Tampered,Late,1
2240,250.92,electricity,Residential,Miami,472.83,peak,M-1888,Normal,On-Time,0
2241,50.32,gas,Commercial,Chicago,388.91,peak,M-9341,Tampered,On-Time,1
2242,173.06,electricity,Residential,Dallas,487.98,peak,M-2513,Tampered,Late,1
2243,153.84,gas,Residential,Seattle,382.53,peak,M-1296,Tampered,On-Time,1
2244,343.24,electricity,Commercial,Chicago,50.4,off-peak,M-8021,Normal,On-Time,1
2245,46.22,electricity,Residential,New York,441.93,peak,M-2003,Tampered,On-Time,1
2246,71.92,electricity,Commercial,New York,425.46,off-peak,M-2234,Tampered,On-Time,1
2247,252.61,gas,Commercial,Boston,250.45,off-peak,M-3167,Tampered,Late,1
2248,259.75,gas,Commercial,Seattle,130.47,peak,M-7890,Tampered,Late,1
2249,372.8,electricity,Commercial,Boston,235.82,off-peak,M-1280,Tampered,On-Time,1
2250,214.54,electricity,Commercial,Dallas,91.65,peak,M-8586,Normal,On-Time,1
2251,70.3,gas,Residential,Seattle,103.68,peak,M-6890,Normal,On-Time,0
2252,457.39,gas,Commercial,Houston,66.47,off-peak,M-7865,Normal,Late,1
2253,113.23,electricity,Commercial,Houston,3.57,off-peak,M-6039,Tampered,Late,1
2254,270.04,gas,Commercial,Boston,220.93,peak,M-9840,Tampered,Late,1
2255,265.31,gas,Commercial,Chicago,393.16,peak,M-3968,Tampered,On-Time,1
2256,80.42,electricity,Residential,Boston,31.24,peak,M-2893,Normal,On-Time,1
2257,139.52,electricity,Residential,Los Angeles,256.06,off-peak,M-2771,Tampered,Late,1
2258,266.17,gas,Residential,Seattle,130,off-peak,M-6216,Tampered,Late,1
2259,95.09,gas,Residential,Dallas,438.31,peak,M-8456,Tampered,Late,1
2260,427.45,electricity,Residential,New York,233.92,off-peak,M-8500,Tampered,Late,1
2261,323.54,gas,Commercial,Miami,413.19,peak,M-6349,Tampered,Late,1
2262,226.58,gas,Residential,Los Angeles,17.07,peak,M-6977,Tampered,On-Time,1
2263,474.7,gas,Residential,Los Angeles,99.02,off-peak,M-9960,Normal,Late,1
2264,424.77,gas,Residential,Chicago,273.43,off-peak,M-6634,Tampered,Late,1
2265,56.65,electricity,Residential,Chicago,39.02,off-peak,M-1132,Tampered,Late,1
2266,261.25,gas,Commercial,Boston,99.33,off-peak,M-1858,Tampered,Late,1
2267,110.99,electricity,Residential,New York,466.82,peak,M-2062,Normal,On-Time,0
2268,397.26,electricity,Residential,New York,151.11,peak,M-1505,Normal,On-Time,1
2269,276.73,gas,Residential,Chicago,321.4,off-peak,M-6840,Normal,Late,0
2270,361.91,electricity,Commercial,Houston,301.34,peak,M-2397,Tampered,Late,1
2271,36.55,electricity,Commercial,Dallas,363.34,off-peak,M-8330,Tampered,On-Time,1
2272,439.05,electricity,Residential,Chicago,63.96,peak,M-2056,Tampered,On-Time,1
2273,17.64,gas,Residential,Dallas,465.7,off-peak,M-2785,Tampered,On-Time,1
2274,69.33,gas,Commercial,Seattle,34.1,peak,M-1995,Normal,Late,1
2275,403.17,electricity,Commercial,Chicago,421.97,peak,M-5116,Tampered,On-Time,1
2276,457.99,electricity,Commercial,New York,402.03,peak,M-5138,Normal,On-Time,0
2277,120.98,electricity,Commercial,New York,282.82,off-peak,M-6482,Normal,On-Time,0
2278,176.1,electricity,Commercial,Dallas,422.15,off-peak,M-9849,Tampered,On-Time,1
2279,202.8,electricity,Residential,New York,80.51,off-peak,M-2055,Normal,On-Time,1
2280,461.72,electricity,Residential,Miami,257.91,off-peak,M-8653,Tampered,On-Time,1
2281,167.46,electricity,Residential,Seattle,477.54,peak,M-5742,Normal,Late,0
2282,254.91,electricity,Commercial,Boston,149.83,off-peak,M-1016,Tampered,On-Time,1
2283,333.64,electricity,Residential,Boston,246.25,peak,M-3601,Tampered,On-Time,1
2284,397.79,electricity,Commercial,Miami,48.7,off-peak,M-5516,Normal,On-Time,1
2285,227.03,gas,Residential,Boston,107.53,peak,M-3879,Tampered,Late,1
2286,499.23,gas,Residential,Los Angeles,133.14,off-peak,M-7578,Normal,Late,1
2287,418.25,electricity,Commercial,Boston,77.95,peak,M-4959,Tampered,Late,1
2288,365.52,electricity,Residential,Miami,427.31,off-peak,M-2937,Normal,Late,0
2289,176.99,electricity,Residential,Chicago,478.94,peak,M-6623,Normal,Late,0
2290,231.91,electricity,Commercial,New York,387.97,peak,M-6234,Tampered,Late,1
2291,370.89,electricity,Commercial,Dallas,25.96,peak,M-4565,Tampered,Late,1
2292,347.18,gas,Commercial,Seattle,413.44,peak,M-8199,Normal,On-Time,0
2293,30.99,gas,Residential,Los Angeles,473.31,peak,M-2924,Normal,On-Time,0
2294,33.55,gas,Residential,Houston,75.17,off-peak,M-8722,Normal,On-Time,0
2295,231.32,electricity,Residential,Miami,7.68,peak,M-4220,Tampered,On-Time,1
2296,58.43,electricity,Residential,Boston,476.07,peak,M-5267,Normal,Late,0
2297,455.07,gas,Residential,Houston,11.7,peak,M-7929,Tampered,On-Time,1
2298,9.54,electricity,Residential,Chicago,20.93,off-peak,M-7709,Normal,Late,0
2299,167.32,electricity,Residential,Los Angeles,271.84,off-peak,M-5516,Tampered,On-Time,1
2300,399.98,electricity,Commercial,Boston,328.88,off-peak,M-2244,Normal,On-Time,0
2301,149.92,electricity,Residential,Seattle,165.33,off-peak,M-8381,Tampered,On-Time,1
2302,493.06,electricity,Residential,Houston,106.55,peak,M-9439,Normal,On-Time,1
2303,348.47,gas,Residential,Houston,429.92,off-peak,M-7041,Tampered,On-Time,1
2304,74.2,electricity,Commercial,Seattle,351.48,off-peak,M-1369,Tampered,Late,1
2305,78.34,electricity,Residential,Boston,97.53,peak,M-6020,Normal,Late,0
2306,323.98,electricity,Commercial,Chicago,60.69,peak,M-8095,Normal,On-Time,1
2307,58.71,gas,Commercial,Dallas,317.7,off-peak,M-5902,Normal,On-Time,0
2308,10.42,gas,Residential,Dallas,75.69,peak,M-4068,Tampered,Late,1
2309,91.12,electricity,Commercial,Boston,383.98,off-peak,M-8242,Tampered,Late,1
2310,31.81,electricity,Residential,Boston,426.79,off-peak,M-1357,Normal,Late,0
2311,101.65,electricity,Commercial,Chicago,447.15,off-peak,M-1471,Normal,On-Time,0
2312,239.31,electricity,Residential,Chicago,100.08,off-peak,M-1457,Normal,On-Time,1
2313,64.99,gas,Commercial,Seattle,326.18,off-peak,M-5737,Normal,On-Time,0
2314,8.08,electricity,Commercial,Houston,88.02,peak,M-7551,Normal,Late,0
2315,65.43,gas,Residential,Boston,137.95,peak,M-3373,Normal,On-Time,0
2316,290.77,electricity,Residential,Los Angeles,449.97,off-peak,M-3331,Tampered,Late,1
2317,150.96,electricity,Commercial,Dallas,443.93,peak,M-3264,Tampered,Late,1
2318,271.39,electricity,Residential,Houston,328.32,peak,M-8472,Tampered,On-Time,1
2319,324.45,electricity,Commercial,Houston,38.74,off-peak,M-6447,Normal,On-Time,1
2320,491.12,electricity,Residential,Dallas,141.65,off-peak,M-8900,Normal,Late,1
2321,137.26,gas,Commercial,Los Angeles,47.17,off-peak,M-5962,Tampered,Late,1
2322,183.08,gas,Commercial,New York,100.91,peak,M-7249,Normal,Late,0
2323,496.56,electricity,Residential,Seattle,32.57,peak,M-7134,Tampered,Late,1
2324,395.59,gas,Commercial,Chicago,376.7,peak,M-1112,Normal,On-Time,0
2325,40.04,gas,Commercial,Miami,279.11,off-peak,M-4687,Normal,Late,0
2326,148.2,gas,Commercial,Boston,199.45,peak,M-1155,Tampered,On-Time,1
2327,205.04,electricity,Commercial,Dallas,363.54,off-peak,M-7044,Tampered,Late,1
2328,464.57,gas,Residential,Dallas,286.67,off-peak,M-4090,Normal,On-Time,0
2329,242.01,electricity,Commercial,Boston,276,peak,M-2698,Tampered,On-Time,1
2330,138.4,gas,Commercial,Boston,163.07,off-peak,M-6776,Normal,On-Time,0
2331,435.55,gas,Commercial,New York,91.9,peak,M-8000,Tampered,On-Time,1
2332,9,gas,Commercial,Boston,241.13,off-peak,M-7156,Normal,Late,0
2333,6.28,gas,Residential,Miami,373.91,off-peak,M-3718,Tampered,Late,1
2334,401.67,electricity,Residential,Los Angeles,305.81,off-peak,M-2672,Tampered,Late,1
2335,411.83,gas,Residential,Los Angeles,127.56,off-peak,M-1415,Tampered,Late,1
2336,298.45,gas,Residential,Houston,464.66,off-peak,M-1780,Normal,On-Time,0
2337,342.6,electricity,Commercial,Miami,366.15,peak,M-7687,Normal,Late,0
2338,63,gas,Commercial,Seattle,208.84,peak,M-2356,Normal,Late,0
2339,139.17,electricity,Commercial,Dallas,226.48,peak,M-4955,Tampered,Late,1
2340,493.96,gas,Residential,New York,1.13,off-peak,M-4066,Tampered,Late,1
2341,128.01,gas,Residential,Los Angeles,102.88,off-peak,M-2387,Tampered,On-Time,1
2342,186.02,electricity,Commercial,Dallas,452.57,peak,M-6580,Normal,On-Time,0
2343,104.37,electricity,Residential,Miami,217.34,off-peak,M-1980,Tampered,On-Time,1
2344,292.91,gas,Residential,Los Angeles,124.99,off-peak,M-6101,Tampered,Late,1
2345,475.53,electricity,Residential,Houston,25.96,peak,M-1708,Normal,Late,1
2346,111.82,electricity,Commercial,New York,290.66,off-peak,M-7530,Tampered,Late,1
2347,451.36,electricity,Commercial,Dallas,31.57,peak,M-4788,Normal,On-Time,1
2348,452.7,electricity,Commercial,Boston,79.11,off-peak,M-4631,Tampered,Late,1
2349,55.81,electricity,Commercial,Miami,230.68,off-peak,M-4548,Normal,Late,0
2350,350.59,electricity,Residential,New York,1.92,peak,M-5712,Normal,Late,1
2351,294.12,electricity,Residential,Miami,26.06,off-peak,M-4140,Tampered,On-Time,1
2352,158.83,electricity,Residential,Miami,102.19,off-peak,M-8904,Tampered,Late,1
2353,218.37,gas,Commercial,Chicago,38.77,peak,M-1985,Tampered,On-Time,1
2354,107.34,electricity,Residential,Seattle,141.23,peak,M-8555,Tampered,On-Time,1
2355,17.46,electricity,Residential,Chicago,305.06,off-peak,M-8579,Tampered,Late,1
2356,440.9,electricity,Commercial,Miami,223.06,peak,M-8351,Tampered,On-Time,1
2357,237.98,electricity,Commercial,Houston,89.55,peak,M-7252,Tampered,On-Time,1
2358,83.12,electricity,Commercial,Miami,227.72,off-peak,M-9567,Normal,On-Time,0
2359,291.91,gas,Residential,Miami,97.35,off-peak,M-7819,Tampered,On-Time,1
2360,147.16,gas,Commercial,New York,427.49,off-peak,M-9594,Tampered,On-Time,1
2361,359.78,electricity,Commercial,Seattle,440.62,peak,M-8614,Normal,Late,0
2362,389.89,electricity,Residential,Los Angeles,83.13,peak,M-8658,Normal,Late,1
2363,338.28,electricity,Commercial,Dallas,496.88,off-peak,M-4549,Tampered,On-Time,1
2364,489.65,electricity,Commercial,Dallas,141.58,off-peak,M-8376,Tampered,On-Time,1
2365,276.1,electricity,Residential,Boston,385.66,peak,M-4153,Tampered,Late,1
2366,469.09,gas,Commercial,Los Angeles,342.99,off-peak,M-6418,Tampered,On-Time,1
2367,205.82,gas,Residential,Seattle,72.42,peak,M-4942,Tampered,On-Time,1
2368,330.64,gas,Residential,Los Angeles,374.33,off-peak,M-2184,Tampered,On-Time,1
2369,124.04,gas,Commercial,Houston,440.68,peak,M-2846,Tampered,On-Time,1
2370,405.94,electricity,Commercial,Miami,251.26,peak,M-7699,Normal,On-Time,0
2371,323.44,gas,Residential,Dallas,17.86,off-peak,M-3267,Tampered,Late,1
2372,278.53,gas,Commercial,Dallas,301.76,peak,M-7034,Normal,Late,0
2373,481.5,gas,Residential,Boston,78.47,off-peak,M-3797,Tampered,Late,1
2374,14.77,gas,Residential,Chicago,280.6,off-peak,M-2932,Tampered,Late,1
2375,237.45,gas,Commercial,Miami,442.17,off-peak,M-9776,Tampered,Late,1
2376,363.77,gas,Commercial,Boston,367.76,off-peak,M-3836,Normal,Late,0
2377,429.37,electricity,Commercial,Boston,132.74,off-peak,M-1019,Normal,Late,1
2378,40.75,gas,Residential,Chicago,42.86,off-peak,M-1997,Normal,On-Time,0
2379,248.64,electricity,Residential,Dallas,292.07,off-peak,M-6534,Tampered,Late,1
2380,176.06,gas,Commercial,Miami,121.06,peak,M-7915,Tampered,Late,1
2381,281.09,electricity,Residential,Chicago,66.48,off-peak,M-5226,Tampered,Late,1
2382,356.39,electricity,Residential,Los Angeles,370.75,peak,M-9895,Tampered,On-Time,1
2383,29.32,electricity,Residential,Houston,345.71,peak,M-1841,Normal,Late,0
2384,49.7,electricity,Commercial,Chicago,367.19,peak,M-7346,Normal,On-Time,0
2385,142.92,gas,Residential,Los Angeles,181.64,peak,M-7152,Tampered,Late,1
2386,95.38,gas,Commercial,Boston,108.42,off-peak,M-8592,Normal,On-Time,0
2387,52.77,electricity,Commercial,Chicago,240.96,peak,M-8946,Normal,On-Time,0
2388,345.01,gas,Commercial,Miami,40.39,off-peak,M-2971,Tampered,Late,1
2389,13.86,electricity,Commercial,Los Angeles,393.71,off-peak,M-2093,Normal,On-Time,0
2390,241.05,electricity,Residential,Miami,142.87,off-peak,M-5032,Tampered,Late,1
2391,378.43,electricity,Commercial,Houston,37.35,off-peak,M-3438,Tampered,On-Time,1
2392,227.99,electricity,Residential,Houston,200.96,peak,M-1024,Tampered,Late,1
2393,443.29,gas,Residential,Boston,42.38,off-peak,M-4504,Normal,Late,1
2394,255.46,electricity,Residential,Boston,342.26,peak,M-6102,Normal,Late,0
2395,298.49,gas,Residential,Houston,302.68,off-peak,M-5819,Normal,On-Time,0
2396,126.85,electricity,Residential,Houston,101.34,peak,M-8600,Normal,On-Time,0
2397,74.01,gas,Commercial,New York,34.84,peak,M-3504,Normal,On-Time,1
2398,7.37,electricity,Commercial,Boston,188.04,off-peak,M-4745,Normal,On-Time,0
2399,18.7,electricity,Commercial,Los Angeles,16.35,peak,M-4197,Normal,On-Time,0
2400,258.98,gas,Commercial,Boston,67.73,peak,M-1831,Tampered,On-Time,1
2401,379.76,electricity,Residential,Los Angeles,321.28,peak,M-1176,Tampered,On-Time,1
2402,109.64,electricity,Residential,Miami,177.29,off-peak,M-6947,Tampered,Late,1
2403,135.02,electricity,Residential,Seattle,319.84,off-peak,M-5181,Normal,Late,0
2404,346.32,electricity,Residential,Miami,238.94,off-peak,M-2480,Tampered,Late,1
2405,196.59,electricity,Commercial,Miami,57.88,peak,M-8838,Normal,Late,1
2406,84.66,gas,Commercial,Los Angeles,165.34,off-peak,M-4389,Normal,Late,0
2407,477.96,electricity,Commercial,Los Angeles,438.4,off-peak,M-9409,Normal,Late,0
2408,324.2,gas,Residential,Miami,201.85,peak,M-6003,Normal,On-Time,0
2409,468.81,gas,Residential,Seattle,384.9,peak,M-4635,Tampered,On-Time,1
2410,110.13,gas,Commercial,New York,251.7,peak,M-6932,Tampered,On-Time,1
2411,439.99,gas,Residential,Seattle,162.99,off-peak,M-7076,Tampered,On-Time,1
2412,409.78,gas,Commercial,Los Angeles,154.47,off-peak,M-9368,Normal,On-Time,1
2413,28.63,gas,Commercial,Houston,476.84,peak,M-6968,Tampered,Late,1
2414,61.85,electricity,Commercial,Boston,356.26,peak,M-4353,Tampered,On-Time,1
2415,149.5,gas,Residential,New York,5.25,peak,M-2579,Tampered,Late,1
2416,295.43,gas,Residential,Seattle,460.09,off-peak,M-9620,Normal,On-Time,0
2417,293.37,gas,Commercial,New York,319.55,off-peak,M-6551,Normal,Late,0
2418,153.02,gas,Commercial,Los Angeles,66.67,off-peak,M-8642,Tampered,On-Time,1
2419,141.49,electricity,Residential,Chicago,82.5,off-peak,M-2459,Normal,Late,0
2420,332.14,electricity,Residential,Dallas,385.88,peak,M-5873,Tampered,Late,1
2421,185.21,electricity,Residential,Los Angeles,12.12,peak,M-9873,Normal,Late,1
2422,178.71,electricity,Residential,Chicago,323.69,peak,M-1710,Normal,On-Time,0
2423,487.11,electricity,Residential,Miami,98.43,off-peak,M-1531,Normal,Late,1
2424,186.81,gas,Commercial,Houston,176.94,off-peak,M-4353,Tampered,Late,1
2425,80.86,gas,Commercial,Seattle,424.32,peak,M-2995,Tampered,On-Time,1
2426,61.19,electricity,Residential,Dallas,31.18,off-peak,M-9802,Tampered,Late,1
2427,358.42,gas,Commercial,Houston,326.1,off-peak,M-8905,Normal,Late,0
2428,31.61,gas,Commercial,Miami,7.28,peak,M-4203,Normal,Late,1
2429,207.1,electricity,Commercial,Chicago,357.61,off-peak,M-3412,Tampered,Late,1
2430,135.93,gas,Commercial,Boston,387.61,off-peak,M-6802,Normal,Late,0
2431,196.04,gas,Commercial,Dallas,476.08,off-peak,M-3092,Normal,On-Time,0
2432,398.74,gas,Commercial,Boston,14.96,off-peak,M-4654,Normal,Late,1
2433,137.24,gas,Commercial,New York,170.62,off-peak,M-6078,Tampered,Late,1
2434,291.99,gas,Commercial,Seattle,66.64,off-peak,M-7339,Tampered,On-Time,1
2435,46.88,gas,Commercial,Miami,398.62,peak,M-9591,Normal,Late,0
2436,461.96,electricity,Residential,Seattle,420.24,peak,M-8603,Tampered,Late,1
2437,427.8,gas,Residential,Chicago,466.81,peak,M-7154,Tampered,On-Time,1
2438,138.58,electricity,Commercial,Chicago,99.32,off-peak,M-7956,Tampered,Late,1
2439,498.59,electricity,Residential,Miami,304.16,peak,M-7892,Tampered,On-Time,1
2440,308.94,electricity,Residential,Houston,211,peak,M-9810,Tampered,Late,1
2441,108.65,electricity,Residential,Dallas,54.28,off-peak,M-8621,Normal,Late,1
2442,440.65,gas,Commercial,Houston,49,peak,M-6896,Normal,Late,1
2443,473.57,gas,Residential,Boston,386.38,off-peak,M-9004,Normal,Late,0
2444,204.61,gas,Commercial,Miami,107.88,peak,M-7525,Normal,Late,0
2445,258.26,electricity,Residential,Houston,341.72,peak,M-4512,Normal,Late,0
2446,313.77,electricity,Commercial,Dallas,123.65,peak,M-9977,Tampered,On-Time,1
2447,245.41,electricity,Residential,New York,369.08,peak,M-2752,Normal,On-Time,0
2448,202.63,electricity,Commercial,Miami,399.61,off-peak,M-7431,Normal,Late,0
2449,450.23,gas,Commercial,Los Angeles,244.12,peak,M-4354,Normal,On-Time,0
2450,482.78,gas,Residential,Chicago,443.46,peak,M-8452,Normal,Late,0
2451,333.14,electricity,Residential,Houston,92.01,peak,M-9892,Tampered,Late,1
2452,84.27,electricity,Residential,Boston,73.34,peak,M-1488,Normal,On-Time,0
2453,181.61,gas,Residential,Seattle,195.18,off-peak,M-5715,Normal,Late,0
2454,45.13,electricity,Residential,Houston,112.5,off-peak,M-8085,Tampered,On-Time,1
2455,105.39,electricity,Residential,Dallas,414.12,peak,M-8657,Normal,Late,0
2456,467.01,electricity,Commercial,Miami,111.16,peak,M-7521,Tampered,On-Time,1
2457,114.19,gas,Residential,Boston,379.1,off-peak,M-4220,Tampered,Late,1
2458,120.86,electricity,Residential,Chicago,371.71,off-peak,M-4587,Normal,Late,0
2459,167.43,gas,Residential,Boston,199.12,peak,M-3408,Normal,Late,0
2460,137.47,electricity,Residential,Miami,437.43,off-peak,M-8578,Tampered,On-Time,1
2461,5.73,gas,Residential,New York,146.73,peak,M-2146,Normal,On-Time,0
2462,222.73,gas,Residential,Miami,170.21,peak,M-6410,Normal,Late,0
2463,491.94,electricity,Commercial,Chicago,0.33,off-peak,M-5559,Tampered,Late,1
2464,182.83,electricity,Residential,Boston,450.68,peak,M-1969,Tampered,On-Time,1
2465,222.53,electricity,Commercial,Miami,109.81,off-peak,M-5124,Tampered,On-Time,1
2466,109.81,gas,Commercial,Boston,267.14,off-peak,M-2790,Tampered,On-Time,1
2467,495.77,electricity,Residential,Dallas,483.35,peak,M-7869,Tampered,On-Time,1
2468,368.62,gas,Commercial,Los Angeles,54.98,off-peak,M-3915,Tampered,On-Time,1
2469,412.25,gas,Residential,Chicago,293.32,off-peak,M-8945,Normal,Late,0
2470,362.09,gas,Residential,New York,381.07,off-peak,M-9986,Normal,Late,0
2471,475.07,electricity,Residential,Dallas,154.85,peak,M-2811,Normal,On-Time,1
2472,365.52,electricity,Residential,Boston,445.85,off-peak,M-5269,Tampered,Late,1
2473,127.53,gas,Commercial,Los Angeles,418.41,peak,M-3619,Tampered,Late,1
2474,219.8,electricity,Commercial,Chicago,311.96,peak,M-2070,Normal,On-Time,0
2475,429.12,gas,Commercial,Chicago,422.2,off-peak,M-5705,Tampered,Late,1
2476,104.08,gas,Residential,Chicago,499.11,peak,M-2108,Tampered,On-Time,1
2477,79.45,gas,Commercial,Miami,35.27,peak,M-2741,Normal,Late,1
2478,310.38,gas,Residential,Seattle,400.54,peak,M-6309,Tampered,Late,1
2479,261.15,electricity,Residential,Chicago,19.53,off-peak,M-2711,Tampered,On-Time,1
2480,287.86,electricity,Commercial,New York,133.98,off-peak,M-9864,Tampered,Late,1
2481,240.2,electricity,Residential,Los Angeles,315.48,off-peak,M-6609,Tampered,On-Time,1
2482,229.66,gas,Residential,Houston,297.3,off-peak,M-9538,Normal,On-Time,0
2483,26.63,gas,Residential,Los Angeles,207.06,off-peak,M-8414,Normal,On-Time,0
2484,39.34,electricity,Residential,New York,435.24,peak,M-7912,Normal,On-Time,0
2485,154.6,electricity,Residential,New York,182.31,off-peak,M-7389,Normal,Late,0
2486,52.2,electricity,Residential,Boston,172.62,peak,M-3360,Normal,On-Time,0
2487,309.13,gas,Commercial,Houston,387.39,off-peak,M-1200,Normal,On-Time,0
2488,391.59,gas,Residential,New York,363.09,peak,M-2992,Tampered,Late,1
2489,107.62,electricity,Residential,Dallas,0.82,peak,M-1818,Tampered,Late,1
2490,374.8,gas,Residential,Miami,84.15,peak,M-7987,Tampered,Late,1
2491,53.52,gas,Residential,Chicago,421.53,off-peak,M-3087,Tampered,Late,1
2492,250.35,gas,Commercial,Seattle,251.13,off-peak,M-2216,Normal,On-Time,0
2493,350.18,gas,Commercial,Miami,231.49,off-peak,M-6386,Tampered,Late,1
2494,48.85,electricity,Commercial,New York,258.54,peak,M-6232,Normal,Late,0
2495,439.67,gas,Residential,Seattle,410.77,off-peak,M-3919,Normal,Late,0
2496,378.25,electricity,Commercial,Miami,477.06,peak,M-8829,Tampered,Late,1
2497,462.92,gas,Residential,Miami,442.72,off-peak,M-4122,Normal,Late,0
2498,22.49,electricity,Residential,Dallas,191.98,peak,M-6001,Tampered,On-Time,1
2499,488.71,electricity,Commercial,Houston,124.44,peak,M-8390,Normal,On-Time,1
2500,409.46,electricity,Commercial,Houston,69.71,off-peak,M-8504,Tampered,Late,1
2501,146.01,gas,Commercial,Seattle,140.1,off-peak,M-7553,Normal,On-Time,0
2502,171.94,electricity,Commercial,Houston,292.96,peak,M-3855,Tampered,On-Time,1
2503,227.39,gas,Residential,Chicago,491.02,off-peak,M-5078,Normal,On-Time,0
2504,317.99,gas,Residential,Los Angeles,105.57,peak,M-3337,Normal,Late,1
2505,212.75,electricity,Residential,Seattle,451.27,off-peak,M-2340,Normal,On-Time,0
2506,486.56,gas,Commercial,Boston,315.85,peak,M-5807,Normal,On-Time,0
2507,449.28,gas,Commercial,Seattle,448.57,peak,M-2529,Tampered,On-Time,1
2508,236.67,electricity,Commercial,New York,279.76,peak,M-4259,Normal,On-Time,0
2509,217.12,electricity,Commercial,Boston,41.04,peak,M-3525,Tampered,Late,1
2510,279.77,electricity,Residential,Houston,486.12,off-peak,M-3794,Tampered,On-Time,1
2511,164.34,gas,Commercial,Los Angeles,458.47,peak,M-6131,Normal,On-Time,0
2512,79.18,gas,Residential,Los Angeles,391.76,off-peak,M-7599,Normal,On-Time,0
2513,438.93,electricity,Commercial,Chicago,271.48,peak,M-1532,Normal,On-Time,0
2514,302.78,gas,Residential,Boston,257.12,peak,M-8558,Normal,On-Time,0
2515,291.94,gas,Residential,Dallas,198.52,peak,M-6052,Tampered,Late,1
2516,344.08,electricity,Residential,Los Angeles,351.02,peak,M-3280,Normal,Late,0
2517,51.24,electricity,Commercial,Houston,422.03,peak,M-9395,Tampered,Late,1
2518,487.95,gas,Commercial,Seattle,459.08,off-peak,M-3151,Normal,On-Time,0
2519,34.5,electricity,Commercial,Chicago,455.9,peak,M-6359,Tampered,Late,1
2520,349.62,electricity,Commercial,Miami,396.36,peak,M-6705,Normal,Late,0
2521,392.58,gas,Residential,Houston,97.79,off-peak,M-9791,Tampered,Late,1
2522,262.71,gas,Residential,Los Angeles,389.81,off-peak,M-5296,Normal,On-Time,0
2523,225.31,gas,Commercial,Miami,10.76,off-peak,M-3593,Tampered,On-Time,1
2524,441.74,gas,Residential,Miami,366.01,off-peak,M-6758,Tampered,On-Time,1
2525,48.52,gas,Residential,Chicago,296.81,off-peak,M-4745,Normal,Late,0
2526,74.33,gas,Residential,Miami,18.45,peak,M-4047,Tampered,Late,1
2527,154.32,electricity,Commercial,Los Angeles,281.62,off-peak,M-1034,Normal,On-Time,0
2528,331.36,gas,Commercial,Dallas,233.02,off-peak,M-7498,Normal,On-Time,0
2529,288.3,electricity,Residential,Houston,187.3,off-peak,M-6811,Normal,On-Time,0
2530,322.14,gas,Commercial,Houston,35.33,peak,M-7849,Tampered,On-Time,1
2531,0.04,electricity,Residential,Houston,313.21,peak,M-6882,Tampered,Late,1
2532,208.32,electricity,Residential,New York,29.51,peak,M-4521,Normal,Late,1
2533,1.86,gas,Commercial,Chicago,402.54,off-peak,M-6032,Tampered,On-Time,1
2534,431.9,gas,Commercial,Boston,161.58,off-peak,M-3110,Tampered,Late,1
2535,388.84,gas,Commercial,Seattle,359.29,peak,M-3647,Tampered,On-Time,1
2536,273.45,gas,Commercial,Houston,312.48,off-peak,M-1206,Normal,On-Time,0
2537,131.01,gas,Residential,Boston,226,peak,M-2039,Tampered,Late,1
2538,355.58,electricity,Residential,Boston,348.63,peak,M-5748,Tampered,On-Time,1
2539,148.74,electricity,Commercial,Seattle,232.91,off-peak,M-2439,Normal,On-Time,0
2540,9.31,gas,Residential,Los Angeles,284.29,peak,M-7114,Normal,On-Time,0
2541,375.62,electricity,Commercial,Houston,174.15,peak,M-2788,Normal,On-Time,1
2542,418.19,electricity,Commercial,New York,473.24,off-peak,M-4819,Normal,On-Time,0
2543,328.84,electricity,Residential,Dallas,141.15,peak,M-3511,Normal,On-Time,1
2544,270.68,gas,Commercial,New York,117.72,peak,M-2794,Normal,Late,1
2545,224.95,gas,Residential,New York,338.66,off-peak,M-1984,Normal,On-Time,0
2546,363.44,gas,Residential,Dallas,69.23,off-peak,M-5027,Normal,Late,1
2547,178.44,gas,Commercial,Houston,328.53,off-peak,M-2904,Normal,Late,0
2548,53.44,gas,Commercial,Los Angeles,168.57,off-peak,M-7686,Normal,On-Time,0
2549,260.01,electricity,Commercial,Houston,382.43,peak,M-9935,Normal,On-Time,0
2550,193.04,gas,Commercial,Seattle,282,peak,M-6343,Tampered,On-Time,1
2551,84.82,electricity,Residential,Houston,220.16,off-peak,M-8708,Tampered,Late,1
2552,257.51,electricity,Residential,Houston,90.81,peak,M-6969,Tampered,On-Time,1
2553,368.32,electricity,Commercial,Boston,84.2,off-peak,M-3440,Tampered,On-Time,1
2554,192.81,electricity,Residential,Miami,284.07,peak,M-7244,Normal,Late,0
2555,495.56,gas,Residential,Boston,337.48,peak,M-5303,Normal,Late,0
2556,68.42,gas,Commercial,Los Angeles,330.71,off-peak,M-8312,Normal,On-Time,0
2557,423.61,electricity,Residential,Chicago,45.8,peak,M-4046,Normal,Late,1
2558,142.35,gas,Residential,Miami,245.93,peak,M-5198,Normal,On-Time,0
2559,320.02,gas,Commercial,Boston,79.41,peak,M-8886,Tampered,Late,1
2560,233.4,electricity,Residential,Houston,211.19,off-peak,M-5333,Tampered,Late,1
2561,223.22,electricity,Residential,Boston,226.72,off-peak,M-9645,Normal,Late,0
2562,89.24,gas,Residential,Boston,165.44,peak,M-5597,Tampered,On-Time,1
2563,323.16,gas,Residential,Dallas,171.98,peak,M-1416,Normal,Late,0
2564,387.46,electricity,Residential,Seattle,238.2,off-peak,M-6614,Tampered,On-Time,1
2565,244.26,gas,Commercial,Dallas,48.99,off-peak,M-8413,Normal,Late,1
2566,407.96,gas,Commercial,Dallas,276.29,off-peak,M-2296,Tampered,Late,1
2567,269.32,electricity,Residential,Los Angeles,340.13,peak,M-3383,Normal,On-Time,0
2568,244.39,gas,Commercial,Boston,322.5,peak,M-9381,Tampered,Late,1
2569,265.42,gas,Residential,Los Angeles,207.12,off-peak,M-4639,Normal,On-Time,0
2570,424.89,electricity,Commercial,Dallas,160.5,peak,M-3612,Normal,Late,1
2571,193.64,electricity,Commercial,Dallas,485.33,off-peak,M-9195,Normal,Late,0
2572,413.15,gas,Residential,Dallas,175.48,off-peak,M-6097,Tampered,On-Time,1
2573,117.53,gas,Commercial,Miami,21.09,peak,M-9142,Normal,Late,1
2574,384.2,electricity,Residential,Chicago,10.9,peak,M-2708,Tampered,On-Time,1
2575,204.58,gas,Residential,Dallas,6.39,peak,M-1989,Tampered,On-Time,1
2576,430.36,electricity,Residential,Houston,492.37,peak,M-5855,Normal,On-Time,0
2577,249.55,gas,Commercial,Los Angeles,252.97,peak,M-1101,Normal,Late,0
2578,199.18,gas,Commercial,Dallas,225.78,peak,M-8241,Tampered,Late,1
2579,175.58,gas,Residential,Miami,233.16,peak,M-7335,Tampered,On-Time,1
2580,215.93,gas,Commercial,Boston,111.45,off-peak,M-8699,Normal,On-Time,0
2581,6.69,gas,Residential,Chicago,434.59,off-peak,M-2635,Normal,On-Time,0
2582,499.08,gas,Residential,Seattle,466.26,peak,M-1368,Tampered,On-Time,1
2583,161.2,electricity,Residential,Boston,320.35,peak,M-8409,Tampered,Late,1
2584,55.32,electricity,Commercial,New York,223.06,peak,M-1671,Tampered,On-Time,1
2585,260.33,electricity,Commercial,Miami,123.21,off-peak,M-9891,Normal,On-Time,1
2586,33.61,gas,Residential,Houston,229.54,off-peak,M-6846,Tampered,Late,1
2587,349.07,gas,Residential,Seattle,414.6,off-peak,M-8341,Normal,Late,0
2588,337.79,electricity,Residential,Los Angeles,397.86,peak,M-8769,Tampered,On-Time,1
2589,419.34,gas,Residential,Seattle,426.89,peak,M-3680,Tampered,Late,1
2590,110.07,electricity,Residential,Chicago,53.6,off-peak,M-7859,Normal,On-Time,1
2591,438.65,electricity,Commercial,New York,123.86,off-peak,M-7894,Normal,On-Time,1
2592,102.26,electricity,Commercial,Seattle,36.56,peak,M-3317,Normal,On-Time,1
2593,275.96,electricity,Residential,Dallas,259.07,peak,M-9318,Tampered,Late,1
2594,422.37,electricity,Residential,Miami,137.29,off-peak,M-1965,Normal,Late,1
2595,374.93,electricity,Commercial,Miami,32.95,peak,M-4324,Tampered,On-Time,1
2596,178.42,gas,Residential,Boston,417.51,peak,M-7124,Tampered,On-Time,1
2597,169.42,gas,Residential,New York,40.71,off-peak,M-5899,Normal,On-Time,1
2598,75.79,gas,Commercial,Seattle,266.15,off-peak,M-2624,Tampered,Late,1
2599,278.45,gas,Commercial,Chicago,423.95,off-peak,M-8914,Tampered,On-Time,1
2600,258.62,electricity,Commercial,Houston,212.23,off-peak,M-2096,Normal,On-Time,0
2601,429.62,electricity,Residential,Dallas,352.26,peak,M-5799,Normal,On-Time,0
2602,442.65,electricity,Residential,Miami,482.32,peak,M-4020,Normal,Late,0
2603,78.87,electricity,Commercial,Dallas,12.85,off-peak,M-3985,Tampered,On-Time,1
2604,463.38,gas,Commercial,Chicago,278.84,peak,M-8941,Normal,Late,0
2605,302.26,electricity,Residential,Seattle,193.46,peak,M-2026,Tampered,On-Time,1
2606,468.7,gas,Commercial,Boston,498.75,peak,M-5596,Normal,Late,0
2607,439.05,gas,Commercial,Boston,255.24,peak,M-3209,Tampered,On-Time,1
2608,184.56,electricity,Residential,Los Angeles,177.55,off-peak,M-5050,Normal,Late,0
2609,357.15,electricity,Residential,New York,257.17,peak,M-4632,Tampered,On-Time,1
2610,446.56,electricity,Commercial,Chicago,128.65,off-peak,M-7215,Tampered,On-Time,1
2611,16.85,electricity,Commercial,Dallas,210.51,peak,M-8310,Normal,Late,0
2612,135.56,electricity,Residential,New York,138.66,peak,M-4191,Tampered,On-Time,1
2613,435.25,gas,Commercial,Houston,458.79,off-peak,M-1681,Normal,On-Time,0
2614,174.73,electricity,Residential,New York,376.3,off-peak,M-9705,Tampered,Late,1
2615,366.62,electricity,Residential,Chicago,423.85,peak,M-3557,Normal,Late,0
2616,493.27,gas,Residential,Houston,275.21,off-peak,M-9999,Normal,On-Time,0
2617,460.76,electricity,Residential,New York,458.23,off-peak,M-1225,Normal,Late,0
2618,260.8,electricity,Residential,Seattle,29.81,peak,M-2411,Normal,Late,1
2619,64.41,gas,Residential,Seattle,123.09,off-peak,M-6946,Normal,Late,0
2620,423.09,electricity,Residential,Los Angeles,212.7,off-peak,M-4306,Tampered,On-Time,1
2621,154.67,electricity,Commercial,Chicago,479.17,off-peak,M-7589,Normal,Late,0
2622,138.03,gas,Residential,Miami,53.65,peak,M-9772,Normal,Late,1
2623,432.7,electricity,Commercial,Seattle,405.23,peak,M-3584,Tampered,Late,1
2624,359.96,electricity,Residential,Chicago,277.16,off-peak,M-1646,Tampered,Late,1
2625,111.1,gas,Residential,New York,49.25,peak,M-7959,Tampered,On-Time,1
2626,481.3,gas,Commercial,Houston,351.3,off-peak,M-2658,Normal,On-Time,0
2627,317.69,electricity,Residential,Dallas,335.3,off-peak,M-2593,Tampered,Late,1
2628,385.52,gas,Commercial,New York,197.06,off-peak,M-6576,Normal,Late,0
2629,372.38,gas,Commercial,Miami,376.38,off-peak,M-1775,Normal,Late,0
2630,349.17,gas,Residential,New York,39.75,peak,M-4547,Normal,On-Time,1
2631,83.72,electricity,Commercial,Dallas,72.11,off-peak,M-8504,Tampered,On-Time,1
2632,124.11,electricity,Residential,Miami,347.54,off-peak,M-7652,Tampered,Late,1
2633,357.39,gas,Commercial,Los Angeles,89.22,peak,M-2560,Tampered,On-Time,1
2634,472.49,gas,Residential,Los Angeles,264.51,off-peak,M-1978,Normal,Late,0
2635,72.47,electricity,Residential,Dallas,218.24,peak,M-1484,Tampered,On-Time,1
2636,55.28,electricity,Residential,Chicago,179.67,peak,M-7987,Normal,Late,0
2637,341.86,electricity,Residential,Houston,75.75,peak,M-7497,Normal,Late,1
2638,240.77,gas,Commercial,Houston,459.54,off-peak,M-5561,Tampered,Late,1
2639,61.23,electricity,Residential,Los Angeles,18.2,off-peak,M-4593,Tampered,Late,1
2640,240.59,gas,Residential,Chicago,213.54,peak,M-8280,Normal,On-Time,0
2641,19.25,gas,Commercial,New York,473.57,off-peak,M-1397,Tampered,On-Time,1
2642,284.9,gas,Residential,Boston,393.96,peak,M-1781,Tampered,Late,1
2643,150.32,gas,Residential,Boston,226.09,off-peak,M-8411,Normal,On-Time,0
2644,61.44,gas,Commercial,Chicago,167.42,peak,M-3456,Normal,Late,0
2645,405.32,electricity,Commercial,Dallas,493.34,peak,M-9847,Tampered,Late,1
2646,479.47,gas,Residential,Dallas,459.59,off-peak,M-1919,Normal,On-Time,0
2647,312.23,gas,Residential,Houston,66.63,peak,M-3808,Tampered,On-Time,1
2648,303.03,electricity,Residential,Seattle,104.71,peak,M-2475,Tampered,Late,1
2649,486.05,gas,Residential,Boston,491.12,peak,M-7992,Normal,On-Time,0
2650,444.63,gas,Commercial,Seattle,263.16,peak,M-8361,Normal,On-Time,0
2651,215.56,gas,Commercial,Boston,122.47,off-peak,M-2041,Normal,Late,0
2652,146.54,electricity,Commercial,Los Angeles,479.82,peak,M-7786,Tampered,On-Time,1
2653,277.92,electricity,Residential,Houston,427.29,peak,M-2966,Tampered,Late,1
2654,324.63,electricity,Commercial,Dallas,155.09,off-peak,M-3268,Tampered,On-Time,1
2655,59.49,gas,Commercial,New York,475.42,peak,M-5098,Normal,Late,0
2656,107.03,gas,Commercial,Dallas,205.39,off-peak,M-3374,Tampered,On-Time,1
2657,123.07,electricity,Commercial,Los Angeles,186.77,off-peak,M-5019,Tampered,Late,1
2658,84.24,electricity,Residential,Boston,25.93,peak,M-5604,Tampered,Late,1
2659,460.29,electricity,Commercial,Houston,24,peak,M-5807,Tampered,Late,1
2660,473.35,electricity,Commercial,Boston,68.84,peak,M-1365,Normal,On-Time,1
2661,341.88,gas,Commercial,Chicago,308.91,peak,M-8339,Normal,On-Time,0
2662,253.92,electricity,Commercial,New York,111.16,off-peak,M-3275,Normal,Late,1
2663,117.33,gas,Residential,Boston,226.46,off-peak,M-5496,Tampered,On-Time,1
2664,419.88,gas,Commercial,New York,365.13,peak,M-2036,Tampered,On-Time,1
2665,148.3,electricity,Commercial,Houston,410.63,peak,M-7156,Normal,Late,0
2666,493.23,electricity,Commercial,Los Angeles,434.12,peak,M-6472,Normal,On-Time,0
2667,235.89,gas,Residential,Chicago,160.87,peak,M-8934,Tampered,Late,1
2668,259.29,electricity,Residential,Houston,238.75,off-peak,M-5435,Normal,Late,0
2669,56.02,gas,Commercial,Miami,22.52,peak,M-2461,Normal,On-Time,1
2670,132.82,electricity,Residential,Los Angeles,454.95,off-peak,M-1071,Normal,Late,0
2671,18.77,electricity,Commercial,Miami,310.26,off-peak,M-4735,Normal,On-Time,0
2672,92.09,electricity,Residential,Boston,285.98,peak,M-5991,Normal,Late,0
2673,403.91,gas,Commercial,Dallas,263.5,off-peak,M-5702,Normal,Late,0
2674,449.57,gas,Commercial,Seattle,221.28,peak,M-6397,Normal,Late,1
2675,133.19,gas,Residential,New York,118.38,off-peak,M-9787,Normal,On-Time,0
2676,92.79,electricity,Residential,Los Angeles,484.66,peak,M-5069,Tampered,On-Time,1
2677,308.69,gas,Residential,Los Angeles,416.78,off-peak,M-1697,Tampered,Late,1
2678,204.51,gas,Commercial,Seattle,487.54,peak,M-8994,Tampered,Late,1
2679,487.61,electricity,Commercial,Los Angeles,64.17,peak,M-7435,Normal,Late,1
2680,107.17,gas,Residential,New York,487.02,off-peak,M-9849,Normal,On-Time,0
2681,481.06,gas,Commercial,Dallas,48.92,off-peak,M-1595,Normal,Late,1
2682,11.69,gas,Residential,Dallas,329.72,off-peak,M-3925,Tampered,Late,1
2683,225.37,electricity,Commercial,Chicago,138.77,peak,M-8144,Normal,On-Time,0
2684,387.96,electricity,Residential,Seattle,302.07,off-peak,M-4998,Tampered,Late,1
2685,274.72,electricity,Commercial,Chicago,2.51,off-peak,M-3539,Tampered,On-Time,1
2686,92.52,electricity,Residential,Los Angeles,445.33,off-peak,M-3316,Tampered,On-Time,1
2687,395.84,electricity,Residential,Chicago,379.51,off-peak,M-4148,Normal,On-Time,0
2688,44.23,electricity,Commercial,Los Angeles,410.59,off-peak,M-2648,Normal,Late,0
2689,124.84,gas,Commercial,Chicago,17.8,peak,M-6377,Tampered,Late,1
2690,382.69,gas,Commercial,Boston,110.31,peak,M-9649,Normal,Late,1
2691,242.37,gas,Residential,Dallas,495.39,peak,M-8561,Tampered,On-Time,1
2692,263.38,gas,Residential,Houston,186.66,off-peak,M-6774,Tampered,On-Time,1
2693,490.29,electricity,Commercial,Miami,220.99,peak,M-5966,Tampered,On-Time,1
2694,89.47,electricity,Commercial,Houston,219.21,off-peak,M-2971,Normal,Late,0
2695,403.81,electricity,Residential,Chicago,123.91,off-peak,M-7979,Tampered,On-Time,1
2696,167.05,electricity,Commercial,Miami,398.16,peak,M-3619,Tampered,Late,1
2697,319.43,gas,Commercial,Houston,201.8,off-peak,M-6598,Tampered,On-Time,1
2698,459.5,electricity,Residential,Seattle,88.5,off-peak,M-3475,Normal,Late,1
2699,17.43,gas,Residential,New York,432.22,off-peak,M-9034,Tampered,Late,1
2700,344.33,electricity,Commercial,Miami,173.15,peak,M-7693,Tampered,On-Time,1
2701,447.53,electricity,Commercial,Boston,41.37,off-peak,M-7872,Normal,On-Time,1
2702,84.01,electricity,Residential,Los Angeles,222.29,off-peak,M-6771,Tampered,Late,1
2703,282.78,electricity,Commercial,Boston,103.22,off-peak,M-2455,Normal,On-Time,1
2704,359.49,electricity,Residential,Dallas,2.35,off-peak,M-7060,Normal,On-Time,1
2705,146.25,electricity,Residential,Miami,111.26,peak,M-7753,Normal,Late,0
2706,302.4,electricity,Commercial,Seattle,482.46,off-peak,M-1537,Tampered,Late,1
2707,470.45,electricity,Residential,Houston,274.9,peak,M-9947,Tampered,Late,1
2708,380.1,gas,Commercial,New York,60.37,peak,M-7600,Tampered,Late,1
2709,322.18,gas,Commercial,Houston,492.62,off-peak,M-2707,Normal,Late,0
2710,37.59,gas,Commercial,New York,236.64,peak,M-1668,Normal,On-Time,0
2711,430.55,gas,Residential,Miami,241.45,off-peak,M-7856,Normal,On-Time,0
2712,478.63,gas,Residential,New York,398.37,off-peak,M-4950,Tampered,On-Time,1
2713,23.55,gas,Residential,New York,84.2,peak,M-5407,Normal,On-Time,0
2714,215.82,gas,Commercial,Houston,269.34,peak,M-7765,Normal,Late,0
2715,460.66,electricity,Commercial,New York,413.26,off-peak,M-1617,Tampered,Late,1
2716,88.49,gas,Residential,Miami,430.17,off-peak,M-7305,Normal,On-Time,0
2717,106.48,gas,Residential,Dallas,21.54,peak,M-1850,Normal,Late,1
2718,458.11,electricity,Commercial,Boston,108.65,peak,M-5124,Tampered,On-Time,1
2719,0.54,gas,Residential,Los Angeles,188.22,peak,M-8506,Normal,On-Time,0
2720,491.94,electricity,Commercial,Miami,450.78,off-peak,M-7530,Tampered,Late,1
2721,189.98,gas,Residential,Miami,492.5,peak,M-5501,Tampered,On-Time,1
2722,407.45,electricity,Residential,Miami,150.08,peak,M-9857,Tampered,Late,1
2723,411.06,gas,Residential,Los Angeles,14.83,off-peak,M-1672,Normal,On-Time,1
2724,230.77,electricity,Commercial,Houston,88.23,peak,M-9408,Tampered,Late,1
2725,336.56,gas,Commercial,Chicago,80.64,peak,M-5947,Tampered,On-Time,1
2726,492.52,gas,Commercial,Chicago,373.27,peak,M-4598,Tampered,Late,1
2727,83.13,electricity,Residential,New York,153.49,peak,M-1328,Tampered,On-Time,1
2728,90.45,gas,Residential,Dallas,195.12,off-peak,M-2028,Tampered,Late,1
2729,481.22,gas,Residential,Seattle,212.21,peak,M-9832,Tampered,Late,1
2730,498.78,gas,Commercial,New York,438.43,off-peak,M-7521,Normal,Late,0
2731,71.73,gas,Commercial,Dallas,141.76,peak,M-5313,Normal,Late,0
2732,290.44,electricity,Residential,Boston,58.6,peak,M-3851,Tampered,On-Time,1
2733,430.52,gas,Residential,Dallas,344.92,peak,M-3560,Normal,On-Time,0
2734,51.48,electricity,Residential,Miami,113.23,off-peak,M-6579,Normal,Late,0
2735,110.16,gas,Residential,Seattle,207.34,off-peak,M-9242,Normal,On-Time,0
2736,87.89,gas,Residential,Miami,190.21,off-peak,M-9682,Normal,Late,0
2737,335.98,electricity,Residential,Houston,458.84,peak,M-3504,Normal,Late,0
2738,337.31,gas,Commercial,Los Angeles,466.23,peak,M-8729,Normal,On-Time,0
2739,423.03,gas,Residential,Seattle,324.54,off-peak,M-2855,Normal,On-Time,0
2740,332.02,gas,Commercial,Los Angeles,136.57,off-peak,M-9868,Tampered,Late,1
2741,295.86,gas,Commercial,Miami,487.88,off-peak,M-4166,Normal,On-Time,0
2742,21.25,electricity,Residential,Miami,432.49,peak,M-4125,Tampered,Late,1
2743,218.49,gas,Commercial,Los Angeles,139.04,peak,M-8392,Normal,Late,0
2744,182.69,gas,Commercial,Los Angeles,159.3,off-peak,M-3660,Tampered,On-Time,1
2745,402.82,electricity,Commercial,Boston,342.68,peak,M-3627,Normal,On-Time,0
2746,218.17,gas,Commercial,Boston,198.24,off-peak,M-2485,Tampered,On-Time,1
2747,106.72,electricity,Residential,Houston,383.32,off-peak,M-6898,Normal,On-Time,0
2748,225.06,electricity,Commercial,Miami,385.66,peak,M-7073,Normal,Late,0
2749,232.27,electricity,Residential,Miami,167.74,off-peak,M-2997,Tampered,Late,1
2750,453.45,electricity,Commercial,Boston,446.86,peak,M-2842,Normal,On-Time,0
2751,480.34,gas,Residential,Boston,352.89,off-peak,M-8466,Normal,On-Time,0
2752,354.68,electricity,Residential,Seattle,296.55,off-peak,M-5511,Normal,On-Time,0
2753,77.89,electricity,Residential,Dallas,377.41,peak,M-9000,Normal,On-Time,0
2754,322.17,electricity,Commercial,Houston,203.87,off-peak,M-8824,Tampered,On-Time,1
2755,244.56,gas,Residential,Boston,362.65,off-peak,M-6182,Normal,On-Time,0
2756,117.01,gas,Residential,Seattle,28.9,peak,M-9328,Normal,On-Time,1
2757,289.69,gas,Commercial,Dallas,252.42,peak,M-4552,Tampered,Late,1
2758,58.48,electricity,Commercial,Dallas,191.36,peak,M-5735,Tampered,On-Time,1
2759,8.88,electricity,Commercial,Houston,37.07,off-peak,M-9376,Tampered,On-Time,1
2760,61.13,electricity,Commercial,Houston,26.16,off-peak,M-2827,Normal,On-Time,1
2761,309.19,gas,Residential,Dallas,304.23,peak,M-9807,Normal,Late,0
2762,292.96,gas,Residential,Miami,476,peak,M-3767,Tampered,On-Time,1
2763,26.38,electricity,Commercial,New York,97.45,peak,M-4399,Tampered,On-Time,1
2764,386.59,gas,Commercial,Seattle,70.93,peak,M-7813,Normal,On-Time,1
2765,207.57,electricity,Residential,Los Angeles,387.86,off-peak,M-5938,Normal,On-Time,0
2766,248.74,electricity,Residential,Chicago,423.61,off-peak,M-9987,Tampered,On-Time,1
2767,48.64,gas,Residential,Dallas,418.47,off-peak,M-6486,Normal,Late,0
2768,353.44,gas,Commercial,Los Angeles,388.89,off-peak,M-2248,Tampered,On-Time,1
2769,381.39,gas,Residential,Los Angeles,402.67,off-peak,M-3907,Tampered,On-Time,1
2770,219.03,gas,Commercial,Chicago,455.13,peak,M-4803,Normal,On-Time,0
2771,420.94,electricity,Commercial,Boston,48.44,off-peak,M-6847,Normal,On-Time,1
2772,405.65,electricity,Residential,Chicago,154.57,peak,M-5823,Normal,On-Time,1
2773,21.96,electricity,Commercial,Boston,387.27,peak,M-2877,Tampered,Late,1
2774,0.77,gas,Residential,New York,174.94,off-peak,M-2541,Normal,Late,0
2775,152.16,gas,Commercial,Los Angeles,446.21,peak,M-8132,Tampered,On-Time,1
2776,379.91,gas,Residential,Dallas,136.84,off-peak,M-2989,Normal,On-Time,1
2777,198.22,electricity,Residential,Los Angeles,283.07,off-peak,M-7538,Tampered,On-Time,1
2778,354.19,gas,Residential,Boston,87.52,off-peak,M-2062,Tampered,Late,1
2779,112.35,electricity,Residential,Miami,252.78,peak,M-3275,Normal,Late,0
2780,318.9,gas,Commercial,Dallas,50.36,peak,M-8117,Normal,On-Time,1
2781,384.8,gas,Residential,Houston,397.22,off-peak,M-9444,Normal,On-Time,0
2782,478.32,electricity,Residential,Seattle,97.91,peak,M-9037,Tampered,Late,1
2783,276.13,electricity,Commercial,New York,356.06,off-peak,M-9326,Normal,Late,0
2784,155.64,gas,Commercial,Los Angeles,333.9,off-peak,M-6747,Tampered,On-Time,1
2785,281.18,gas,Residential,Chicago,244.06,off-peak,M-2572,Tampered,On-Time,1
2786,221.61,electricity,Residential,New York,29.15,peak,M-1336,Normal,On-Time,1
2787,127.07,gas,Residential,Houston,411.27,peak,M-3144,Tampered,Late,1
2788,17.77,gas,Residential,New York,424.7,peak,M-1339,Normal,On-Time,0
2789,337.43,electricity,Commercial,Seattle,498.38,peak,M-8380,Normal,Late,0
2790,400.72,gas,Residential,Miami,247.04,off-peak,M-9258,Tampered,On-Time,1
2791,407.37,electricity,Commercial,Seattle,329.35,off-peak,M-5307,Normal,On-Time,0
2792,14.83,electricity,Commercial,Dallas,63.08,off-peak,M-5919,Normal,On-Time,0
2793,92.96,electricity,Commercial,Boston,144.55,off-peak,M-6688,Tampered,On-Time,1
2794,327.05,electricity,Residential,Houston,170,off-peak,M-9456,Tampered,Late,1
2795,226.95,gas,Residential,Los Angeles,416.99,off-peak,M-3786,Normal,Late,0
2796,406.85,gas,Commercial,Dallas,281.32,off-peak,M-2114,Normal,On-Time,0
2797,244,electricity,Residential,Boston,86.39,peak,M-1989,Normal,Late,1
2798,156.11,electricity,Residential,Boston,447.69,off-peak,M-1276,Tampered,On-Time,1
2799,411.46,gas,Commercial,New York,351.93,off-peak,M-5967,Normal,On-Time,0
2800,376.44,gas,Commercial,Los Angeles,419.42,off-peak,M-1239,Normal,On-Time,0
2801,304.17,electricity,Residential,Houston,5.01,peak,M-2531,Tampered,On-Time,1
2802,117.53,electricity,Residential,Seattle,368.59,peak,M-3315,Tampered,Late,1
2803,67.5,gas,Residential,Boston,82.03,peak,M-4156,Normal,On-Time,0
2804,447.1,gas,Commercial,Dallas,131.15,peak,M-2550,Normal,Late,1
2805,318.38,gas,Residential,New York,78.52,peak,M-3906,Tampered,Late,1
2806,458.11,electricity,Residential,New York,324.4,off-peak,M-9001,Normal,Late,0
2807,124.47,gas,Commercial,Dallas,371.12,off-peak,M-7781,Tampered,On-Time,1
2808,256.05,electricity,Commercial,Dallas,483.01,peak,M-6805,Normal,On-Time,0
2809,314.77,gas,Residential,New York,248.2,peak,M-1318,Normal,On-Time,0
2810,225.37,electricity,Residential,Chicago,37.61,off-peak,M-1457,Normal,On-Time,1
2811,168.23,gas,Residential,Boston,59.27,peak,M-5824,Tampered,Late,1
2812,6.01,gas,Commercial,Miami,428.2,peak,M-8825,Tampered,Late,1
2813,169.72,gas,Residential,Chicago,323.98,off-peak,M-8235,Tampered,Late,1
2814,152.31,electricity,Residential,Los Angeles,45.25,off-peak,M-2579,Tampered,On-Time,1
2815,401.36,electricity,Residential,Los Angeles,462.88,off-peak,M-7887,Normal,On-Time,0
2816,376.65,gas,Commercial,Houston,235.33,off-peak,M-2786,Tampered,Late,1
2817,447.45,gas,Residential,Boston,29.02,peak,M-2927,Normal,Late,1
2818,383.13,gas,Residential,Seattle,433.52,off-peak,M-2920,Normal,Late,0
2819,313.88,gas,Commercial,Chicago,178.46,off-peak,M-3138,Tampered,On-Time,1
2820,321.75,electricity,Residential,New York,4.52,peak,M-1652,Normal,On-Time,1
2821,337.54,gas,Residential,Houston,158.27,peak,M-6731,Normal,Late,1
2822,270.65,gas,Residential,Los Angeles,10.05,peak,M-6259,Tampered,Late,1
2823,441.36,gas,Commercial,Dallas,102.93,off-peak,M-3151,Normal,Late,1
2824,495.58,electricity,Commercial,Dallas,339.34,peak,M-5023,Normal,On-Time,0
2825,376.37,electricity,Commercial,Seattle,414.06,off-peak,M-9220,Normal,Late,0
2826,72.05,electricity,Commercial,Houston,402.35,peak,M-4730,Normal,Late,0
2827,151.04,gas,Commercial,Boston,421.84,peak,M-3316,Normal,On-Time,0
2828,438.93,electricity,Residential,Los Angeles,456.74,peak,M-6394,Tampered,On-Time,1
2829,12,electricity,Commercial,Los Angeles,195.87,peak,M-4156,Normal,On-Time,0
2830,209.3,gas,Commercial,Boston,370.95,off-peak,M-7923,Tampered,Late,1
2831,58.53,electricity,Commercial,Dallas,205.47,peak,M-5179,Normal,Late,0
2832,241.37,gas,Residential,Miami,209.31,off-peak,M-4288,Normal,On-Time,0
2833,119.58,electricity,Commercial,Houston,67.74,off-peak,M-2260,Tampered,On-Time,1
2834,437.61,electricity,Commercial,Miami,134.58,peak,M-9915,Normal,On-Time,1
2835,206.4,gas,Residential,Seattle,133.46,peak,M-3876,Tampered,On-Time,1
2836,364.4,gas,Commercial,Boston,478.66,off-peak,M-7750,Tampered,On-Time,1
2837,239.35,electricity,Commercial,New York,402.59,peak,M-8953,Normal,On-Time,0
2838,275.65,electricity,Commercial,Boston,25.8,peak,M-4228,Tampered,On-Time,1
2839,417.51,gas,Residential,Chicago,130.98,off-peak,M-3459,Normal,On-Time,1
2840,231.07,electricity,Residential,New York,27.44,peak,M-5499,Normal,Late,1
2841,244.31,gas,Residential,Los Angeles,407.99,off-peak,M-3522,Normal,On-Time,0
2842,235.95,electricity,Residential,Houston,310.62,peak,M-2600,Tampered,On-Time,1
2843,312.88,electricity,Commercial,Boston,456.2,off-peak,M-6707,Normal,On-Time,0
2844,431.91,electricity,Residential,Dallas,462.31,off-peak,M-7700,Normal,On-Time,0
2845,218.84,electricity,Residential,Los Angeles,177.71,peak,M-3112,Tampered,Late,1
2846,248.42,gas,Residential,Dallas,349.7,peak,M-2374,Tampered,Late,1
2847,492.5,electricity,Commercial,New York,177.5,off-peak,M-3084,Normal,On-Time,1
2848,424.97,electricity,Commercial,Boston,213.02,peak,M-5460,Tampered,On-Time,1
2849,173.4,electricity,Residential,Los Angeles,196.4,off-peak,M-5213,Normal,On-Time,0
2850,480.74,gas,Residential,Houston,89.12,peak,M-1071,Tampered,On-Time,1
2851,92.32,gas,Residential,Seattle,58.21,peak,M-2733,Normal,On-Time,0
2852,157.29,gas,Commercial,Dallas,49.09,off-peak,M-7108,Tampered,On-Time,1
2853,287.83,electricity,Commercial,Seattle,470.55,peak,M-6124,Normal,Late,0
2854,33.6,gas,Residential,Boston,475.72,peak,M-3546,Tampered,Late,1
2855,319.97,electricity,Residential,Seattle,427.36,peak,M-8444,Normal,On-Time,0
2856,43.13,electricity,Commercial,Chicago,68.95,off-peak,M-9277,Normal,Late,0
2857,363.81,gas,Commercial,Los Angeles,212.07,peak,M-1302,Normal,Late,0
2858,261.69,electricity,Commercial,Los Angeles,29,off-peak,M-8420,Normal,Late,1
2859,383.97,gas,Residential,New York,473.96,off-peak,M-5847,Tampered,Late,1
2860,206.9,gas,Residential,Dallas,209.07,peak,M-6919,Tampered,On-Time,1
2861,62.13,gas,Residential,Dallas,194.88,peak,M-8282,Normal,Late,0
2862,375.55,electricity,Commercial,New York,179.14,peak,M-8857,Normal,Late,1
2863,83.37,electricity,Residential,Chicago,495.93,off-peak,M-2261,Normal,Late,0
2864,60.45,gas,Commercial,Dallas,330.81,off-peak,M-6427,Tampered,Late,1
2865,118.35,gas,Residential,Los Angeles,109.06,off-peak,M-7914,Normal,On-Time,0
2866,404.28,electricity,Residential,Seattle,38.84,peak,M-8472,Normal,On-Time,1
2867,30.98,gas,Commercial,Houston,259.63,off-peak,M-5975,Normal,Late,0
2868,145,electricity,Commercial,Seattle,19.9,off-peak,M-8617,Tampered,On-Time,1
2869,157.17,electricity,Residential,Los Angeles,321.67,peak,M-6097,Normal,Late,0
2870,464.89,gas,Residential,Dallas,443.66,peak,M-6882,Normal,Late,0
2871,7.23,gas,Commercial,New York,373.2,off-peak,M-7816,Normal,On-Time,0
2872,301.24,electricity,Commercial,Los Angeles,379.31,peak,M-8689,Normal,Late,0
2873,488.69,electricity,Residential,New York,9.91,peak,M-7123,Tampered,On-Time,1
2874,232.05,electricity,Residential,Houston,112.49,off-peak,M-4990,Normal,On-Time,1
2875,379.18,gas,Commercial,Dallas,5.5,peak,M-8929,Normal,Late,1
2876,103.83,electricity,Residential,Chicago,97.43,off-peak,M-9914,Normal,On-Time,0
2877,347.5,electricity,Commercial,Seattle,138.93,peak,M-2801,Tampered,Late,1
2878,352.52,gas,Commercial,Los Angeles,30.39,off-peak,M-8267,Normal,On-Time,1
2879,124.83,gas,Residential,Dallas,420.33,peak,M-2901,Tampered,Late,1
2880,281.43,electricity,Commercial,Dallas,414.83,peak,M-9205,Tampered,Late,1
2881,186.44,electricity,Residential,Boston,13.04,peak,M-4998,Tampered,On-Time,1
2882,144.32,electricity,Commercial,Boston,100.82,peak,M-2941,Normal,On-Time,0
2883,423.66,gas,Residential,Miami,265.85,peak,M-3734,Tampered,On-Time,1
2884,2.05,electricity,Residential,Los Angeles,113.74,peak,M-6101,Normal,On-Time,0
2885,182.51,gas,Commercial,Los Angeles,426.89,peak,M-1541,Normal,On-Time,0
2886,388.69,gas,Residential,Boston,274.69,peak,M-3662,Normal,Late,0
2887,285.61,electricity,Commercial,Houston,70.69,off-peak,M-9024,Tampered,Late,1
2888,158.18,electricity,Commercial,Boston,188.57,peak,M-7667,Tampered,On-Time,1
2889,494.78,gas,Residential,Seattle,363.64,peak,M-7252,Normal,Late,0
2890,440.68,electricity,Commercial,New York,136.8,peak,M-9808,Normal,Late,1
2891,206.85,gas,Commercial,Miami,38.89,peak,M-2999,Normal,Late,1
2892,245.12,electricity,Commercial,Dallas,322.31,off-peak,M-3278,Normal,On-Time,0
2893,408.12,gas,Residential,Seattle,207.81,peak,M-1487,Normal,Late,0
2894,148.82,electricity,Commercial,New York,192.23,off-peak,M-6533,Normal,On-Time,0
2895,46.51,electricity,Residential,Dallas,102.85,peak,M-8978,Tampered,Late,1
2896,273.76,electricity,Commercial,Dallas,462.79,peak,M-8495,Normal,On-Time,0
2897,319.12,gas,Commercial,Houston,306.12,off-peak,M-4595,Normal,Late,0
2898,1.42,electricity,Commercial,New York,107.73,peak,M-8695,Normal,Late,0
2899,168.71,gas,Residential,Boston,307.77,peak,M-1506,Tampered,Late,1
2900,347.89,electricity,Commercial,Chicago,335.95,off-peak,M-7719,Normal,Late,0
2901,198,electricity,Residential,Boston,143.91,off-peak,M-1987,Tampered,Late,1
2902,294.06,electricity,Residential,Dallas,305.16,off-peak,M-5721,Tampered,On-Time,1
2903,205.04,electricity,Residential,Chicago,76.53,off-peak,M-4905,Normal,On-Time,1
2904,352.24,gas,Commercial,Chicago,231.95,off-peak,M-1055,Tampered,On-Time,1
2905,106.92,gas,Residential,Chicago,482.83,peak,M-5016,Normal,Late,0
2906,347.42,electricity,Residential,Los Angeles,449.72,off-peak,M-4038,Normal,Late,0
2907,129.3,gas,Commercial,Miami,7.47,off-peak,M-3459,Normal,Late,1
2908,69.97,gas,Commercial,Los Angeles,384.79,off-peak,M-7179,Normal,Late,0
2909,417.44,gas,Commercial,Los Angeles,171.14,peak,M-1221,Tampered,Late,1
2910,416.69,gas,Commercial,New York,38.4,peak,M-4513,Tampered,Late,1
2911,446.01,electricity,Commercial,New York,382.65,peak,M-1216,Normal,On-Time,0
2912,55.74,gas,Residential,Houston,414.66,off-peak,M-2175,Tampered,On-Time,1
2913,471.33,electricity,Commercial,Seattle,339.43,peak,M-6810,Tampered,Late,1
2914,303.92,gas,Residential,Seattle,50.63,peak,M-4004,Tampered,On-Time,1
2915,493.53,gas,Commercial,New York,108.89,off-peak,M-7547,Tampered,On-Time,1
2916,492.11,electricity,Commercial,Boston,494.2,off-peak,M-4955,Tampered,Late,1
2917,462.74,gas,Commercial,New York,1.96,peak,M-2979,Normal,Late,1
2918,316.97,gas,Commercial,Los Angeles,150.62,peak,M-6200,Tampered,Late,1
2919,86.79,electricity,Commercial,Los Angeles,368.84,peak,M-5724,Normal,Late,0
2920,467.72,electricity,Residential,Houston,408.8,peak,M-7149,Tampered,Late,1
2921,65.61,gas,Residential,Los Angeles,128.74,off-peak,M-8665,Tampered,On-Time,1
2922,171.04,electricity,Residential,Boston,81.67,peak,M-1965,Normal,On-Time,1
2923,271.88,gas,Residential,New York,110.44,off-peak,M-2446,Normal,Late,1
2924,150.76,gas,Commercial,Los Angeles,460.81,off-peak,M-1066,Normal,On-Time,0
2925,229.99,electricity,Commercial,Dallas,441.2,off-peak,M-1455,Tampered,Late,1
2926,182.08,gas,Residential,Seattle,11.65,peak,M-4208,Normal,Late,1
2927,45.93,gas,Commercial,Dallas,223.31,off-peak,M-9957,Tampered,On-Time,1
2928,10.82,electricity,Commercial,Dallas,431.55,peak,M-8781,Normal,On-Time,0
2929,77.53,gas,Residential,Houston,492.59,off-peak,M-6475,Tampered,On-Time,1
2930,95.33,electricity,Residential,Los Angeles,433.7,peak,M-4522,Normal,On-Time,0
2931,243.43,gas,Residential,Seattle,325.65,off-peak,M-1029,Tampered,On-Time,1
2932,19.65,electricity,Commercial,Chicago,209.76,peak,M-9974,Normal,Late,0
2933,50.84,gas,Commercial,Seattle,457.92,peak,M-9545,Tampered,Late,1
2934,372.53,electricity,Commercial,Boston,322.2,peak,M-7358,Normal,On-Time,0
2935,425.68,gas,Residential,Seattle,249.11,off-peak,M-4713,Tampered,On-Time,1
2936,453.14,electricity,Residential,Los Angeles,43.92,off-peak,M-1485,Tampered,On-Time,1
2937,460.59,electricity,Residential,Dallas,84.65,off-peak,M-8660,Tampered,Late,1
2938,407.96,gas,Commercial,Los Angeles,145.16,peak,M-6463,Normal,On-Time,1
2939,159.83,gas,Residential,Los Angeles,46.19,off-peak,M-9279,Tampered,Late,1
2940,138.85,gas,Residential,Houston,140.67,peak,M-8198,Tampered,On-Time,1
2941,463.46,gas,Residential,Chicago,122.73,off-peak,M-9449,Normal,Late,1
2942,159.68,gas,Residential,Dallas,5.23,off-peak,M-3400,Tampered,On-Time,1
2943,136.07,electricity,Commercial,Dallas,220.07,off-peak,M-3599,Tampered,Late,1
2944,93.01,electricity,Residential,Boston,186.93,peak,M-6578,Normal,On-Time,0
2945,257.32,electricity,Residential,Dallas,442.61,off-peak,M-9328,Tampered,Late,1
2946,174.92,electricity,Residential,Dallas,285.16,peak,M-2284,Tampered,Late,1
2947,455.95,gas,Commercial,Seattle,117.64,off-peak,M-1213,Normal,Late,1
2948,20.49,electricity,Commercial,New York,14.97,peak,M-5823,Tampered,Late,1
2949,53.76,electricity,Residential,Miami,90.59,off-peak,M-1734,Tampered,Late,1
2950,325.73,gas,Residential,Chicago,459.45,off-peak,M-2247,Normal,Late,0
2951,373.65,gas,Residential,Boston,386.08,off-peak,M-5622,Normal,On-Time,0
2952,262.98,gas,Commercial,Boston,144.69,off-peak,M-4479,Normal,On-Time,0
2953,465.31,gas,Commercial,Boston,121.84,peak,M-8172,Tampered,Late,1
2954,341.36,gas,Residential,Seattle,169.29,off-peak,M-6814,Tampered,Late,1
2955,298.46,electricity,Commercial,Chicago,33.85,peak,M-9481,Normal,On-Time,1
2956,459.46,gas,Commercial,Seattle,35.78,peak,M-2865,Tampered,On-Time,1
2957,336.12,electricity,Residential,New York,315.7,off-peak,M-7355,Tampered,Late,1
2958,72.11,electricity,Commercial,Dallas,171.74,peak,M-4522,Tampered,On-Time,1
2959,404.36,electricity,Residential,Houston,279.21,off-peak,M-9618,Normal,Late,0
2960,491.67,gas,Residential,New York,201.45,off-peak,M-6016,Normal,On-Time,1
2961,242.3,electricity,Commercial,Seattle,374.42,peak,M-3548,Tampered,On-Time,1
2962,225.55,electricity,Commercial,Dallas,483.45,peak,M-6859,Tampered,Late,1
2963,451.86,gas,Commercial,Miami,121.5,off-peak,M-8650,Normal,Late,1
2964,360,gas,Residential,Dallas,438.23,peak,M-5015,Tampered,On-Time,1
2965,423.98,electricity,Residential,New York,282.71,off-peak,M-4043,Tampered,Late,1
2966,194.81,electricity,Residential,Dallas,191.41,off-peak,M-5572,Normal,On-Time,0
2967,80.03,gas,Residential,Chicago,461.11,off-peak,M-1000,Tampered,On-Time,1
2968,271.94,electricity,Commercial,Miami,341.8,peak,M-9531,Tampered,On-Time,1
2969,53.64,gas,Commercial,Los Angeles,353.4,off-peak,M-1396,Normal,Late,0
2970,178.23,gas,Commercial,Houston,27.16,peak,M-1613,Normal,Late,1
2971,240.32,electricity,Residential,Miami,141.41,peak,M-2893,Normal,Late,0
2972,400.79,gas,Commercial,Seattle,132.89,off-peak,M-6709,Normal,On-Time,1
2973,473.54,gas,Commercial,Dallas,241.49,off-peak,M-2263,Tampered,Late,1
2974,141.7,gas,Commercial,Miami,43.33,peak,M-2614,Tampered,On-Time,1
2975,32.82,gas,Residential,Los Angeles,296.28,off-peak,M-6290,Tampered,Late,1
2976,143.86,electricity,Commercial,New York,366.08,off-peak,M-4201,Tampered,Late,1
2977,315.47,electricity,Commercial,Seattle,433.12,peak,M-4033,Tampered,Late,1
2978,416.83,gas,Residential,Chicago,274.4,off-peak,M-6761,Normal,On-Time,0
2979,404.69,electricity,Commercial,Los Angeles,218.74,off-peak,M-4730,Normal,Late,0
2980,294.15,electricity,Residential,Dallas,366.65,peak,M-9806,Normal,On-Time,0
2981,414.05,electricity,Residential,Seattle,231.81,off-peak,M-4986,Normal,On-Time,0
2982,409.73,gas,Residential,Boston,48.09,peak,M-6692,Tampered,Late,1
2983,46.82,gas,Commercial,Boston,297,off-peak,M-1615,Tampered,Late,1
2984,244.03,electricity,Commercial,Houston,391.82,peak,M-9390,Normal,Late,0
2985,414.79,gas,Residential,Boston,314.5,off-peak,M-5528,Normal,Late,0
2986,188.86,electricity,Commercial,New York,128.82,peak,M-2754,Tampered,Late,1
2987,481.19,electricity,Commercial,Dallas,451.39,peak,M-7647,Normal,Late,0
2988,371.67,electricity,Commercial,Los Angeles,411.33,off-peak,M-4185,Normal,On-Time,0
2989,349.03,gas,Commercial,Houston,452.47,peak,M-8225,Normal,On-Time,0
2990,50.52,gas,Residential,Houston,89.07,peak,M-9382,Normal,On-Time,0
2991,270.19,gas,Commercial,Dallas,120.55,off-peak,M-4225,Normal,On-Time,1
2992,16.18,gas,Residential,Boston,212.78,peak,M-9421,Normal,On-Time,0
2993,158.4,gas,Residential,Los Angeles,73.34,off-peak,M-1972,Normal,Late,1
2994,256.59,gas,Residential,Boston,341.58,off-peak,M-2728,Normal,On-Time,0
2995,381.34,gas,Commercial,Los Angeles,17.82,peak,M-9803,Normal,On-Time,1
2996,491.43,electricity,Residential,Los Angeles,495.96,off-peak,M-7763,Normal,On-Time,0
2997,234.26,electricity,Commercial,Seattle,3.89,off-peak,M-2184,Tampered,Late,1
2998,151.32,electricity,Residential,Boston,124.48,off-peak,M-9030,Normal,Late,0
2999,421.78,electricity,Commercial,Houston,422.35,peak,M-1770,Tampered,On-Time,1
3000,486.4,electricity,Residential,Boston,3.73,peak,M-2917,Tampered,Late,1
3001,41.44,gas,Residential,Houston,168.61,off-peak,M-3299,Tampered,Late,1
3002,406.61,electricity,Residential,Los Angeles,24.96,off-peak,M-3530,Tampered,On-Time,1
3003,413.5,gas,Residential,Chicago,445.11,peak,M-2967,Normal,On-Time,0
3004,349.84,electricity,Commercial,New York,184.92,off-peak,M-3359,Normal,Late,0
3005,300.5,electricity,Residential,Los Angeles,382.93,peak,M-3086,Tampered,On-Time,1
3006,53.72,electricity,Commercial,Boston,324.88,off-peak,M-8512,Normal,Late,0
3007,206.59,electricity,Residential,Chicago,267.84,off-peak,M-7435,Normal,On-Time,0
3008,428.58,electricity,Commercial,Seattle,90.82,peak,M-9978,Tampered,Late,1
3009,305.3,electricity,Commercial,Boston,457.37,off-peak,M-4284,Tampered,Late,1
3010,339.26,gas,Residential,Seattle,67.83,peak,M-8349,Tampered,Late,1
3011,128.66,electricity,Commercial,Boston,422.16,peak,M-4746,Tampered,On-Time,1
3012,209.95,gas,Commercial,Chicago,338.86,peak,M-8140,Tampered,On-Time,1
3013,114.86,gas,Commercial,Chicago,220.41,peak,M-8749,Tampered,On-Time,1
3014,93.36,gas,Residential,Los Angeles,431.32,peak,M-8411,Tampered,Late,1
3015,447.53,gas,Residential,Los Angeles,202.83,peak,M-8716,Normal,Late,1
3016,416.78,electricity,Commercial,Houston,252.03,peak,M-4190,Tampered,Late,1
3017,147.88,electricity,Residential,New York,305.96,off-peak,M-1868,Normal,On-Time,0
3018,106.9,electricity,Residential,Boston,30.79,peak,M-7521,Tampered,On-Time,1
3019,427.61,gas,Residential,Los Angeles,304.57,peak,M-7383,Tampered,On-Time,1
3020,31.44,electricity,Commercial,Houston,187.82,off-peak,M-1128,Tampered,On-Time,1
3021,12.94,electricity,Commercial,Dallas,498.41,off-peak,M-2762,Normal,On-Time,0
3022,199.17,gas,Commercial,Boston,158.34,off-peak,M-5165,Tampered,On-Time,1
3023,287.85,gas,Commercial,Dallas,94.35,peak,M-5679,Normal,Late,1
3024,281.68,electricity,Commercial,Houston,374.48,off-peak,M-6402,Tampered,On-Time,1
3025,315.79,gas,Residential,New York,351.59,off-peak,M-7352,Normal,On-Time,0
3026,215.1,electricity,Commercial,New York,301.42,peak,M-2852,Tampered,On-Time,1
3027,169.57,gas,Residential,Seattle,361.66,peak,M-1485,Tampered,Late,1
3028,112.21,gas,Residential,Dallas,471.48,off-peak,M-2373,Normal,Late,0
3029,110.41,gas,Residential,Boston,240.23,off-peak,M-9688,Normal,Late,0
3030,23.69,gas,Commercial,Boston,111.85,off-peak,M-1340,Normal,Late,0
3031,146.08,electricity,Commercial,Dallas,8.26,peak,M-2584,Normal,Late,1
3032,278.8,gas,Residential,Miami,412.07,peak,M-2649,Normal,On-Time,0
3033,383.73,gas,Commercial,New York,334.26,off-peak,M-4215,Tampered,On-Time,1
3034,452.05,gas,Commercial,Houston,205.68,off-peak,M-7490,Normal,On-Time,1
3035,176.08,electricity,Commercial,Boston,258.27,peak,M-2611,Tampered,Late,1
3036,357.78,gas,Commercial,Chicago,363.84,off-peak,M-7598,Tampered,On-Time,1
3037,62.29,gas,Residential,Seattle,302.09,off-peak,M-1905,Normal,Late,0
3038,482.67,gas,Commercial,Dallas,348.7,off-peak,M-4273,Tampered,On-Time,1
3039,374.07,electricity,Residential,New York,127.82,off-peak,M-1217,Tampered,Late,1
3040,307.27,gas,Residential,Dallas,289.31,off-peak,M-5727,Tampered,Late,1
3041,184.1,electricity,Residential,New York,491.05,peak,M-4185,Tampered,On-Time,1
3042,330.07,gas,Residential,Boston,417.87,peak,M-6860,Tampered,On-Time,1
3043,156.82,gas,Residential,Chicago,452.56,peak,M-8546,Tampered,On-Time,1
3044,421.18,gas,Commercial,Seattle,310.02,peak,M-1247,Tampered,On-Time,1
3045,270.06,electricity,Commercial,New York,46.16,off-peak,M-5240,Tampered,On-Time,1
3046,161.41,electricity,Commercial,Houston,480.14,peak,M-7341,Tampered,On-Time,1
3047,302.36,gas,Commercial,Chicago,470.04,peak,M-3277,Tampered,On-Time,1
3048,281.85,gas,Residential,Chicago,457.2,peak,M-1448,Normal,Late,0
3049,256.68,electricity,Residential,Dallas,162.53,off-peak,M-6815,Normal,On-Time,0
3050,103.56,electricity,Residential,Seattle,77.76,peak,M-7166,Normal,On-Time,0
3051,80.87,gas,Commercial,Boston,443.68,peak,M-2529,Tampered,Late,1
3052,311.94,gas,Commercial,Houston,201.43,off-peak,M-1393,Normal,Late,0
3053,307.56,gas,Residential,Dallas,180.41,off-peak,M-6735,Tampered,Late,1
3054,251.63,gas,Commercial,Boston,211.24,peak,M-4158,Tampered,On-Time,1
3055,407.91,electricity,Residential,Dallas,100.69,peak,M-9818,Normal,On-Time,1
3056,18.45,gas,Commercial,Los Angeles,41.86,off-peak,M-4072,Normal,On-Time,0
3057,85.95,gas,Commercial,Boston,482.09,off-peak,M-6656,Tampered,Late,1
3058,69.25,gas,Residential,New York,217.1,off-peak,M-7068,Normal,On-Time,0
3059,471.21,electricity,Residential,Boston,446.76,off-peak,M-4801,Tampered,On-Time,1
3060,154.46,electricity,Residential,Seattle,21.34,peak,M-9641,Normal,Late,1
3061,127.39,electricity,Residential,Dallas,110.57,off-peak,M-7047,Tampered,Late,1
3062,180.37,electricity,Residential,New York,239.08,off-peak,M-7203,Tampered,Late,1
3063,448.2,gas,Residential,Seattle,93.53,off-peak,M-4740,Tampered,Late,1
3064,244.5,gas,Residential,Seattle,293.09,off-peak,M-6368,Normal,On-Time,0
3065,295.38,gas,Commercial,Los Angeles,328.26,off-peak,M-1055,Normal,On-Time,0
3066,194.12,electricity,Residential,Dallas,343.04,peak,M-5147,Normal,Late,0
3067,2.83,electricity,Residential,Boston,71.05,off-peak,M-7129,Tampered,Late,1
3068,302.96,electricity,Residential,Houston,14.95,peak,M-9505,Tampered,Late,1
3069,475.41,electricity,Commercial,Boston,179.23,peak,M-2054,Tampered,On-Time,1
3070,458.83,electricity,Residential,Boston,64.41,off-peak,M-2083,Normal,On-Time,1
3071,42,electricity,Residential,Miami,253.93,peak,M-5713,Tampered,Late,1
3072,88.76,gas,Commercial,Houston,384.82,off-peak,M-4567,Tampered,On-Time,1
3073,360.37,electricity,Residential,Miami,484.24,off-peak,M-3893,Normal,On-Time,0
3074,172.68,gas,Residential,New York,88.56,peak,M-4020,Normal,On-Time,0
3075,465.02,gas,Residential,Dallas,251.76,off-peak,M-1157,Normal,Late,0
3076,275.86,electricity,Commercial,Seattle,170.72,peak,M-5579,Tampered,Late,1
3077,153.89,gas,Residential,Los Angeles,82.72,off-peak,M-4983,Normal,Late,0
3078,119.76,gas,Residential,New York,85.25,peak,M-3604,Normal,On-Time,0
3079,386.48,electricity,Commercial,Seattle,424.48,off-peak,M-9477,Normal,Late,0
3080,90.3,electricity,Commercial,Los Angeles,420.31,off-peak,M-4448,Normal,Late,0
3081,168.87,electricity,Residential,Los Angeles,233.77,peak,M-6804,Normal,On-Time,0
3082,359.92,electricity,Commercial,Boston,84.89,peak,M-5531,Tampered,On-Time,1
3083,18.36,gas,Residential,Boston,433.49,off-peak,M-1643,Tampered,On-Time,1
3084,328.2,electricity,Residential,Miami,46.17,off-peak,M-3031,Tampered,On-Time,1
3085,200.02,electricity,Commercial,Seattle,32.43,peak,M-6922,Normal,On-Time,1
3086,216.64,electricity,Residential,Chicago,111.71,off-peak,M-4854,Normal,On-Time,0
3087,337.33,gas,Commercial,Chicago,27.22,off-peak,M-4263,Tampered,On-Time,1
3088,493.47,electricity,Commercial,Chicago,177.66,off-peak,M-3125,Normal,Late,1
3089,375.9,gas,Residential,Houston,219.57,peak,M-2326,Normal,Late,0
3090,119.63,electricity,Commercial,Chicago,388.04,off-peak,M-7258,Normal,On-Time,0
3091,190.24,gas,Commercial,Dallas,460.26,peak,M-2206,Tampered,On-Time,1
3092,17.44,gas,Residential,Chicago,197.78,peak,M-3280,Normal,On-Time,0
3093,211.35,electricity,Commercial,Miami,3.84,peak,M-5366,Tampered,On-Time,1
3094,451.57,gas,Residential,Miami,231.87,off-peak,M-2529,Normal,Late,0
3095,375.74,gas,Residential,New York,272.08,peak,M-7813,Tampered,Late,1
3096,454.86,electricity,Residential,Los Angeles,301.32,off-peak,M-9670,Normal,On-Time,0
3097,368.95,gas,Residential,Boston,35,peak,M-6077,Tampered,On-Time,1
3098,143.57,gas,Residential,Dallas,124.14,peak,M-3377,Normal,Late,0
3099,474.87,electricity,Residential,Los Angeles,439.6,peak,M-9223,Tampered,On-Time,1
3100,448.72,electricity,Residential,Los Angeles,320.69,peak,M-6011,Tampered,On-Time,1
3101,361.72,electricity,Residential,Chicago,444.35,peak,M-1556,Tampered,Late,1
3102,252.9,electricity,Residential,Seattle,428.61,peak,M-4749,Tampered,Late,1
3103,271.91,electricity,Residential,New York,28.57,off-peak,M-2469,Normal,Late,1
3104,235.81,electricity,Commercial,Boston,175.91,off-peak,M-9487,Normal,On-Time,0
3105,450.29,electricity,Commercial,Houston,481.44,off-peak,M-8416,Tampered,Late,1
3106,433.65,electricity,Commercial,Houston,50.67,peak,M-7405,Tampered,Late,1
3107,319.89,electricity,Commercial,Dallas,174.29,peak,M-3664,Normal,Late,0
3108,302.25,gas,Commercial,Seattle,241.3,off-peak,M-8982,Tampered,Late,1
3109,314.29,electricity,Commercial,Los Angeles,8.58,off-peak,M-3725,Normal,Late,1
3110,266.32,electricity,Residential,Chicago,355.37,peak,M-8258,Normal,On-Time,0
3111,435.68,gas,Commercial,Houston,57.57,peak,M-7620,Normal,On-Time,1
3112,385.6,electricity,Residential,Boston,460.55,peak,M-5242,Normal,On-Time,0
3113,377.02,gas,Commercial,Seattle,370.97,off-peak,M-6118,Normal,On-Time,0
3114,83.75,gas,Commercial,Seattle,20.99,peak,M-5282,Normal,Late,1
3115,166.7,electricity,Residential,Boston,87.95,off-peak,M-4546,Tampered,Late,1
3116,277.6,gas,Residential,Boston,324.7,off-peak,M-4999,Normal,Late,0
3117,228.32,electricity,Commercial,Los Angeles,4.96,off-peak,M-3064,Normal,Late,1
3118,190.52,gas,Commercial,New York,129.95,off-peak,M-3189,Tampered,Late,1
3119,32.36,gas,Commercial,Seattle,84.83,peak,M-8748,Tampered,On-Time,1
3120,152.64,gas,Residential,Miami,494.55,peak,M-3792,Normal,Late,0
3121,100.98,electricity,Commercial,Los Angeles,399.88,off-peak,M-5300,Normal,Late,0
3122,125.72,electricity,Commercial,Houston,42.46,off-peak,M-8019,Tampered,On-Time,1
3123,227.33,gas,Commercial,Dallas,386.96,off-peak,M-5834,Tampered,Late,1
3124,188.19,gas,Residential,Seattle,214.32,off-peak,M-9246,Normal,On-Time,0
3125,116.54,gas,Commercial,Houston,163.49,peak,M-7463,Normal,Late,0
3126,168.01,gas,Residential,New York,162.63,off-peak,M-7294,Tampered,On-Time,1
3127,463.19,electricity,Commercial,Dallas,393.9,peak,M-2323,Tampered,On-Time,1
3128,11.09,gas,Residential,Miami,156.78,off-peak,M-1588,Tampered,Late,1
3129,419.52,gas,Commercial,Miami,368.41,off-peak,M-3542,Normal,On-Time,0
3130,5.79,gas,Commercial,New York,227.63,peak,M-1725,Tampered,On-Time,1
3131,383.82,gas,Residential,Los Angeles,288.54,off-peak,M-9359,Normal,On-Time,0
3132,492.62,gas,Commercial,Boston,27.76,off-peak,M-9117,Normal,Late,1
3133,310.96,electricity,Residential,Seattle,337.01,off-peak,M-9738,Tampered,On-Time,1
3134,347.76,electricity,Commercial,Chicago,151.1,off-peak,M-8212,Normal,On-Time,1
3135,212.33,gas,Residential,Dallas,241.54,peak,M-4502,Tampered,On-Time,1
3136,320.4,gas,Commercial,Seattle,223.55,peak,M-7023,Tampered,On-Time,1
3137,273.41,electricity,Residential,Chicago,254.34,peak,M-4335,Tampered,On-Time,1
3138,277.54,gas,Residential,Boston,390.79,peak,M-8092,Normal,Late,0
3139,414.02,gas,Commercial,New York,335.98,off-peak,M-4545,Tampered,Late,1
3140,65.49,electricity,Commercial,Chicago,397.75,peak,M-5518,Normal,On-Time,0
3141,473.49,electricity,Commercial,New York,366.54,off-peak,M-9212,Normal,On-Time,0
3142,309.87,gas,Residential,New York,241.47,peak,M-7453,Tampered,On-Time,1
3143,58.01,gas,Residential,Miami,291.56,off-peak,M-6964,Tampered,On-Time,1
3144,319.55,electricity,Residential,Chicago,329.2,peak,M-9304,Tampered,On-Time,1
3145,255.95,gas,Commercial,New York,179.05,off-peak,M-1683,Normal,Late,0
3146,40.99,gas,Residential,Los Angeles,190.85,off-peak,M-6224,Tampered,Late,1
3147,337.58,electricity,Residential,Miami,125.07,off-peak,M-2244,Normal,Late,1
3148,297.38,gas,Residential,Dallas,315.03,off-peak,M-1614,Tampered,On-Time,1
3149,104.8,gas,Residential,Boston,302.34,off-peak,M-4990,Tampered,Late,1
3150,219.83,electricity,Residential,Houston,395.28,off-peak,M-5385,Tampered,Late,1
3151,308.1,gas,Commercial,New York,53.29,peak,M-9006,Tampered,Late,1
3152,454.96,gas,Residential,Seattle,210.68,off-peak,M-8565,Normal,On-Time,1
3153,123.09,gas,Residential,Houston,476.79,peak,M-7348,Tampered,Late,1
3154,190.88,electricity,Residential,Miami,16.34,off-peak,M-4030,Normal,Late,1
3155,289.43,electricity,Commercial,Dallas,459.8,off-peak,M-7108,Normal,Late,0
3156,264.86,gas,Residential,Miami,189.86,off-peak,M-7637,Tampered,On-Time,1
3157,373.96,gas,Commercial,Miami,84.27,off-peak,M-1085,Tampered,On-Time,1
3158,238.18,gas,Residential,Los Angeles,398.42,off-peak,M-6095,Normal,Late,0
3159,483.84,gas,Commercial,New York,492.17,off-peak,M-6250,Tampered,Late,1
3160,41.36,electricity,Commercial,New York,161.09,peak,M-9636,Normal,On-Time,0
3161,39.53,gas,Commercial,Seattle,154.99,peak,M-9273,Tampered,Late,1
3162,328.99,gas,Residential,Los Angeles,236.03,off-peak,M-1493,Tampered,Late,1
3163,286.14,electricity,Commercial,Miami,273.22,off-peak,M-9448,Tampered,Late,1
3164,23.33,gas,Commercial,Boston,233.79,peak,M-5128,Normal,On-Time,0
3165,308.91,electricity,Commercial,New York,434.65,off-peak,M-6825,Normal,Late,0
3166,406.63,electricity,Commercial,Dallas,417.45,off-peak,M-6937,Tampered,On-Time,1
3167,199.23,gas,Residential,New York,92.81,off-peak,M-4642,Normal,On-Time,1
3168,76.6,gas,Commercial,Houston,271.78,off-peak,M-8682,Tampered,On-Time,1
3169,486.75,gas,Residential,Boston,427.69,peak,M-7299,Normal,On-Time,0
3170,346.71,electricity,Commercial,Boston,359.7,peak,M-1212,Normal,Late,0
3171,499.97,gas,Commercial,Miami,27.03,peak,M-8152,Normal,Late,1
3172,180.52,gas,Commercial,Los Angeles,339.69,peak,M-6693,Tampered,On-Time,1
3173,467.43,gas,Commercial,Boston,334.27,peak,M-2464,Normal,On-Time,0
3174,1,gas,Residential,Seattle,217.41,off-peak,M-6775,Tampered,Late,1
3175,221.09,electricity,Commercial,Boston,46.77,off-peak,M-5496,Normal,On-Time,1
3176,121.44,gas,Commercial,Los Angeles,378.93,off-peak,M-4492,Normal,On-Time,0
3177,283.99,gas,Residential,New York,105.2,off-peak,M-2598,Tampered,Late,1
3178,327.06,electricity,Residential,Chicago,207.45,peak,M-6033,Tampered,On-Time,1
3179,482.09,gas,Commercial,New York,103.9,peak,M-2711,Tampered,Late,1
3180,24.72,electricity,Commercial,Miami,301.8,off-peak,M-9209,Tampered,Late,1
3181,314.04,gas,Residential,Dallas,150.44,peak,M-2563,Tampered,On-Time,1
3182,307.43,electricity,Commercial,Houston,114.41,peak,M-1523,Normal,On-Time,1
3183,243.23,electricity,Residential,Seattle,262.53,peak,M-2131,Tampered,On-Time,1
3184,395,electricity,Commercial,New York,137.69,peak,M-3382,Tampered,On-Time,1
3185,492.84,electricity,Residential,Seattle,410.01,off-peak,M-2412,Tampered,Late,1
3186,10.98,gas,Residential,Seattle,414.01,off-peak,M-3729,Normal,Late,0
3187,476.08,electricity,Commercial,Seattle,189.52,peak,M-3253,Tampered,On-Time,1
3188,369.21,gas,Residential,Dallas,310.52,off-peak,M-7706,Tampered,Late,1
3189,90.19,gas,Residential,Houston,173.38,off-peak,M-8039,Normal,On-Time,0
3190,222.14,electricity,Residential,Miami,346.47,peak,M-8047,Normal,On-Time,0
3191,228.21,electricity,Residential,Boston,206.03,off-peak,M-4142,Tampered,On-Time,1
3192,201.18,electricity,Commercial,Houston,448.63,peak,M-2926,Tampered,Late,1
3193,254.39,electricity,Commercial,Boston,345.43,peak,M-1316,Normal,Late,0
3194,163.72,gas,Commercial,Los Angeles,399.23,off-peak,M-3436,Tampered,Late,1
3195,63.03,electricity,Residential,Miami,391.08,peak,M-1614,Normal,Late,0
3196,101.86,electricity,Residential,Chicago,491.3,peak,M-5292,Tampered,On-Time,1
3197,230.77,electricity,Commercial,Miami,153.73,peak,M-1977,Tampered,Late,1
3198,83.59,electricity,Commercial,Seattle,89.58,off-peak,M-8947,Normal,Late,0
3199,115.58,gas,Commercial,Seattle,387.53,off-peak,M-4986,Normal,On-Time,0
3200,63.27,electricity,Commercial,Boston,475.56,peak,M-9563,Normal,Late,0
3201,223.08,electricity,Residential,Boston,7.38,off-peak,M-2837,Tampered,On-Time,1
3202,482.44,gas,Commercial,New York,252.82,off-peak,M-2466,Normal,On-Time,0
3203,288.58,electricity,Residential,Boston,14.5,peak,M-7254,Normal,Late,1
3204,314.56,gas,Residential,New York,446.36,peak,M-3132,Tampered,On-Time,1
3205,357.76,electricity,Residential,Dallas,393.69,peak,M-3894,Normal,Late,0
3206,277.38,gas,Residential,Seattle,165.76,peak,M-2802,Tampered,On-Time,1
3207,53.88,electricity,Residential,Los Angeles,203.77,peak,M-5525,Normal,Late,0
3208,315.07,gas,Residential,Houston,142.67,peak,M-7179,Tampered,Late,1
3209,464.85,electricity,Commercial,Dallas,265.77,peak,M-4596,Normal,Late,0
3210,5.94,gas,Residential,Chicago,111.28,off-peak,M-7159,Normal,Late,0
3211,411.33,gas,Residential,Houston,476.9,peak,M-5252,Tampered,Late,1
3212,362.28,electricity,Residential,Houston,210.02,peak,M-8323,Tampered,On-Time,1
3213,147.71,gas,Commercial,Miami,429.91,off-peak,M-4052,Tampered,Late,1
3214,104.37,electricity,Residential,Chicago,489.62,peak,M-4704,Normal,Late,0
3215,33.57,electricity,Commercial,Chicago,290.73,peak,M-2280,Tampered,Late,1
3216,428.66,electricity,Commercial,Dallas,105.29,peak,M-6081,Tampered,Late,1
3217,429.57,gas,Commercial,Chicago,341.56,off-peak,M-1840,Normal,On-Time,0
3218,401.05,electricity,Residential,Boston,205.18,peak,M-4115,Tampered,Late,1
3219,59.85,electricity,Residential,Chicago,194.02,off-peak,M-2638,Tampered,Late,1
3220,101.67,electricity,Commercial,Los Angeles,303.65,off-peak,M-2809,Tampered,On-Time,1
3221,122.43,electricity,Residential,Miami,155.88,off-peak,M-1633,Normal,On-Time,0
3222,218.24,gas,Residential,Miami,249.94,peak,M-3873,Normal,Late,0
3223,179.38,gas,Commercial,New York,344.88,peak,M-1007,Tampered,Late,1
3224,217.28,gas,Residential,Houston,297.42,peak,M-9223,Tampered,Late,1
3225,175.18,gas,Commercial,Boston,379.65,off-peak,M-8462,Normal,Late,0
3226,27.49,gas,Commercial,Dallas,289.47,off-peak,M-2511,Normal,On-Time,0
3227,470.03,electricity,Residential,New York,168.38,peak,M-7114,Normal,Late,1
3228,123,electricity,Residential,New York,441.89,peak,M-2367,Tampered,On-Time,1
3229,479.81,electricity,Residential,Houston,157.61,peak,M-7640,Tampered,Late,1
3230,96.95,electricity,Commercial,Miami,310.98,off-peak,M-7421,Tampered,Late,1
3231,392.56,gas,Commercial,Miami,190.19,peak,M-1687,Tampered,Late,1
3232,162.58,electricity,Commercial,Seattle,9.42,peak,M-1072,Normal,Late,1
3233,331.73,gas,Residential,Miami,281.05,peak,M-7111,Tampered,Late,1
3234,152.82,gas,Residential,Dallas,166.09,off-peak,M-3451,Normal,On-Time,0
3235,59.69,gas,Commercial,Houston,325.19,off-peak,M-6407,Tampered,Late,1
3236,139.01,gas,Residential,New York,243.56,off-peak,M-9056,Normal,Late,0
3237,190.52,gas,Residential,Seattle,351.42,peak,M-4706,Normal,On-Time,0
3238,80.91,gas,Commercial,Houston,498.81,peak,M-9466,Normal,On-Time,0
3239,319.46,gas,Commercial,Chicago,16.83,off-peak,M-6489,Normal,On-Time,1
3240,346.45,electricity,Commercial,New York,297.95,peak,M-8729,Tampered,On-Time,1
3241,402.12,gas,Residential,New York,405.55,off-peak,M-6919,Tampered,Late,1
3242,47.25,electricity,Commercial,Chicago,249.09,peak,M-1722,Tampered,On-Time,1
3243,161.54,electricity,Residential,Seattle,114.58,off-peak,M-7616,Normal,On-Time,0
3244,143.16,gas,Commercial,Dallas,437.61,off-peak,M-9967,Normal,Late,0
3245,217.49,gas,Commercial,Chicago,62.74,off-peak,M-3080,Tampered,On-Time,1
3246,14.02,electricity,Residential,Seattle,225.32,off-peak,M-2990,Normal,Late,0
3247,170.95,gas,Commercial,Miami,47.35,peak,M-3299,Tampered,On-Time,1
3248,322.12,electricity,Residential,Boston,336.59,peak,M-6482,Tampered,On-Time,1
3249,468.53,gas,Residential,Chicago,258.36,peak,M-6250,Tampered,On-Time,1
3250,397.65,gas,Residential,Los Angeles,302,off-peak,M-7959,Tampered,On-Time,1
3251,11.89,gas,Residential,Chicago,403.15,off-peak,M-5080,Normal,On-Time,0
3252,30.02,electricity,Commercial,Chicago,18.41,peak,M-5178,Tampered,On-Time,1
3253,348.25,gas,Commercial,Seattle,386.02,peak,M-2843,Tampered,Late,1
3254,140.43,electricity,Commercial,Seattle,380.42,peak,M-1231,Tampered,Late,1
3255,69.25,gas,Commercial,Boston,424.57,peak,M-9220,Normal,On-Time,0
3256,135.42,electricity,Residential,Houston,258.96,peak,M-1533,Normal,Late,0
3257,159.51,gas,Residential,Chicago,310.82,off-peak,M-5330,Tampered,Late,1
3258,269.95,gas,Commercial,Boston,70.54,peak,M-1748,Tampered,On-Time,1
3259,274.85,gas,Residential,Seattle,392.18,peak,M-6674,Normal,Late,0
3260,27.48,electricity,Residential,Dallas,169.12,off-peak,M-7155,Normal,Late,0
3261,254.99,electricity,Commercial,Miami,308.32,peak,M-7619,Tampered,On-Time,1
3262,72.33,gas,Commercial,Seattle,111.43,off-peak,M-4004,Tampered,Late,1
3263,136.29,electricity,Commercial,Chicago,256.21,peak,M-5834,Normal,Late,0
3264,392.44,gas,Residential,Houston,403.28,peak,M-2198,Tampered,On-Time,1
3265,101.61,gas,Commercial,Houston,457.23,off-peak,M-7938,Normal,On-Time,0
3266,392.51,electricity,Residential,Houston,454.94,peak,M-6261,Tampered,On-Time,1
3267,382.22,electricity,Residential,Houston,11.36,off-peak,M-3273,Normal,Late,1
3268,104.59,electricity,Residential,Seattle,217.72,peak,M-3009,Tampered,Late,1
3269,9.83,electricity,Residential,Chicago,293.26,peak,M-7197,Normal,On-Time,0
3270,135.32,gas,Residential,Los Angeles,158.22,peak,M-9978,Tampered,On-Time,1
3271,152.26,gas,Commercial,Miami,400.18,peak,M-7342,Normal,Late,0
3272,461.27,gas,Residential,Los Angeles,52.16,off-peak,M-1605,Tampered,On-Time,1
3273,453.39,gas,Residential,Dallas,207.82,peak,M-9776,Normal,On-Time,1
3274,388.72,gas,Commercial,Houston,67.77,off-peak,M-5449,Tampered,Late,1
3275,453.74,electricity,Residential,Los Angeles,7.55,off-peak,M-2527,Normal,On-Time,1
3276,210.07,gas,Commercial,Houston,472.65,off-peak,M-3430,Normal,On-Time,0
3277,183.76,electricity,Residential,Los Angeles,344.79,peak,M-7540,Normal,Late,0
3278,494.3,gas,Residential,Miami,62.63,off-peak,M-4445,Normal,On-Time,1
3279,393.25,electricity,Residential,Los Angeles,126.6,peak,M-5557,Normal,On-Time,1
3280,483.28,gas,Residential,Seattle,104.12,peak,M-2270,Normal,On-Time,1
3281,138.88,gas,Commercial,Seattle,442.11,peak,M-8486,Tampered,Late,1
3282,286.19,gas,Residential,Seattle,98.38,peak,M-3094,Normal,Late,1
3283,466.84,electricity,Commercial,Los Angeles,401.76,off-peak,M-5999,Normal,On-Time,0
3284,342,electricity,Commercial,Los Angeles,344.7,peak,M-2898,Normal,On-Time,0
3285,207.65,gas,Commercial,Dallas,456.67,peak,M-1127,Tampered,Late,1
3286,496.93,gas,Residential,Miami,411.28,off-peak,M-1847,Normal,Late,0
3287,218.33,gas,Commercial,Los Angeles,281.36,off-peak,M-9488,Tampered,Late,1
3288,407.16,gas,Commercial,New York,343.39,peak,M-8669,Normal,Late,0
3289,36.28,electricity,Commercial,Miami,220.3,off-peak,M-6116,Normal,Late,0
3290,168.33,electricity,Commercial,New York,257.88,off-peak,M-7273,Tampered,Late,1
3291,186.94,electricity,Commercial,Dallas,264.64,off-peak,M-3746,Tampered,Late,1
3292,459.98,electricity,Residential,Miami,239.67,off-peak,M-3655,Normal,Late,0
3293,155.5,gas,Residential,Miami,462.37,peak,M-7890,Normal,On-Time,0
3294,27.92,electricity,Commercial,Chicago,235.84,off-peak,M-6650,Normal,Late,0
3295,477.24,gas,Residential,Boston,281.98,peak,M-3752,Tampered,Late,1
3296,432.06,gas,Residential,Seattle,250.65,off-peak,M-6708,Tampered,On-Time,1
3297,451.35,gas,Commercial,Seattle,384.17,off-peak,M-9452,Tampered,On-Time,1
3298,329.6,electricity,Commercial,New York,56.67,off-peak,M-4377,Tampered,Late,1
3299,122.29,electricity,Residential,Seattle,358.27,off-peak,M-5827,Normal,Late,0
3300,307.41,gas,Commercial,Seattle,438.59,off-peak,M-6200,Normal,On-Time,0
3301,403.65,electricity,Commercial,Chicago,228.29,peak,M-2205,Tampered,Late,1
3302,154.61,electricity,Commercial,Dallas,354.23,off-peak,M-1041,Tampered,Late,1
3303,61.13,gas,Residential,Los Angeles,28.87,peak,M-7447,Normal,Late,1
3304,374.32,gas,Commercial,Los Angeles,413.63,off-peak,M-1692,Tampered,On-Time,1
3305,377.25,gas,Commercial,Miami,353.19,off-peak,M-5671,Normal,Late,0
3306,296.47,gas,Residential,Seattle,206.5,peak,M-6616,Normal,Late,0
3307,292.69,gas,Residential,Chicago,80.67,peak,M-1946,Normal,Late,1
3308,95.85,electricity,Residential,Dallas,327.99,peak,M-6913,Tampered,On-Time,1
3309,332.29,electricity,Residential,Miami,157.64,off-peak,M-2740,Normal,On-Time,1
3310,357.85,gas,Commercial,Houston,465.95,off-peak,M-3410,Tampered,Late,1
3311,169.93,gas,Commercial,Los Angeles,465.5,off-peak,M-5670,Normal,Late,0
3312,465.74,electricity,Commercial,Houston,250.79,peak,M-9995,Tampered,Late,1
3313,34.39,electricity,Residential,Houston,429.13,peak,M-7989,Tampered,On-Time,1
3314,158.2,electricity,Residential,Miami,328.91,peak,M-5010,Normal,On-Time,0
3315,243.71,electricity,Commercial,Chicago,167.22,off-peak,M-1969,Tampered,On-Time,1
3316,283.53,gas,Residential,Houston,59.64,peak,M-4738,Normal,Late,1
3317,256.76,gas,Residential,Chicago,247.53,peak,M-7783,Tampered,Late,1
3318,396.93,electricity,Residential,Los Angeles,423.55,peak,M-6102,Normal,Late,0
3319,87.18,gas,Commercial,Dallas,109.45,off-peak,M-9174,Normal,On-Time,0
3320,428.9,gas,Commercial,Seattle,485.33,off-peak,M-5215,Tampered,Late,1
3321,215.2,gas,Commercial,Houston,71.4,peak,M-1435,Normal,Late,1
3322,223.44,gas,Commercial,Los Angeles,38.96,off-peak,M-3373,Normal,Late,1
3323,198.71,electricity,Residential,Seattle,317.82,off-peak,M-1438,Normal,On-Time,0
3324,400.96,gas,Residential,Boston,477.6,off-peak,M-4986,Tampered,On-Time,1
3325,106.01,electricity,Commercial,Seattle,114.07,off-peak,M-5624,Tampered,On-Time,1
3326,239.94,gas,Commercial,Boston,375.15,off-peak,M-1362,Normal,On-Time,0
3327,264.34,gas,Commercial,New York,366.3,off-peak,M-4758,Normal,On-Time,0
3328,284.48,gas,Residential,Seattle,418.28,off-peak,M-5240,Normal,On-Time,0
3329,127.64,gas,Residential,New York,412.57,off-peak,M-4838,Normal,On-Time,0
3330,189.62,gas,Residential,Boston,255.5,peak,M-5272,Normal,Late,0
3331,483.56,gas,Commercial,New York,357.48,peak,M-2691,Normal,On-Time,0
3332,285.93,electricity,Residential,Dallas,151.35,off-peak,M-1035,Tampered,On-Time,1
3333,165.55,electricity,Commercial,Chicago,163.25,off-peak,M-6955,Normal,Late,0
3334,376.2,electricity,Residential,Chicago,268.74,peak,M-3564,Normal,On-Time,0
3335,123.26,gas,Residential,Dallas,225.26,peak,M-1083,Normal,Late,0
3336,165.19,electricity,Commercial,Miami,404.7,off-peak,M-8806,Normal,Late,0
3337,407.97,gas,Commercial,New York,429.86,peak,M-2510,Normal,On-Time,0
3338,37.34,electricity,Commercial,New York,359.48,off-peak,M-5533,Normal,On-Time,0
3339,1.65,electricity,Residential,Seattle,81.84,off-peak,M-7730,Normal,Late,0
3340,493.23,electricity,Residential,Los Angeles,132.3,off-peak,M-7224,Normal,Late,1
3341,439.61,electricity,Commercial,Seattle,379,peak,M-9160,Tampered,On-Time,1
3342,115.74,electricity,Commercial,New York,211.73,off-peak,M-2029,Tampered,Late,1
3343,186.45,electricity,Residential,Seattle,9.5,peak,M-9293,Tampered,On-Time,1
3344,452.69,gas,Residential,Houston,361.12,off-peak,M-4311,Tampered,On-Time,1
3345,84.1,electricity,Commercial,Chicago,11.47,off-peak,M-4841,Tampered,On-Time,1
3346,27.53,electricity,Residential,Chicago,86.83,peak,M-3356,Normal,Late,0
3347,62.26,gas,Residential,Dallas,195.48,off-peak,M-9261,Normal,On-Time,0
3348,72.03,gas,Commercial,Miami,31.76,off-peak,M-2926,Normal,Late,1
3349,304.25,gas,Commercial,Dallas,47.28,peak,M-5937,Tampered,Late,1
3350,260.81,electricity,Residential,Chicago,266.73,off-peak,M-9063,Normal,Late,0
3351,338.29,electricity,Residential,Chicago,277.73,off-peak,M-4845,Tampered,Late,1
3352,150.36,electricity,Residential,Chicago,399.53,off-peak,M-9390,Tampered,Late,1
3353,85.49,gas,Commercial,Miami,295.66,peak,M-2117,Tampered,On-Time,1
3354,253.85,electricity,Residential,Los Angeles,179.14,peak,M-3129,Normal,Late,0
3355,483.83,gas,Residential,Boston,411.3,peak,M-9163,Normal,On-Time,0
3356,212.75,gas,Commercial,Boston,259.17,off-peak,M-6501,Tampered,Late,1
3357,218.46,gas,Commercial,New York,406.42,off-peak,M-6420,Normal,Late,0
3358,418.91,electricity,Residential,Houston,400.37,off-peak,M-3551,Normal,On-Time,0
3359,333.92,electricity,Residential,Houston,86.34,peak,M-5202,Normal,On-Time,1
3360,142.12,electricity,Commercial,Seattle,450.71,off-peak,M-9023,Normal,Late,0
3361,30.01,electricity,Commercial,New York,446.87,off-peak,M-2613,Normal,On-Time,0
3362,69.86,electricity,Commercial,New York,136.43,off-peak,M-9272,Tampered,On-Time,1
3363,123.55,gas,Commercial,Boston,189.37,off-peak,M-7001,Tampered,On-Time,1
3364,301.38,electricity,Residential,Seattle,459.74,peak,M-7543,Normal,Late,0
3365,121.91,electricity,Residential,New York,169.87,peak,M-6062,Tampered,On-Time,1
3366,429.73,electricity,Residential,Chicago,371.89,peak,M-2914,Normal,On-Time,0
3367,69.93,gas,Commercial,Los Angeles,187.1,off-peak,M-3456,Normal,On-Time,0
3368,483.93,electricity,Commercial,Los Angeles,150.33,off-peak,M-2509,Tampered,Late,1
3369,481.75,electricity,Residential,Seattle,1.98,peak,M-1487,Tampered,On-Time,1
3370,198.19,gas,Residential,Boston,290.78,peak,M-4444,Tampered,On-Time,1
3371,271.54,electricity,Residential,Boston,110.42,off-peak,M-1554,Tampered,Late,1
3372,289.9,electricity,Residential,Seattle,388.3,off-peak,M-4270,Tampered,On-Time,1
3373,491.15,gas,Commercial,Chicago,35.21,peak,M-5344,Tampered,On-Time,1
3374,227.01,gas,Residential,Boston,63.06,off-peak,M-1787,Normal,Late,1
3375,193.38,electricity,Commercial,Chicago,318.13,peak,M-5292,Tampered,Late,1
3376,157.59,electricity,Residential,Chicago,351.37,off-peak,M-9110,Normal,On-Time,0
3377,144.83,electricity,Commercial,Dallas,241.5,off-peak,M-1723,Tampered,Late,1
3378,169.57,electricity,Commercial,Houston,127.31,peak,M-9979,Tampered,On-Time,1
3379,169.43,gas,Commercial,Dallas,281.04,off-peak,M-1037,Tampered,Late,1
3380,159.01,gas,Residential,Dallas,81.24,off-peak,M-3554,Normal,On-Time,0
3381,496.5,electricity,Residential,Houston,328.5,off-peak,M-7639,Tampered,Late,1
3382,104.56,electricity,Residential,Seattle,392.41,off-peak,M-1180,Normal,On-Time,0
3383,86.03,electricity,Commercial,Los Angeles,214.08,off-peak,M-6788,Normal,Late,0
3384,134.22,gas,Commercial,New York,291.03,peak,M-3437,Normal,Late,0
3385,330.93,electricity,Residential,Boston,23.73,peak,M-6587,Tampered,On-Time,1
3386,243.2,gas,Commercial,Chicago,391.9,peak,M-4517,Tampered,On-Time,1
3387,398.89,electricity,Commercial,Seattle,335.32,peak,M-5655,Tampered,Late,1
3388,385.3,gas,Commercial,Dallas,16.5,off-peak,M-6648,Normal,On-Time,1
3389,71.42,electricity,Residential,Miami,29.16,peak,M-3849,Normal,Late,1
3390,296.92,electricity,Commercial,Houston,218.3,peak,M-5021,Normal,On-Time,0
3391,182.87,gas,Commercial,Dallas,485.2,off-peak,M-3391,Normal,On-Time,0
3392,278.73,gas,Commercial,Seattle,73.08,peak,M-6325,Tampered,On-Time,1
3393,22.34,electricity,Commercial,Houston,18.72,off-peak,M-5141,Tampered,On-Time,1
3394,434.98,gas,Residential,Dallas,71.57,peak,M-6551,Normal,On-Time,1
3395,355.73,electricity,Residential,Boston,417.54,off-peak,M-4844,Normal,Late,0
3396,187.59,gas,Commercial,Houston,67.96,off-peak,M-7065,Tampered,Late,1
3397,162.62,gas,Residential,Boston,435.14,peak,M-9713,Normal,On-Time,0
3398,112.15,gas,Residential,New York,434.31,off-peak,M-2702,Normal,On-Time,0
3399,381.06,electricity,Residential,Los Angeles,68.36,off-peak,M-3919,Tampered,On-Time,1
3400,192.7,gas,Commercial,Miami,193.36,off-peak,M-1029,Tampered,On-Time,1
3401,0.4,electricity,Residential,Houston,153.01,off-peak,M-4605,Tampered,Late,1
3402,205.01,electricity,Residential,Miami,373.25,peak,M-7445,Normal,On-Time,0
3403,485.42,gas,Residential,Seattle,47.72,off-peak,M-7814,Tampered,On-Time,1
3404,90.87,gas,Commercial,Miami,21.76,peak,M-3951,Tampered,Late,1
3405,170.74,gas,Commercial,Chicago,390.38,peak,M-9272,Normal,On-Time,0
3406,126.41,electricity,Residential,Dallas,415.02,peak,M-9852,Tampered,Late,1
3407,52.71,gas,Residential,Dallas,43.68,peak,M-9927,Tampered,On-Time,1
3408,294.13,gas,Residential,Dallas,153.6,off-peak,M-1542,Normal,Late,0
3409,499.64,gas,Commercial,Houston,282.89,off-peak,M-6424,Tampered,Late,1
3410,110.47,electricity,Commercial,Seattle,442.05,off-peak,M-5895,Normal,On-Time,0
3411,30.55,electricity,Residential,New York,372.72,off-peak,M-4156,Normal,Late,0
3412,437.87,electricity,Commercial,Houston,24.16,peak,M-1066,Tampered,Late,1
3413,404.42,gas,Commercial,Boston,436.73,peak,M-1970,Tampered,Late,1
3414,23.98,electricity,Commercial,Chicago,4.59,peak,M-9780,Normal,Late,1
3415,180.82,gas,Residential,Seattle,376.24,off-peak,M-4841,Tampered,Late,1
3416,25.75,gas,Commercial,Boston,342.05,off-peak,M-7577,Normal,Late,0
3417,427.93,gas,Commercial,Los Angeles,43.9,off-peak,M-5013,Tampered,Late,1
3418,179.58,gas,Residential,Seattle,124.78,peak,M-4290,Normal,On-Time,0
3419,194.05,electricity,Commercial,Los Angeles,477.05,peak,M-7016,Normal,Late,0
3420,67.84,gas,Commercial,Chicago,214.67,off-peak,M-7528,Normal,On-Time,0
3421,274.01,electricity,Residential,New York,351.92,peak,M-8493,Normal,On-Time,0
3422,187.79,gas,Residential,Miami,253.62,peak,M-9925,Normal,On-Time,0
3423,270.56,electricity,Commercial,Boston,174.04,peak,M-5113,Normal,Late,0
3424,137.79,gas,Residential,Miami,248.35,peak,M-5691,Normal,On-Time,0
3425,392.02,electricity,Commercial,Houston,259,off-peak,M-5494,Normal,Late,0
3426,444.09,gas,Commercial,Seattle,331.17,peak,M-4535,Normal,On-Time,0
3427,477.13,electricity,Residential,Boston,456.01,off-peak,M-6974,Normal,Late,0
3428,20.88,gas,Commercial,Houston,336.1,off-peak,M-1745,Normal,On-Time,0
3429,446.49,gas,Residential,Dallas,424.31,off-peak,M-1482,Normal,On-Time,0
3430,73.36,gas,Residential,Seattle,475.45,off-peak,M-1122,Tampered,Late,1
3431,252.65,electricity,Residential,Dallas,268.55,peak,M-4967,Tampered,Late,1
3432,46.49,electricity,Commercial,Houston,145.01,peak,M-5276,Tampered,Late,1
3433,304.4,gas,Residential,Chicago,398.16,off-peak,M-9099,Normal,Late,0
3434,163.01,gas,Commercial,Houston,337.01,peak,M-1416,Tampered,On-Time,1
3435,131.32,electricity,Residential,Los Angeles,372.27,off-peak,M-4529,Tampered,Late,1
3436,376.52,electricity,Residential,Dallas,369.78,off-peak,M-7139,Normal,Late,0
3437,155.53,gas,Commercial,Seattle,434.15,off-peak,M-7111,Normal,On-Time,0
3438,189.64,electricity,Commercial,Chicago,243.53,off-peak,M-4437,Normal,Late,0
3439,245.62,electricity,Commercial,Dallas,361.3,off-peak,M-6896,Tampered,Late,1
3440,104.58,gas,Commercial,New York,21.76,peak,M-4562,Normal,On-Time,1
3441,151.4,electricity,Residential,Los Angeles,362.62,peak,M-8116,Normal,Late,0
3442,198.45,electricity,Commercial,Miami,63.64,off-peak,M-1532,Tampered,On-Time,1
3443,244.32,gas,Residential,Houston,133.85,off-peak,M-9196,Normal,Late,0
3444,42.38,gas,Residential,Miami,207.85,peak,M-5005,Normal,On-Time,0
3445,28.26,gas,Commercial,Miami,220.64,peak,M-4482,Tampered,Late,1
3446,354.02,gas,Residential,Boston,354.51,peak,M-7656,Normal,On-Time,0
3447,134.67,electricity,Commercial,Houston,441.8,peak,M-3946,Normal,On-Time,0
3448,159.21,electricity,Commercial,Los Angeles,265.78,off-peak,M-2902,Tampered,On-Time,1
3449,122.9,gas,Residential,Houston,446.98,peak,M-7430,Normal,On-Time,0
3450,332.7,electricity,Residential,Houston,68.66,peak,M-6863,Tampered,On-Time,1
3451,328.56,gas,Residential,New York,309.02,off-peak,M-4121,Tampered,On-Time,1
3452,202.28,gas,Commercial,Chicago,361.9,off-peak,M-6120,Normal,Late,0
3453,359.65,electricity,Residential,Los Angeles,439.2,peak,M-3510,Normal,Late,0
3454,391.39,electricity,Residential,Los Angeles,105.58,off-peak,M-5289,Tampered,On-Time,1
3455,445.8,electricity,Residential,Chicago,121.55,peak,M-8438,Tampered,Late,1
3456,390.42,gas,Residential,Houston,154.93,peak,M-6418,Tampered,On-Time,1
3457,58.83,gas,Residential,Houston,381.58,peak,M-3312,Normal,Late,0
3458,121.55,gas,Commercial,Seattle,42.22,off-peak,M-3433,Tampered,On-Time,1
3459,9.89,electricity,Commercial,Houston,186.35,off-peak,M-1291,Normal,Late,0
3460,100.41,gas,Commercial,New York,241.26,off-peak,M-3834,Normal,On-Time,0
3461,14.03,gas,Commercial,Los Angeles,357.62,off-peak,M-3867,Tampered,Late,1
3462,194.72,electricity,Residential,Miami,248.63,off-peak,M-6622,Normal,Late,0
3463,59.24,gas,Commercial,Miami,297.11,peak,M-2067,Normal,Late,0
3464,48.06,electricity,Commercial,Miami,128.14,peak,M-7495,Tampered,On-Time,1
3465,266.84,electricity,Commercial,Seattle,451.52,off-peak,M-9207,Tampered,Late,1
3466,403.72,electricity,Residential,Chicago,282.81,peak,M-8475,Tampered,Late,1
3467,102.5,gas,Residential,Houston,247.99,peak,M-1538,Normal,Late,0
3468,403.23,electricity,Residential,Boston,411.97,off-peak,M-8322,Normal,On-Time,0
3469,187.55,gas,Residential,Seattle,65.05,peak,M-1900,Tampered,Late,1
3470,7.64,gas,Commercial,Boston,434.4,peak,M-7846,Tampered,Late,1
3471,164.26,gas,Commercial,Dallas,464.67,off-peak,M-6370,Tampered,On-Time,1
3472,219.34,gas,Commercial,Miami,498.48,off-peak,M-5990,Normal,Late,0
3473,60.59,gas,Residential,Chicago,2.72,peak,M-1898,Tampered,On-Time,1
3474,404,gas,Residential,Chicago,408.05,peak,M-3618,Normal,Late,0
3475,254.43,gas,Commercial,Boston,290.55,peak,M-1500,Tampered,On-Time,1
3476,477.07,electricity,Commercial,Seattle,15.1,peak,M-6842,Tampered,On-Time,1
3477,263.4,gas,Commercial,Boston,218.01,off-peak,M-7496,Normal,On-Time,0
3478,94.8,gas,Commercial,Boston,466.72,off-peak,M-7807,Normal,Late,0
3479,349.18,electricity,Residential,Houston,213.32,off-peak,M-3613,Normal,Late,0
3480,236.57,gas,Commercial,Boston,242.65,off-peak,M-3831,Tampered,Late,1
3481,389.06,gas,Residential,Dallas,453.99,peak,M-1128,Tampered,Late,1
3482,120.8,gas,Residential,Chicago,359.81,peak,M-2881,Normal,On-Time,0
3483,239.33,electricity,Commercial,New York,68.94,peak,M-4378,Normal,On-Time,1
3484,106.17,electricity,Residential,Boston,384.26,off-peak,M-7065,Normal,On-Time,0
3485,264.24,electricity,Commercial,Dallas,14.44,off-peak,M-5587,Tampered,On-Time,1
3486,486.72,electricity,Commercial,New York,196.45,off-peak,M-3325,Tampered,Late,1
3487,218.16,gas,Commercial,Houston,164.68,peak,M-9959,Normal,Late,0
3488,204.7,electricity,Commercial,New York,123.35,off-peak,M-5141,Tampered,Late,1
3489,200.48,gas,Commercial,Los Angeles,171.84,off-peak,M-5202,Tampered,On-Time,1
3490,284.64,electricity,Commercial,New York,272.47,off-peak,M-4155,Tampered,Late,1
3491,496.86,electricity,Commercial,Los Angeles,440.31,off-peak,M-8340,Normal,On-Time,0
3492,18.16,electricity,Commercial,Boston,158.97,peak,M-8171,Tampered,On-Time,1
3493,151.78,electricity,Commercial,Seattle,283.04,off-peak,M-1673,Normal,Late,0
3494,108.82,gas,Commercial,Seattle,357.34,peak,M-6813,Normal,On-Time,0
3495,130.75,electricity,Residential,Chicago,393.11,peak,M-7806,Tampered,On-Time,1
3496,478.05,electricity,Commercial,Houston,172.35,off-peak,M-5247,Normal,Late,1
3497,280.83,gas,Commercial,Seattle,480.68,off-peak,M-8670,Tampered,On-Time,1
3498,410.77,gas,Residential,New York,420.17,off-peak,M-7398,Tampered,On-Time,1
3499,130.31,gas,Commercial,Houston,92.06,off-peak,M-1066,Normal,Late,0
3500,321.36,gas,Commercial,Dallas,412.88,off-peak,M-3930,Normal,On-Time,0
3501,214.58,gas,Residential,New York,105.24,off-peak,M-3783,Tampered,Late,1
3502,94.63,gas,Commercial,Boston,138.66,off-peak,M-6026,Normal,Late,0
3503,287.48,electricity,Residential,New York,205.93,off-peak,M-3884,Normal,Late,0
3504,452.38,electricity,Residential,Seattle,227.11,off-peak,M-6295,Tampered,Late,1
3505,441.31,electricity,Residential,Houston,111.47,off-peak,M-2012,Normal,On-Time,1
3506,327.08,gas,Commercial,Seattle,417.52,peak,M-2482,Normal,Late,0
3507,3.82,gas,Commercial,Miami,270.69,off-peak,M-7597,Tampered,Late,1
3508,132.81,electricity,Commercial,Los Angeles,156.06,peak,M-2167,Normal,Late,0
3509,148.73,electricity,Residential,New York,4.19,peak,M-5528,Normal,Late,1
3510,224.47,electricity,Commercial,Houston,6.33,peak,M-1867,Normal,On-Time,1
3511,129.2,gas,Residential,Los Angeles,230.08,peak,M-9772,Tampered,Late,1
3512,6.34,gas,Residential,Seattle,80.42,off-peak,M-9389,Normal,On-Time,0
3513,396.84,gas,Commercial,Boston,118.41,off-peak,M-3974,Tampered,On-Time,1
3514,392.78,electricity,Residential,Los Angeles,264.24,peak,M-7111,Tampered,On-Time,1
3515,443.59,gas,Residential,New York,197.43,off-peak,M-2924,Normal,On-Time,1
3516,300.25,electricity,Residential,Chicago,289.68,peak,M-8474,Tampered,Late,1
3517,148.12,electricity,Commercial,New York,204.59,peak,M-6821,Tampered,Late,1
3518,67.34,electricity,Commercial,Los Angeles,59.38,off-peak,M-7881,Tampered,On-Time,1
3519,310.5,gas,Commercial,Boston,101.18,peak,M-9897,Tampered,On-Time,1
3520,471.21,electricity,Commercial,Seattle,450.88,off-peak,M-6639,Normal,On-Time,0
3521,384.57,electricity,Commercial,Houston,188.78,peak,M-6164,Normal,Late,1
3522,441.95,electricity,Residential,Seattle,37.63,off-peak,M-1938,Tampered,Late,1
3523,76.01,electricity,Residential,Los Angeles,191.21,off-peak,M-2879,Normal,Late,0
3524,11.53,gas,Commercial,Seattle,496.21,peak,M-6809,Normal,Late,0
3525,133.05,electricity,Commercial,Houston,415.3,off-peak,M-3376,Normal,Late,0
3526,313.24,gas,Commercial,Houston,118.55,peak,M-7348,Normal,On-Time,1
3527,145.61,gas,Residential,Dallas,254.49,peak,M-9959,Tampered,On-Time,1
3528,24.25,electricity,Residential,Chicago,46.15,peak,M-4898,Tampered,On-Time,1
3529,277.78,gas,Residential,Boston,114.17,off-peak,M-8146,Tampered,On-Time,1
3530,460.87,gas,Commercial,Los Angeles,260.04,off-peak,M-3924,Tampered,On-Time,1
3531,67.48,electricity,Residential,Los Angeles,253.29,off-peak,M-1523,Tampered,Late,1
3532,276.15,electricity,Commercial,Boston,371,peak,M-5762,Tampered,Late,1
3533,109.26,electricity,Residential,Miami,307.08,peak,M-8165,Normal,Late,0
3534,72.83,gas,Residential,Seattle,192.76,off-peak,M-9353,Tampered,Late,1
3535,207.17,electricity,Commercial,Dallas,50.08,peak,M-6992,Normal,Late,1
3536,314.41,electricity,Commercial,Houston,196.69,peak,M-3242,Tampered,Late,1
3537,219.33,gas,Commercial,Miami,284.13,peak,M-7449,Normal,Late,0
3538,202.29,gas,Commercial,Los Angeles,448.66,off-peak,M-2083,Normal,On-Time,0
3539,90.52,gas,Commercial,Boston,227.91,peak,M-9715,Tampered,Late,1
3540,420.28,gas,Commercial,Boston,29.43,peak,M-9440,Normal,On-Time,1
3541,424.37,gas,Commercial,Chicago,407.47,off-peak,M-2915,Tampered,Late,1
3542,496.52,electricity,Commercial,Dallas,1.12,off-peak,M-8207,Tampered,On-Time,1
3543,208.48,gas,Commercial,Miami,329.57,off-peak,M-4031,Normal,On-Time,0
3544,105.49,electricity,Commercial,Dallas,322.87,peak,M-9744,Normal,On-Time,0
3545,430.57,electricity,Commercial,Houston,126.03,peak,M-6226,Tampered,On-Time,1
3546,460.99,electricity,Residential,Los Angeles,212.24,peak,M-7916,Tampered,Late,1
3547,266.54,gas,Commercial,Chicago,169.74,off-peak,M-2517,Normal,On-Time,0
3548,163.65,gas,Commercial,Houston,379.51,off-peak,M-2915,Tampered,Late,1
3549,108.57,gas,Residential,Seattle,168.99,peak,M-8725,Tampered,Late,1
3550,338.9,electricity,Residential,Boston,92.19,peak,M-8455,Normal,On-Time,1
3551,219.04,gas,Residential,Boston,231.83,off-peak,M-6086,Tampered,Late,1
3552,433.13,gas,Residential,Miami,147.91,peak,M-7209,Tampered,Late,1
3553,31.2,gas,Residential,Los Angeles,205.49,off-peak,M-8086,Normal,On-Time,0
3554,436.8,gas,Residential,Los Angeles,6.27,off-peak,M-5301,Normal,On-Time,1
3555,78.98,electricity,Commercial,Miami,260.37,peak,M-2677,Normal,On-Time,0
3556,94.62,gas,Commercial,Los Angeles,448.81,off-peak,M-7857,Normal,On-Time,0
3557,53.29,gas,Commercial,Boston,79.06,peak,M-2662,Normal,Late,0
3558,151.51,gas,Commercial,Houston,326.48,peak,M-7885,Normal,On-Time,0
3559,145.89,electricity,Commercial,Seattle,448.27,off-peak,M-9136,Normal,Late,0
3560,121.33,gas,Commercial,Miami,189.86,peak,M-8608,Tampered,Late,1
3561,333.23,gas,Residential,Boston,221.56,peak,M-4728,Tampered,Late,1
3562,436.24,electricity,Commercial,New York,312.08,peak,M-3846,Tampered,Late,1
3563,480.36,electricity,Residential,Miami,218.61,peak,M-8632,Normal,Late,1
3564,78.67,gas,Residential,Los Angeles,391.93,peak,M-9273,Tampered,Late,1
3565,326.99,gas,Commercial,Chicago,438.51,peak,M-1929,Tampered,Late,1
3566,63.78,electricity,Commercial,Los Angeles,62.62,off-peak,M-3381,Normal,Late,0
3567,371.94,gas,Residential,Chicago,237.51,peak,M-6325,Normal,On-Time,0
3568,212.1,gas,Commercial,Houston,441.97,peak,M-7277,Tampered,Late,1
3569,424.49,gas,Residential,Los Angeles,253.23,peak,M-9062,Tampered,Late,1
3570,203,gas,Commercial,Los Angeles,474.75,peak,M-6227,Normal,On-Time,0
3571,294.44,gas,Commercial,Seattle,134.36,off-peak,M-8737,Normal,Late,1
3572,121.72,electricity,Commercial,Houston,84.03,off-peak,M-4132,Normal,Late,0
3573,447.41,electricity,Residential,New York,140.86,off-peak,M-8876,Tampered,Late,1
3574,231.23,gas,Residential,Dallas,216.88,peak,M-1336,Tampered,Late,1
3575,457.39,gas,Commercial,Houston,42.72,peak,M-1560,Normal,Late,1
3576,54.2,electricity,Commercial,New York,186.72,off-peak,M-2069,Tampered,Late,1
3577,399.43,electricity,Residential,Dallas,221.19,peak,M-6075,Normal,On-Time,0
3578,199.73,gas,Residential,Chicago,153.65,peak,M-7013,Normal,Late,0
3579,215.66,gas,Residential,Dallas,234.42,peak,M-6932,Normal,Late,0
3580,433.52,electricity,Commercial,Seattle,110.48,peak,M-3179,Normal,On-Time,1
3581,126.49,gas,Commercial,Dallas,250.18,peak,M-9434,Tampered,On-Time,1
3582,130.69,gas,Residential,New York,152.3,off-peak,M-8829,Normal,On-Time,0
3583,275.84,electricity,Residential,Boston,289.43,peak,M-7197,Tampered,On-Time,1
3584,251.82,gas,Residential,New York,275.01,peak,M-3143,Tampered,On-Time,1
3585,42.52,gas,Commercial,Seattle,31.16,peak,M-5020,Tampered,On-Time,1
3586,132.76,gas,Commercial,Los Angeles,51.28,off-peak,M-6839,Tampered,On-Time,1
3587,66.97,gas,Residential,Los Angeles,158.61,off-peak,M-4364,Tampered,On-Time,1
3588,91.52,gas,Commercial,Seattle,481.93,peak,M-6643,Normal,Late,0
3589,285.44,electricity,Residential,Dallas,301.17,off-peak,M-5938,Tampered,On-Time,1
3590,426.88,gas,Residential,Miami,206.38,off-peak,M-2895,Normal,Late,1
3591,62.38,gas,Commercial,New York,32.69,off-peak,M-2291,Tampered,On-Time,1
3592,456.5,electricity,Commercial,New York,382.04,peak,M-3495,Normal,On-Time,0
3593,195.14,electricity,Commercial,Houston,154.1,peak,M-6508,Tampered,Late,1
3594,337.15,gas,Residential,Dallas,390.94,peak,M-3224,Normal,Late,0
3595,111.14,electricity,Commercial,Houston,127.68,peak,M-1691,Tampered,On-Time,1
3596,76.39,gas,Residential,Houston,360.3,off-peak,M-6629,Normal,On-Time,0
3597,204.32,electricity,Commercial,Chicago,355.99,peak,M-5854,Normal,On-Time,0
3598,446.05,electricity,Commercial,Chicago,188.16,peak,M-5257,Normal,On-Time,1
3599,75.87,gas,Residential,Miami,366.53,off-peak,M-3583,Tampered,Late,1
3600,434.84,electricity,Residential,Houston,36.54,peak,M-4038,Normal,Late,1
3601,238.81,electricity,Commercial,New York,340.96,off-peak,M-8924,Normal,On-Time,0
3602,146.3,electricity,Commercial,New York,283.8,off-peak,M-9507,Normal,Late,0
3603,470.97,electricity,Residential,Miami,135.08,peak,M-1529,Normal,Late,1
3604,409.51,gas,Residential,Houston,417.55,off-peak,M-8803,Tampered,On-Time,1
3605,329.89,gas,Residential,Miami,412.08,off-peak,M-4754,Tampered,Late,1
3606,216.86,electricity,Residential,Houston,284.36,peak,M-3864,Normal,Late,0
3607,359.96,electricity,Residential,Boston,468.29,peak,M-9132,Tampered,Late,1
3608,147.22,gas,Residential,Seattle,190.89,off-peak,M-7681,Tampered,Late,1
3609,488.46,electricity,Residential,Chicago,120.79,off-peak,M-2704,Normal,Late,1
3610,11.47,electricity,Residential,Miami,354.43,off-peak,M-4134,Tampered,On-Time,1
3611,207.75,gas,Residential,Seattle,254.11,peak,M-6226,Normal,Late,0
3612,293.48,electricity,Commercial,Boston,269.52,peak,M-1331,Tampered,Late,1
3613,438.15,gas,Residential,Boston,427.69,off-peak,M-1534,Normal,On-Time,0
3614,345.06,gas,Residential,Dallas,395.72,peak,M-1848,Tampered,On-Time,1
3615,27.61,gas,Residential,New York,367.45,off-peak,M-1112,Normal,On-Time,0
3616,61.51,electricity,Commercial,Dallas,41.37,off-peak,M-3006,Tampered,On-Time,1
3617,455.31,gas,Commercial,Seattle,190.37,off-peak,M-3360,Tampered,On-Time,1
3618,85.69,electricity,Residential,Dallas,118.08,off-peak,M-1711,Normal,On-Time,0
3619,56.58,electricity,Commercial,Boston,30.73,off-peak,M-4911,Tampered,On-Time,1
3620,227.86,electricity,Commercial,Chicago,152.59,off-peak,M-9723,Normal,Late,0
3621,386.93,electricity,Commercial,Seattle,129.47,off-peak,M-8318,Normal,On-Time,1
3622,95.92,electricity,Residential,Boston,105.1,peak,M-7701,Tampered,Late,1
3623,388.24,gas,Commercial,New York,99.9,peak,M-1195,Normal,Late,1
3624,325.72,electricity,Residential,Houston,178.79,peak,M-1755,Normal,On-Time,0
3625,111.16,gas,Commercial,Seattle,426.5,off-peak,M-1655,Tampered,Late,1
3626,71.21,gas,Commercial,New York,152.96,peak,M-9909,Tampered,On-Time,1
3627,227.35,electricity,Commercial,Los Angeles,104.89,off-peak,M-8873,Normal,On-Time,1
3628,369.84,gas,Commercial,Boston,72.58,peak,M-6539,Tampered,Late,1
3629,312.27,gas,Commercial,Los Angeles,353.2,peak,M-9138,Normal,On-Time,0
3630,482.42,electricity,Commercial,Chicago,463.96,peak,M-4572,Tampered,On-Time,1
3631,112.44,electricity,Residential,Los Angeles,469.97,peak,M-4673,Normal,Late,0
3632,410.98,electricity,Residential,New York,269.44,peak,M-7736,Tampered,Late,1
3633,228.71,gas,Commercial,Boston,411.12,off-peak,M-5911,Normal,Late,0
3634,335.9,electricity,Commercial,Boston,255.87,off-peak,M-4640,Tampered,Late,1
3635,99.55,electricity,Residential,Chicago,457.92,off-peak,M-1079,Normal,On-Time,0
3636,139.12,gas,Residential,New York,491.67,peak,M-2026,Tampered,Late,1
3637,180.08,electricity,Residential,New York,238.87,peak,M-5754,Normal,Late,0
3638,211.39,gas,Commercial,Miami,289.91,off-peak,M-8776,Normal,Late,0
3639,491.44,electricity,Commercial,Boston,493.31,peak,M-6491,Normal,On-Time,0
3640,189.63,gas,Commercial,New York,294.66,peak,M-4636,Tampered,On-Time,1
3641,331.29,gas,Commercial,Miami,306.11,peak,M-4172,Normal,Late,0
3642,406.01,electricity,Commercial,Houston,216.26,off-peak,M-3741,Tampered,On-Time,1
3643,57.84,gas,Commercial,Dallas,389.7,off-peak,M-3301,Tampered,Late,1
3644,268.34,electricity,Commercial,Dallas,107.76,off-peak,M-7125,Normal,On-Time,1
3645,132.1,gas,Residential,Los Angeles,37.21,peak,M-3529,Normal,On-Time,1
3646,144.13,electricity,Residential,Los Angeles,294.97,off-peak,M-1038,Normal,Late,0
3647,120.6,electricity,Residential,Miami,444.01,off-peak,M-6847,Normal,Late,0
3648,354.14,electricity,Residential,Seattle,90.71,off-peak,M-1676,Tampered,Late,1
3649,437.57,electricity,Residential,Seattle,94.93,peak,M-7910,Tampered,On-Time,1
3650,292.29,gas,Residential,Dallas,283.7,peak,M-6649,Tampered,Late,1
3651,192.62,electricity,Residential,Seattle,198.65,off-peak,M-8164,Tampered,On-Time,1
3652,313.9,electricity,Commercial,New York,350.85,off-peak,M-5943,Normal,On-Time,0
3653,100.23,electricity,Residential,Seattle,257.36,off-peak,M-4362,Tampered,On-Time,1
3654,252.21,electricity,Commercial,Dallas,352.57,peak,M-4270,Tampered,On-Time,1
3655,78.83,electricity,Commercial,Dallas,312.19,peak,M-9459,Tampered,On-Time,1
3656,64,electricity,Residential,Los Angeles,99.52,off-peak,M-4132,Normal,Late,0
3657,170.25,electricity,Commercial,Seattle,203.62,peak,M-2487,Tampered,Late,1
3658,384.07,gas,Commercial,Boston,65.12,off-peak,M-1766,Tampered,Late,1
3659,422.31,electricity,Commercial,Chicago,495.12,off-peak,M-4666,Normal,On-Time,0
3660,356.26,gas,Residential,Miami,323.23,peak,M-4861,Normal,On-Time,0
3661,81.08,electricity,Residential,Los Angeles,8.38,peak,M-5331,Normal,On-Time,1
3662,254.71,electricity,Residential,Houston,245.63,peak,M-1995,Normal,Late,0
3663,26.68,electricity,Commercial,Dallas,300.57,peak,M-6283,Normal,On-Time,0
3664,393.33,gas,Residential,Chicago,234.98,peak,M-3535,Tampered,Late,1
3665,425.93,gas,Commercial,Boston,358.27,off-peak,M-1996,Tampered,Late,1
3666,126.32,gas,Residential,Dallas,24.72,off-peak,M-5692,Normal,Late,1
3667,163.2,electricity,Residential,Houston,18.68,off-peak,M-4951,Tampered,On-Time,1
3668,322.03,electricity,Residential,Miami,497.11,off-peak,M-8249,Normal,Late,0
3669,273.56,gas,Commercial,Los Angeles,259.84,peak,M-2797,Normal,On-Time,0
3670,142.65,gas,Commercial,Houston,36.27,peak,M-4410,Normal,Late,1
3671,8.44,electricity,Commercial,Miami,487.45,peak,M-6229,Tampered,On-Time,1
3672,125.07,gas,Commercial,Seattle,291.35,peak,M-5057,Normal,On-Time,0
3673,240.88,electricity,Commercial,Dallas,483.18,off-peak,M-4374,Tampered,Late,1
3674,455.03,electricity,Residential,Dallas,414.24,off-peak,M-1202,Normal,Late,0
3675,116.23,electricity,Residential,Dallas,379.89,off-peak,M-7967,Normal,Late,0
3676,321.41,electricity,Commercial,Chicago,475.42,peak,M-6895,Normal,Late,0
3677,287.14,gas,Residential,New York,278.83,off-peak,M-6895,Normal,Late,0
3678,197.31,electricity,Residential,Miami,388.58,off-peak,M-9810,Normal,On-Time,0
3679,199.96,gas,Residential,Houston,291.69,off-peak,M-6273,Tampered,Late,1
3680,348.66,gas,Commercial,Boston,151.75,off-peak,M-9867,Normal,On-Time,1
3681,73.97,gas,Residential,Dallas,381.77,peak,M-8803,Normal,Late,0
3682,216.92,gas,Commercial,New York,471.12,off-peak,M-8711,Tampered,On-Time,1
3683,257.48,gas,Commercial,Miami,109.09,peak,M-9498,Tampered,Late,1
3684,489.43,electricity,Commercial,Dallas,32.71,peak,M-1538,Normal,On-Time,1
3685,313.84,gas,Residential,Seattle,125.6,off-peak,M-5971,Normal,Late,1
3686,285.02,electricity,Commercial,Dallas,92.65,off-peak,M-3590,Normal,Late,1
3687,25.03,gas,Residential,Dallas,178.2,peak,M-7577,Normal,On-Time,0
3688,106.32,gas,Commercial,Miami,243.09,off-peak,M-6353,Tampered,Late,1
3689,281.34,gas,Residential,Dallas,21.26,peak,M-1235,Normal,Late,1
3690,264.96,gas,Residential,Houston,243.36,off-peak,M-1154,Normal,On-Time,0
3691,352.58,gas,Commercial,Houston,120.32,off-peak,M-4793,Tampered,Late,1
3692,121.37,gas,Residential,New York,239.83,off-peak,M-5057,Tampered,Late,1
3693,393.01,electricity,Residential,Miami,52.11,off-peak,M-5151,Normal,On-Time,1
3694,325.83,electricity,Residential,New York,185.75,off-peak,M-6934,Normal,Late,0
3695,214.57,gas,Residential,Dallas,255.95,peak,M-4330,Normal,On-Time,0
3696,460.8,gas,Commercial,Dallas,257.61,off-peak,M-2280,Normal,On-Time,0
3697,176.56,gas,Commercial,Miami,23.32,off-peak,M-9475,Normal,Late,1
3698,218.21,electricity,Commercial,Chicago,417.49,peak,M-7053,Normal,Late,0
3699,491.85,electricity,Residential,Dallas,205.59,off-peak,M-7554,Normal,Late,1
3700,156.43,electricity,Commercial,Dallas,470.57,off-peak,M-3489,Tampered,Late,1
3701,291.04,gas,Commercial,Miami,483.07,peak,M-4497,Normal,On-Time,0
3702,475.63,gas,Commercial,Los Angeles,449.79,off-peak,M-8107,Tampered,On-Time,1
3703,30.4,gas,Residential,Houston,151.25,peak,M-8372,Tampered,On-Time,1
3704,149.18,electricity,Residential,Chicago,238.26,off-peak,M-6638,Tampered,Late,1
3705,490.44,gas,Residential,Miami,457.9,off-peak,M-2794,Tampered,On-Time,1
3706,38.14,gas,Commercial,Seattle,423.36,off-peak,M-6918,Tampered,On-Time,1
3707,441.86,electricity,Residential,Seattle,51.21,peak,M-5557,Tampered,On-Time,1
3708,488.78,gas,Commercial,Chicago,359.97,peak,M-4554,Normal,On-Time,0
3709,73.52,electricity,Residential,Chicago,89.01,peak,M-1019,Normal,Late,0
3710,101.27,electricity,Commercial,Los Angeles,325.91,off-peak,M-5307,Tampered,Late,1
3711,388.48,electricity,Commercial,New York,335.58,off-peak,M-9419,Tampered,Late,1
3712,26.91,gas,Commercial,New York,231.22,off-peak,M-9840,Tampered,Late,1
3713,499.8,gas,Residential,Seattle,498.31,peak,M-7604,Normal,Late,0
3714,77.06,gas,Residential,New York,296.77,peak,M-7930,Normal,Late,0
3715,178.09,electricity,Commercial,Houston,79.07,off-peak,M-5339,Normal,On-Time,1
3716,154.91,electricity,Commercial,Miami,165.15,off-peak,M-2566,Tampered,Late,1
3717,266.14,electricity,Commercial,Houston,450.98,peak,M-3454,Tampered,Late,1
3718,481.78,electricity,Commercial,New York,452.61,off-peak,M-8847,Tampered,On-Time,1
3719,221.5,electricity,Residential,Los Angeles,319.55,off-peak,M-7403,Tampered,Late,1
3720,287.39,gas,Residential,Miami,407.01,off-peak,M-9472,Normal,On-Time,0
3721,459.31,gas,Commercial,Boston,157.3,peak,M-3515,Tampered,Late,1
3722,245.8,gas,Residential,Boston,348.81,off-peak,M-8365,Tampered,On-Time,1
3723,274.01,gas,Residential,Los Angeles,346.11,off-peak,M-6601,Tampered,Late,1
3724,350.11,electricity,Commercial,Los Angeles,100.95,peak,M-8344,Tampered,On-Time,1
3725,392.89,gas,Residential,Los Angeles,289.5,peak,M-1709,Normal,Late,0
3726,295.16,gas,Commercial,Los Angeles,215.2,off-peak,M-1709,Normal,On-Time,0
3727,192.4,gas,Residential,Miami,466.92,peak,M-3162,Normal,On-Time,0
3728,125.22,electricity,Residential,New York,312.36,peak,M-2912,Normal,Late,0
3729,191.04,electricity,Residential,Chicago,292.38,peak,M-3916,Normal,Late,0
3730,302.21,gas,Commercial,Los Angeles,249.69,off-peak,M-6883,Normal,Late,0
3731,199.55,electricity,Commercial,Los Angeles,327.33,off-peak,M-8949,Tampered,Late,1
3732,366.59,electricity,Commercial,Houston,481.34,off-peak,M-2535,Normal,On-Time,0
3733,357.82,gas,Commercial,New York,408.85,peak,M-1437,Tampered,Late,1
3734,307.17,electricity,Commercial,Houston,30.33,off-peak,M-2492,Normal,On-Time,1
3735,436.94,gas,Commercial,Miami,442.52,peak,M-5816,Tampered,Late,1
3736,369.62,electricity,Commercial,Los Angeles,278.35,off-peak,M-9909,Tampered,On-Time,1
3737,312.17,gas,Commercial,Boston,402.96,peak,M-2699,Normal,On-Time,0
3738,174.35,electricity,Commercial,Dallas,407.1,peak,M-2760,Tampered,On-Time,1
3739,147.4,gas,Commercial,Boston,90.46,peak,M-9673,Normal,Late,0
3740,119,electricity,Residential,Chicago,408.39,peak,M-7509,Tampered,Late,1
3741,64.69,electricity,Residential,New York,154.76,off-peak,M-7899,Normal,On-Time,0
3742,485.6,gas,Commercial,Boston,201.35,off-peak,M-9614,Tampered,On-Time,1
3743,352.88,electricity,Commercial,Dallas,40.83,off-peak,M-7318,Normal,Late,1
3744,267.7,electricity,Residential,Boston,460.19,peak,M-1272,Normal,On-Time,0
3745,289.94,electricity,Commercial,Houston,9.6,off-peak,M-5147,Tampered,On-Time,1
3746,158.05,electricity,Residential,Los Angeles,76.31,peak,M-9716,Tampered,On-Time,1
3747,242.98,electricity,Commercial,New York,224.05,off-peak,M-3938,Normal,On-Time,0
3748,18.98,gas,Residential,Los Angeles,21.17,peak,M-6291,Normal,Late,0
3749,225,gas,Commercial,Boston,16.53,off-peak,M-9596,Tampered,On-Time,1
3750,498.62,electricity,Residential,Seattle,491.42,off-peak,M-1714,Normal,On-Time,0
3751,396.06,gas,Residential,Houston,311.21,peak,M-7931,Normal,Late,0
3752,384.91,gas,Commercial,Miami,459.4,peak,M-7677,Tampered,Late,1
3753,338.69,electricity,Commercial,Los Angeles,51.72,off-peak,M-3106,Tampered,Late,1
3754,76.83,gas,Residential,Dallas,192.3,off-peak,M-4710,Normal,Late,0
3755,308.82,electricity,Commercial,Miami,291.59,off-peak,M-3502,Tampered,Late,1
3756,373.73,electricity,Residential,New York,253.06,peak,M-6883,Normal,On-Time,0
3757,254.15,electricity,Commercial,Miami,360.83,off-peak,M-9483,Tampered,On-Time,1
3758,123.89,gas,Residential,Dallas,149.57,off-peak,M-4471,Tampered,On-Time,1
3759,441.75,gas,Commercial,Boston,51.62,off-peak,M-1082,Tampered,On-Time,1
3760,321.06,electricity,Commercial,Los Angeles,303.46,peak,M-4738,Tampered,Late,1
3761,347.21,electricity,Commercial,Los Angeles,441.97,peak,M-6312,Tampered,On-Time,1
3762,61.43,gas,Residential,Seattle,357.79,peak,M-2160,Tampered,On-Time,1
3763,282.75,electricity,Residential,Houston,181.79,off-peak,M-1321,Tampered,Late,1
3764,425.21,electricity,Commercial,Miami,254.17,off-peak,M-3239,Normal,On-Time,0
3765,310.47,electricity,Commercial,Chicago,185.62,off-peak,M-2641,Normal,Late,0
3766,207.7,electricity,Residential,Seattle,358.9,off-peak,M-4960,Tampered,Late,1
3767,223.45,gas,Commercial,Seattle,395.32,off-peak,M-4304,Tampered,On-Time,1
3768,82.14,electricity,Residential,Houston,333.35,peak,M-8521,Tampered,Late,1
3769,433.08,gas,Residential,Seattle,306.43,peak,M-1656,Tampered,On-Time,1
3770,25.14,gas,Commercial,Miami,248.28,off-peak,M-5978,Normal,Late,0
3771,405,gas,Residential,Los Angeles,426.28,peak,M-1369,Tampered,On-Time,1
3772,81.47,gas,Residential,New York,211.15,peak,M-7958,Normal,Late,0
3773,278.23,electricity,Residential,New York,109.21,off-peak,M-7075,Normal,On-Time,1
3774,133.08,electricity,Residential,Seattle,306.61,peak,M-9632,Normal,Late,0
3775,499.9,gas,Residential,Houston,183.63,peak,M-8049,Normal,On-Time,1
3776,226.03,gas,Commercial,New York,259.38,peak,M-9355,Tampered,On-Time,1
3777,168.73,electricity,Commercial,Seattle,487.18,peak,M-4351,Normal,On-Time,0
3778,45.28,gas,Residential,Dallas,362.7,peak,M-8130,Tampered,Late,1
3779,128.87,gas,Commercial,Houston,11.81,peak,M-1492,Tampered,On-Time,1
3780,237.39,gas,Commercial,Chicago,318.04,off-peak,M-5093,Normal,On-Time,0
3781,228.27,gas,Commercial,New York,150.17,peak,M-4497,Normal,Late,0
3782,61,gas,Residential,Seattle,246.21,peak,M-1552,Normal,On-Time,0
3783,265.74,electricity,Residential,Seattle,118,peak,M-9536,Normal,On-Time,1
3784,71.11,gas,Residential,Miami,312.86,peak,M-7432,Tampered,Late,1
3785,8.11,electricity,Commercial,Houston,255.75,peak,M-2866,Tampered,Late,1
3786,86.74,electricity,Residential,Chicago,436.02,peak,M-7614,Tampered,On-Time,1
3787,59.73,electricity,Residential,Dallas,207.87,peak,M-7181,Normal,Late,0
3788,352.06,gas,Residential,New York,490.41,off-peak,M-4282,Normal,Late,0
3789,451.87,electricity,Commercial,Chicago,47.64,off-peak,M-7154,Tampered,On-Time,1
3790,356.17,electricity,Commercial,Boston,421.49,peak,M-8515,Normal,Late,0
3791,256.6,electricity,Residential,Seattle,314.55,off-peak,M-7195,Normal,On-Time,0
3792,342.37,gas,Residential,Boston,318.56,peak,M-3568,Normal,On-Time,0
3793,37.37,gas,Residential,Miami,75.2,peak,M-1554,Normal,On-Time,0
3794,34.29,electricity,Residential,New York,28.27,off-peak,M-5551,Tampered,Late,1
3795,315.72,electricity,Commercial,Houston,208.37,peak,M-2917,Tampered,Late,1
3796,409.2,electricity,Commercial,Los Angeles,282,peak,M-9748,Tampered,On-Time,1
3797,166.22,gas,Residential,Los Angeles,63,off-peak,M-2487,Normal,On-Time,1
3798,50.3,gas,Commercial,Boston,374.84,peak,M-5470,Tampered,On-Time,1
3799,204.01,electricity,Commercial,Chicago,68.14,peak,M-4401,Tampered,Late,1
3800,237.29,gas,Commercial,Boston,38.13,off-peak,M-5493,Tampered,On-Time,1
3801,142.07,gas,Commercial,Dallas,349.17,off-peak,M-9846,Normal,On-Time,0
3802,463.27,gas,Residential,Dallas,325.94,peak,M-9836,Normal,On-Time,0
3803,66.53,electricity,Commercial,Dallas,341.89,peak,M-5140,Normal,Late,0
3804,180.18,electricity,Commercial,Houston,296.47,off-peak,M-8815,Tampered,On-Time,1
3805,135.65,electricity,Commercial,Los Angeles,197.26,peak,M-6114,Tampered,On-Time,1
3806,397.47,electricity,Commercial,Miami,248.8,off-peak,M-6274,Tampered,On-Time,1
3807,408.62,electricity,Residential,Los Angeles,445.96,peak,M-6565,Tampered,On-Time,1
3808,162.12,electricity,Residential,Los Angeles,136.41,off-peak,M-6038,Tampered,Late,1
3809,65.09,electricity,Commercial,Boston,420.11,off-peak,M-8465,Normal,On-Time,0
3810,159.82,electricity,Residential,New York,248.9,peak,M-5801,Tampered,On-Time,1
3811,198.69,electricity,Residential,Houston,195.17,off-peak,M-3989,Tampered,On-Time,1
3812,435.25,gas,Residential,Dallas,291.95,peak,M-8195,Tampered,On-Time,1
3813,137.53,gas,Commercial,Seattle,166.82,peak,M-4053,Normal,On-Time,0
3814,354.09,electricity,Commercial,New York,257.15,peak,M-7995,Normal,On-Time,0
3815,385.35,electricity,Commercial,Seattle,211.95,peak,M-6128,Tampered,On-Time,1
3816,327.42,electricity,Commercial,Dallas,358.64,off-peak,M-3726,Normal,On-Time,0
3817,382.93,gas,Commercial,Seattle,176.24,peak,M-2824,Normal,Late,1
3818,408.77,gas,Residential,Dallas,230.04,peak,M-1128,Tampered,Late,1
3819,19.61,electricity,Commercial,Boston,74.18,peak,M-3151,Normal,On-Time,0
3820,137.68,gas,Commercial,Los Angeles,177.65,peak,M-7558,Tampered,Late,1
3821,352.01,gas,Commercial,Seattle,119.83,off-peak,M-8244,Normal,On-Time,1
3822,437.16,electricity,Residential,Los Angeles,180.01,peak,M-3420,Normal,Late,1
3823,286.77,gas,Commercial,Chicago,211.37,off-peak,M-8599,Tampered,On-Time,1
3824,385.72,electricity,Commercial,Miami,326.13,off-peak,M-4230,Normal,Late,0
3825,99.53,gas,Commercial,Los Angeles,109.53,off-peak,M-6018,Normal,On-Time,0
3826,141.62,electricity,Residential,Boston,318.33,peak,M-5549,Tampered,On-Time,1
3827,400.63,electricity,Commercial,Los Angeles,95.38,peak,M-6689,Normal,Late,1
3828,169.96,electricity,Commercial,Chicago,223.7,off-peak,M-3217,Normal,Late,0
3829,330.24,electricity,Residential,Miami,485.15,off-peak,M-2392,Normal,Late,0
3830,172.86,gas,Residential,Dallas,136.05,peak,M-3946,Normal,On-Time,0
3831,492.33,gas,Commercial,Boston,81.15,off-peak,M-9229,Normal,On-Time,1
3832,468.11,electricity,Commercial,Seattle,53.2,off-peak,M-1624,Tampered,Late,1
3833,225.58,gas,Residential,Los Angeles,135.51,peak,M-4317,Tampered,On-Time,1
3834,62.31,gas,Residential,Los Angeles,314.98,peak,M-2382,Normal,On-Time,0
3835,433.36,gas,Commercial,Boston,9.69,peak,M-7221,Tampered,Late,1
3836,98.52,electricity,Commercial,New York,118.61,peak,M-2947,Tampered,Late,1
3837,339.59,gas,Commercial,Houston,478.26,off-peak,M-3734,Tampered,On-Time,1
3838,99.19,gas,Residential,Chicago,257.88,peak,M-6963,Normal,On-Time,0
3839,471.86,electricity,Commercial,Chicago,169.09,off-peak,M-7181,Normal,On-Time,1
3840,258.77,electricity,Commercial,Chicago,441.58,peak,M-4643,Normal,On-Time,0
3841,64.29,gas,Residential,New York,459.95,off-peak,M-8283,Tampered,Late,1
3842,62.37,electricity,Residential,Miami,127.71,peak,M-3902,Tampered,On-Time,1
3843,370.97,electricity,Commercial,Houston,344.01,off-peak,M-9427,Tampered,Late,1
3844,371.86,electricity,Commercial,New York,38.35,off-peak,M-3655,Normal,Late,1
3845,71.29,gas,Commercial,Miami,262.53,off-peak,M-1612,Normal,Late,0
3846,408.83,gas,Commercial,Dallas,271.58,peak,M-8337,Normal,On-Time,0
3847,370.95,gas,Residential,Chicago,355.81,peak,M-3612,Normal,Late,0
3848,463.87,gas,Commercial,Dallas,440.77,off-peak,M-4690,Normal,Late,0
3849,250.42,gas,Commercial,Boston,176.34,off-peak,M-5244,Tampered,On-Time,1
3850,283.54,electricity,Residential,Miami,258.38,off-peak,M-1163,Tampered,Late,1
3851,213.15,gas,Residential,Chicago,75.53,peak,M-3280,Normal,On-Time,1
3852,310.54,electricity,Commercial,Chicago,299.2,peak,M-9638,Normal,On-Time,0
3853,0.1,gas,Commercial,Dallas,234.83,off-peak,M-5768,Tampered,Late,1
3854,24.58,electricity,Residential,Los Angeles,290.57,off-peak,M-6343,Tampered,On-Time,1
3855,315.11,electricity,Commercial,Miami,412.52,off-peak,M-1135,Tampered,Late,1
3856,250.16,gas,Commercial,Seattle,291.27,off-peak,M-8826,Tampered,On-Time,1
3857,469.07,electricity,Commercial,Dallas,440.2,peak,M-5594,Tampered,Late,1
3858,473.78,electricity,Commercial,Boston,358.53,off-peak,M-2584,Normal,Late,0
3859,164.69,electricity,Commercial,New York,373.61,peak,M-7330,Tampered,Late,1
3860,207.83,electricity,Commercial,Seattle,471.23,off-peak,M-7121,Tampered,Late,1
3861,348.62,electricity,Commercial,Miami,354.99,off-peak,M-2126,Normal,Late,0
3862,208.35,electricity,Commercial,Dallas,173.98,peak,M-8700,Tampered,On-Time,1
3863,42.08,electricity,Residential,Miami,337.02,peak,M-7373,Normal,Late,0
3864,463.62,electricity,Residential,Los Angeles,303.31,off-peak,M-1828,Normal,Late,0
3865,100.11,electricity,Commercial,Dallas,273.89,peak,M-9418,Tampered,On-Time,1
3866,9.91,electricity,Commercial,Houston,223.44,peak,M-4198,Tampered,Late,1
3867,299.02,electricity,Commercial,Los Angeles,287.72,peak,M-5109,Normal,On-Time,0
3868,1.85,gas,Commercial,Boston,88.83,off-peak,M-3851,Normal,On-Time,0
3869,63.62,gas,Residential,Seattle,52.41,peak,M-1976,Tampered,Late,1
3870,310.63,electricity,Commercial,Seattle,136.79,peak,M-7512,Normal,Late,1
3871,176.78,gas,Commercial,Houston,177.05,off-peak,M-1341,Tampered,On-Time,1
3872,349.13,gas,Commercial,Dallas,276.87,off-peak,M-2309,Normal,Late,0
3873,409.2,electricity,Residential,New York,211.56,peak,M-1625,Tampered,On-Time,1
3874,369.47,electricity,Residential,New York,107.54,peak,M-9568,Tampered,On-Time,1
3875,325.85,gas,Commercial,Los Angeles,380.26,peak,M-2283,Normal,Late,0
3876,294.57,electricity,Commercial,New York,100.31,peak,M-3162,Tampered,On-Time,1
3877,193.58,electricity,Commercial,Los Angeles,208.69,off-peak,M-6002,Normal,On-Time,0
3878,50,gas,Residential,Seattle,6.11,off-peak,M-9686,Normal,Late,1
3879,41.2,gas,Residential,Los Angeles,234.33,peak,M-7894,Normal,Late,0
3880,18.86,electricity,Commercial,Seattle,398,peak,M-6460,Tampered,On-Time,1
3881,330.41,gas,Residential,Los Angeles,415.66,peak,M-8258,Normal,On-Time,0
3882,301.23,gas,Residential,New York,499.56,off-peak,M-6604,Normal,On-Time,0
3883,475.3,gas,Residential,Chicago,121.85,peak,M-2955,Normal,On-Time,1
3884,482.75,gas,Commercial,Houston,248.23,peak,M-1106,Normal,On-Time,0
3885,6.85,gas,Commercial,Houston,436.37,peak,M-8194,Normal,Late,0
3886,360.57,gas,Residential,Houston,23.28,peak,M-9508,Tampered,On-Time,1
3887,106.8,gas,Residential,Houston,391.94,peak,M-7391,Normal,Late,0
3888,17.63,gas,Residential,Houston,317.43,off-peak,M-9184,Normal,Late,0
3889,32.34,electricity,Commercial,Seattle,102.29,peak,M-8425,Normal,Late,0
3890,139.95,gas,Residential,New York,273.21,off-peak,M-8420,Tampered,Late,1
3891,170.88,electricity,Commercial,Los Angeles,174.95,peak,M-7946,Tampered,Late,1
3892,327.92,gas,Residential,Houston,66.88,off-peak,M-6673,Normal,On-Time,1
3893,89.96,electricity,Commercial,Los Angeles,405.21,off-peak,M-8654,Tampered,Late,1
3894,446.79,electricity,Residential,Miami,327.64,peak,M-7880,Normal,On-Time,0
3895,474.45,gas,Residential,Houston,42.93,off-peak,M-2082,Tampered,On-Time,1
3896,347.23,electricity,Commercial,Dallas,345.77,peak,M-1980,Tampered,On-Time,1
3897,425.79,gas,Residential,Dallas,397.16,off-peak,M-3250,Tampered,Late,1
3898,408.99,electricity,Commercial,Boston,190.46,peak,M-9566,Tampered,Late,1
3899,11.67,gas,Commercial,Dallas,376.19,peak,M-1864,Normal,Late,0
3900,330.73,gas,Residential,Houston,201.18,peak,M-1860,Normal,On-Time,0
3901,423.92,gas,Residential,New York,13.27,peak,M-9739,Normal,Late,1
3902,481.6,gas,Residential,Boston,353.27,off-peak,M-3715,Normal,Late,0
3903,26.6,gas,Residential,Dallas,292.83,off-peak,M-9781,Normal,Late,0
3904,166.91,electricity,Residential,Miami,70.6,peak,M-6372,Tampered,Late,1
3905,25.51,gas,Residential,Boston,435.67,peak,M-6169,Tampered,On-Time,1
3906,133.35,gas,Residential,Boston,210.03,peak,M-6789,Normal,On-Time,0
3907,255.79,electricity,Residential,Chicago,421.43,peak,M-4590,Tampered,Late,1
3908,101.89,electricity,Residential,Los Angeles,397.42,peak,M-5780,Normal,Late,0
3909,185.2,electricity,Commercial,Chicago,413.22,peak,M-1694,Tampered,Late,1
3910,33.42,gas,Residential,Houston,177.58,off-peak,M-6470,Tampered,Late,1
3911,242.55,electricity,Residential,Houston,325.12,peak,M-4514,Normal,Late,0
3912,289.59,gas,Residential,Boston,277.41,off-peak,M-6460,Normal,On-Time,0
3913,8.29,gas,Commercial,Houston,456.46,off-peak,M-2063,Tampered,On-Time,1
3914,390.41,electricity,Commercial,Los Angeles,251.54,off-peak,M-5655,Tampered,On-Time,1
3915,110.96,electricity,Residential,Chicago,284.56,off-peak,M-8681,Tampered,On-Time,1
3916,440.67,gas,Residential,Chicago,197.42,peak,M-3724,Normal,On-Time,1
3917,499.99,gas,Commercial,New York,174.8,peak,M-8315,Tampered,Late,1
3918,464.93,gas,Residential,Miami,412.35,off-peak,M-9963,Normal,On-Time,0
3919,356.99,electricity,Commercial,Houston,256.82,off-peak,M-9166,Tampered,On-Time,1
3920,165.86,electricity,Residential,Boston,88.88,off-peak,M-7043,Normal,On-Time,0
3921,51.48,gas,Residential,Chicago,337.57,off-peak,M-2496,Tampered,Late,1
3922,183.01,electricity,Residential,Houston,152.83,off-peak,M-1739,Tampered,On-Time,1
3923,32.16,gas,Residential,Los Angeles,352.07,peak,M-5445,Normal,Late,0
3924,197.01,electricity,Residential,New York,136.86,peak,M-6581,Tampered,Late,1
3925,436.31,electricity,Commercial,Boston,171.95,peak,M-2325,Tampered,Late,1
3926,361.54,electricity,Residential,Boston,186.1,off-peak,M-3659,Normal,On-Time,0
3927,50.3,electricity,Residential,Boston,365.92,peak,M-4216,Normal,On-Time,0
3928,426.43,electricity,Commercial,Houston,27.13,peak,M-5645,Tampered,Late,1
3929,218.67,electricity,Commercial,New York,408.11,peak,M-8928,Normal,On-Time,0
3930,217.78,gas,Commercial,Miami,133.96,off-peak,M-3665,Tampered,On-Time,1
3931,116.11,electricity,Commercial,Dallas,457.14,off-peak,M-9617,Normal,Late,0
3932,449.88,gas,Residential,Miami,134.71,peak,M-2996,Tampered,On-Time,1
3933,223.77,electricity,Commercial,Los Angeles,235.47,peak,M-3394,Tampered,Late,1
3934,48.18,electricity,Residential,Boston,412.95,peak,M-9512,Tampered,Late,1
3935,462.85,gas,Commercial,Houston,100.82,off-peak,M-1783,Tampered,On-Time,1
3936,84.27,electricity,Commercial,Boston,127.82,off-peak,M-8944,Tampered,Late,1
3937,385.02,electricity,Residential,Boston,427.04,off-peak,M-6117,Normal,Late,0
3938,212.31,electricity,Commercial,Houston,180.98,off-peak,M-8145,Tampered,Late,1
3939,366.96,electricity,Residential,Miami,288.05,off-peak,M-2029,Normal,On-Time,0
3940,360.74,gas,Commercial,Miami,472.6,peak,M-8199,Normal,Late,0
3941,203.04,gas,Residential,Houston,249.53,off-peak,M-1912,Tampered,Late,1
3942,59.33,gas,Commercial,Seattle,7.22,off-peak,M-8736,Tampered,On-Time,1
3943,207.82,gas,Commercial,Dallas,208.6,off-peak,M-2160,Tampered,Late,1
3944,122.47,gas,Commercial,Dallas,285.5,off-peak,M-2254,Tampered,Late,1
3945,247.38,gas,Commercial,Boston,139.49,peak,M-6481,Normal,Late,0
3946,190.55,gas,Residential,Los Angeles,178.76,off-peak,M-9424,Tampered,On-Time,1
3947,235.7,electricity,Residential,Houston,23.25,off-peak,M-4222,Normal,On-Time,1
3948,354.05,gas,Commercial,Houston,142.9,peak,M-5156,Tampered,Late,1
3949,91.7,electricity,Commercial,Dallas,167.03,off-peak,M-4194,Tampered,Late,1
3950,201.68,electricity,Commercial,Seattle,268.34,peak,M-3749,Tampered,Late,1
3951,391.07,electricity,Residential,New York,494.34,peak,M-9131,Tampered,On-Time,1
3952,479.85,electricity,Commercial,Dallas,127.15,off-peak,M-2694,Normal,Late,1
3953,442.43,gas,Residential,Seattle,1.05,off-peak,M-1349,Normal,On-Time,1
3954,386.99,electricity,Residential,Seattle,89.73,off-peak,M-1936,Normal,On-Time,1
3955,177.79,gas,Commercial,Miami,73.11,peak,M-7320,Tampered,Late,1
3956,311.35,gas,Commercial,Dallas,188.08,off-peak,M-1827,Tampered,On-Time,1
3957,323.38,gas,Residential,Los Angeles,376.34,off-peak,M-4493,Tampered,Late,1
3958,252.74,electricity,Commercial,Dallas,42.54,off-peak,M-2435,Normal,On-Time,1
3959,450.78,gas,Commercial,Miami,166.03,peak,M-3807,Tampered,On-Time,1
3960,269.62,gas,Residential,Houston,73.69,off-peak,M-8510,Tampered,On-Time,1
3961,277.15,gas,Commercial,Chicago,193.88,off-peak,M-4636,Normal,On-Time,0
3962,460.29,gas,Commercial,Dallas,293.14,off-peak,M-4328,Normal,Late,0
3963,497.72,gas,Commercial,Los Angeles,478.49,off-peak,M-7871,Normal,On-Time,0
3964,446.88,gas,Residential,Chicago,270.7,off-peak,M-5798,Tampered,On-Time,1
3965,299.31,electricity,Residential,New York,440.81,peak,M-1701,Tampered,On-Time,1
3966,347.97,electricity,Residential,Houston,229.02,off-peak,M-1287,Tampered,On-Time,1
3967,123.9,electricity,Residential,New York,75.14,peak,M-2026,Normal,On-Time,0
3968,269.05,gas,Commercial,Miami,188.33,off-peak,M-5916,Tampered,Late,1
3969,291.82,electricity,Commercial,Miami,24.95,peak,M-9950,Tampered,On-Time,1
3970,7.97,gas,Residential,Los Angeles,416.41,peak,M-9925,Tampered,Late,1
3971,151.73,gas,Residential,Dallas,234.34,off-peak,M-3502,Normal,Late,0
3972,290.61,gas,Commercial,Dallas,225.01,peak,M-2506,Normal,Late,0
3973,292.75,gas,Commercial,Seattle,40.63,off-peak,M-5522,Tampered,Late,1
3974,286.55,electricity,Commercial,Los Angeles,367.78,off-peak,M-5173,Tampered,On-Time,1
3975,204.55,gas,Residential,Los Angeles,454.29,off-peak,M-9112,Tampered,Late,1
3976,236.89,electricity,Commercial,Boston,322.66,peak,M-9428,Normal,On-Time,0
3977,215.16,gas,Residential,Miami,466.02,peak,M-6247,Tampered,On-Time,1
3978,131.21,gas,Commercial,Seattle,290.61,peak,M-1106,Tampered,On-Time,1
3979,186.77,gas,Commercial,New York,460.61,off-peak,M-9370,Tampered,Late,1
3980,287.21,electricity,Commercial,Boston,140.94,off-peak,M-9924,Normal,Late,1
3981,462.03,electricity,Commercial,Seattle,316.41,peak,M-5812,Normal,Late,0
3982,341.23,gas,Residential,Los Angeles,319,peak,M-7640,Normal,Late,0
3983,38.14,electricity,Commercial,Seattle,290.25,peak,M-6893,Tampered,On-Time,1
3984,229.12,electricity,Residential,Dallas,134.3,off-peak,M-4162,Normal,Late,0
3985,374.94,electricity,Residential,Boston,24.31,peak,M-8859,Normal,On-Time,1
3986,323.01,electricity,Residential,Chicago,431.89,off-peak,M-4222,Tampered,Late,1
3987,108.45,electricity,Residential,New York,480.87,peak,M-5213,Normal,On-Time,0
3988,440.05,gas,Commercial,Seattle,319.46,peak,M-2816,Normal,Late,0
3989,23.69,gas,Commercial,Seattle,39.86,off-peak,M-3722,Tampered,Late,1
3990,105.79,gas,Residential,Seattle,237.59,off-peak,M-6098,Tampered,On-Time,1
3991,154.77,gas,Commercial,Dallas,418.99,off-peak,M-6868,Normal,Late,0
3992,414.81,gas,Residential,Los Angeles,179.55,off-peak,M-5767,Normal,On-Time,1
3993,391.86,gas,Residential,Chicago,159.38,peak,M-9134,Tampered,On-Time,1
3994,0.62,electricity,Commercial,Houston,94.88,peak,M-2150,Tampered,Late,1
3995,133.4,electricity,Residential,Seattle,178.31,peak,M-8852,Normal,Late,0
3996,376.46,electricity,Commercial,Dallas,352.59,off-peak,M-2382,Normal,Late,0
3997,74.28,gas,Residential,Houston,118.23,peak,M-5372,Tampered,Late,1
3998,497.73,gas,Residential,Seattle,133.81,off-peak,M-7573,Normal,Late,1
3999,431.43,electricity,Residential,Dallas,315.41,off-peak,M-2665,Normal,On-Time,0
4000,355.36,electricity,Residential,Seattle,431.31,off-peak,M-8841,Tampered,Late,1
4001,434.72,electricity,Commercial,Houston,464.68,off-peak,M-1665,Normal,On-Time,0
4002,487.29,electricity,Residential,Los Angeles,162.28,peak,M-8658,Normal,Late,1
4003,401.06,gas,Commercial,Houston,478.63,off-peak,M-8681,Tampered,On-Time,1
4004,357.6,electricity,Commercial,Los Angeles,187.28,off-peak,M-5659,Normal,On-Time,0
4005,136.19,gas,Residential,Chicago,165.79,off-peak,M-2097,Normal,Late,0
4006,338.89,electricity,Commercial,Los Angeles,497,peak,M-4492,Normal,Late,0
4007,234.06,electricity,Residential,Boston,82.58,peak,M-7135,Tampered,Late,1
4008,8.88,gas,Commercial,Chicago,208.32,peak,M-8747,Normal,Late,0
4009,51.5,gas,Residential,Dallas,2.77,off-peak,M-8014,Tampered,Late,1
4010,447.07,electricity,Residential,Dallas,294.22,off-peak,M-3450,Tampered,On-Time,1
4011,365.45,gas,Commercial,Miami,34.64,peak,M-6561,Normal,Late,1
4012,150.77,gas,Residential,Los Angeles,83.35,peak,M-1897,Normal,On-Time,0
4013,97.32,gas,Residential,Boston,462.79,peak,M-7551,Tampered,Late,1
4014,196.79,electricity,Residential,New York,381.09,peak,M-1248,Tampered,On-Time,1
4015,161.39,gas,Commercial,New York,275.76,peak,M-1714,Normal,On-Time,0
4016,442.51,electricity,Commercial,Chicago,405.55,off-peak,M-6983,Tampered,Late,1
4017,463.22,electricity,Commercial,Chicago,267.89,peak,M-5199,Normal,On-Time,0
4018,88.31,gas,Residential,Chicago,49.95,peak,M-7039,Tampered,On-Time,1
4019,375.4,gas,Residential,Chicago,1.71,off-peak,M-7920,Tampered,On-Time,1
4020,228.95,electricity,Commercial,Houston,473.81,off-peak,M-2377,Normal,On-Time,0
4021,390.25,gas,Commercial,Los Angeles,464.02,peak,M-7194,Normal,Late,0
4022,35.73,gas,Residential,Dallas,147.74,off-peak,M-7490,Tampered,Late,1
4023,223.8,electricity,Commercial,Miami,340.59,peak,M-9438,Tampered,Late,1
4024,179.85,gas,Commercial,Seattle,314.1,peak,M-5134,Normal,On-Time,0
4025,72.15,gas,Commercial,Boston,471.14,peak,M-6811,Tampered,On-Time,1
4026,469.01,electricity,Residential,Chicago,242.31,peak,M-4976,Tampered,Late,1
4027,331.72,electricity,Commercial,New York,439.44,peak,M-6885,Normal,On-Time,0
4028,412.82,gas,Residential,Houston,302.45,off-peak,M-2032,Normal,Late,0
4029,311.02,gas,Commercial,Los Angeles,438.69,peak,M-2225,Tampered,On-Time,1
4030,334.68,gas,Residential,Houston,6.61,peak,M-7655,Tampered,On-Time,1
4031,433.77,electricity,Residential,Boston,293.23,peak,M-5025,Normal,Late,0
4032,304.36,electricity,Residential,Seattle,79.23,off-peak,M-8633,Tampered,Late,1
4033,12.53,electricity,Commercial,Dallas,304.16,peak,M-8686,Tampered,On-Time,1
4034,211.74,electricity,Residential,Dallas,69.7,peak,M-3400,Tampered,On-Time,1
4035,262.9,electricity,Commercial,Miami,30.91,off-peak,M-2541,Tampered,On-Time,1
4036,129.44,gas,Commercial,Chicago,0.31,off-peak,M-4939,Tampered,On-Time,1
4037,135.66,gas,Residential,Dallas,146.52,peak,M-6925,Normal,Late,0
4038,277.12,gas,Commercial,Boston,111.22,off-peak,M-6692,Normal,On-Time,1
4039,465.04,gas,Commercial,Boston,424.68,peak,M-7090,Normal,Late,0
4040,357.55,electricity,Commercial,Dallas,226.5,peak,M-7626,Normal,Late,0
4041,2.82,gas,Commercial,Miami,458.46,off-peak,M-9333,Tampered,On-Time,1
4042,15.11,gas,Commercial,Boston,329.54,off-peak,M-5797,Tampered,On-Time,1
4043,274.79,electricity,Residential,New York,60.67,off-peak,M-7998,Normal,On-Time,1
4044,339.06,electricity,Residential,Houston,350.97,off-peak,M-3220,Tampered,On-Time,1
4045,156.19,gas,Residential,Miami,77.51,peak,M-9905,Tampered,On-Time,1
4046,141.16,electricity,Commercial,Houston,402.68,off-peak,M-6310,Tampered,On-Time,1
4047,461.78,electricity,Residential,Chicago,146.23,peak,M-8289,Normal,Late,1
4048,371.74,electricity,Residential,New York,234.75,peak,M-9310,Tampered,Late,1
4049,113.5,electricity,Residential,Chicago,441.95,peak,M-7681,Tampered,On-Time,1
4050,311.9,electricity,Residential,Houston,83.37,off-peak,M-2425,Normal,On-Time,1
4051,136.17,gas,Commercial,Miami,496.61,peak,M-4349,Normal,Late,0
4052,414.46,gas,Commercial,Houston,460.91,peak,M-4304,Normal,Late,0
4053,149.13,gas,Commercial,Boston,136.91,peak,M-7303,Tampered,On-Time,1
4054,233.42,gas,Commercial,Los Angeles,469.58,peak,M-5716,Tampered,Late,1
4055,311.58,gas,Residential,Dallas,28.63,off-peak,M-2062,Normal,Late,1
4056,37.4,electricity,Commercial,Dallas,249.67,peak,M-1904,Normal,On-Time,0
4057,162.82,electricity,Commercial,Los Angeles,417.29,peak,M-1680,Tampered,On-Time,1
4058,397.77,gas,Commercial,Seattle,373.82,peak,M-7786,Normal,On-Time,0
4059,107.72,electricity,Commercial,Seattle,124.41,peak,M-9593,Tampered,Late,1
4060,1.35,electricity,Residential,Boston,382.61,peak,M-3017,Tampered,On-Time,1
4061,93.45,gas,Commercial,Seattle,142.79,off-peak,M-8515,Normal,On-Time,0
4062,235.67,electricity,Commercial,Chicago,208.81,off-peak,M-3233,Tampered,On-Time,1
4063,170.94,electricity,Commercial,Dallas,296.24,off-peak,M-8934,Normal,On-Time,0
4064,318.03,gas,Commercial,Boston,181.62,peak,M-9072,Normal,Late,0
4065,80.21,electricity,Commercial,Miami,33.93,peak,M-4594,Normal,Late,1
4066,68.21,electricity,Commercial,Chicago,335.49,peak,M-4648,Normal,Late,0
4067,216.92,electricity,Residential,Boston,310.46,peak,M-7572,Tampered,Late,1
4068,434.45,electricity,Commercial,Chicago,378.33,peak,M-1139,Tampered,Late,1
4069,142.55,gas,Residential,Dallas,106.14,off-peak,M-2877,Normal,Late,0
4070,335,electricity,Residential,New York,332.63,off-peak,M-9805,Normal,Late,0
4071,138.36,electricity,Commercial,Chicago,245.37,off-peak,M-6535,Normal,On-Time,0
4072,356.39,electricity,Commercial,Chicago,307.45,peak,M-7499,Tampered,Late,1
4073,37.48,electricity,Commercial,Miami,105.45,off-peak,M-5924,Tampered,On-Time,1
4074,41.39,gas,Residential,Houston,428.17,peak,M-1292,Tampered,On-Time,1
4075,486.4,electricity,Commercial,New York,490.06,off-peak,M-5319,Normal,Late,0
4076,390.76,gas,Residential,Dallas,191.34,peak,M-5891,Tampered,On-Time,1
4077,423.17,electricity,Residential,Seattle,78.07,peak,M-6850,Normal,Late,1
4078,467.78,gas,Residential,Dallas,180.35,peak,M-1874,Normal,On-Time,1
4079,39.84,gas,Residential,Dallas,364.04,peak,M-1197,Normal,On-Time,0
4080,238.41,gas,Commercial,Houston,199.43,peak,M-6619,Normal,Late,0
4081,52.88,electricity,Commercial,Miami,397.05,off-peak,M-2029,Tampered,Late,1
4082,75.01,gas,Residential,New York,111.81,off-peak,M-7691,Normal,Late,0
4083,262.7,gas,Commercial,Boston,203.24,off-peak,M-9409,Normal,On-Time,0
4084,37.79,electricity,Residential,Chicago,438.88,peak,M-8335,Tampered,On-Time,1
4085,50.44,gas,Residential,Boston,417,off-peak,M-8108,Tampered,Late,1
4086,115.21,gas,Residential,Dallas,318.94,peak,M-1829,Normal,On-Time,0
4087,446.16,electricity,Residential,Seattle,166.62,peak,M-9129,Normal,On-Time,1
4088,273.86,gas,Residential,Dallas,194.41,off-peak,M-9322,Normal,Late,0
4089,491.79,gas,Commercial,Dallas,445.82,off-peak,M-4972,Tampered,On-Time,1
4090,166.26,gas,Residential,Dallas,224.37,off-peak,M-6677,Normal,On-Time,0
4091,143.93,gas,Commercial,Dallas,8.57,peak,M-1453,Normal,On-Time,1
4092,85.54,gas,Residential,Miami,152.42,off-peak,M-2708,Tampered,Late,1
4093,296,electricity,Commercial,Houston,335.91,peak,M-7139,Tampered,On-Time,1
4094,106.57,gas,Commercial,Miami,409.51,peak,M-9353,Tampered,Late,1
4095,304.31,gas,Commercial,Seattle,391.61,off-peak,M-8989,Normal,Late,0
4096,362.32,electricity,Commercial,New York,134.07,peak,M-3744,Normal,On-Time,1
4097,462.23,gas,Commercial,Seattle,210.08,peak,M-1769,Normal,Late,1
4098,205.06,electricity,Residential,Houston,373.21,peak,M-7501,Tampered,Late,1
4099,227.83,gas,Residential,Houston,2.59,off-peak,M-1389,Normal,Late,1
4100,351.35,gas,Commercial,Dallas,14.73,off-peak,M-8561,Normal,Late,1
4101,219.95,electricity,Commercial,Houston,493.34,off-peak,M-8408,Tampered,Late,1
4102,284.81,electricity,Residential,Chicago,168.82,off-peak,M-4438,Normal,Late,0
4103,35.42,electricity,Commercial,Seattle,187.17,off-peak,M-3324,Normal,Late,0
4104,287.7,electricity,Commercial,Chicago,399.91,peak,M-5982,Tampered,On-Time,1
4105,250.04,electricity,Residential,Boston,277.96,off-peak,M-3076,Tampered,On-Time,1
4106,391.52,gas,Residential,New York,493.21,peak,M-9532,Tampered,On-Time,1
4107,497.99,gas,Commercial,Miami,493.61,peak,M-4292,Normal,On-Time,0
4108,92.06,electricity,Residential,Houston,379.47,off-peak,M-7071,Normal,On-Time,0
4109,229.93,electricity,Residential,New York,280.71,peak,M-2966,Normal,Late,0
4110,275.8,gas,Residential,Los Angeles,308.95,peak,M-6122,Tampered,Late,1
4111,44.86,electricity,Commercial,New York,447.97,off-peak,M-2327,Tampered,Late,1
4112,40.39,electricity,Residential,Dallas,273.77,peak,M-6612,Normal,On-Time,0
4113,274.15,gas,Commercial,Chicago,253.25,peak,M-6264,Normal,Late,0
4114,98.52,gas,Residential,Los Angeles,459.22,peak,M-9308,Tampered,On-Time,1
4115,271.93,gas,Residential,Chicago,376.17,off-peak,M-6193,Tampered,On-Time,1
4116,364.3,gas,Commercial,Boston,412.44,peak,M-1672,Normal,On-Time,0
4117,303.11,gas,Commercial,Boston,261.88,off-peak,M-7632,Tampered,Late,1
4118,402.82,gas,Residential,Dallas,395.63,off-peak,M-3167,Normal,Late,0
4119,82.41,gas,Residential,Houston,67.33,off-peak,M-2784,Normal,Late,0
4120,348.1,gas,Commercial,Houston,77.81,peak,M-9211,Normal,Late,1
4121,323.76,electricity,Commercial,Houston,295.15,off-peak,M-7448,Tampered,On-Time,1
4122,374.44,gas,Residential,Miami,296.42,off-peak,M-1791,Tampered,On-Time,1
4123,189.7,gas,Commercial,Boston,241.06,peak,M-2714,Normal,On-Time,0
4124,199.66,electricity,Commercial,Miami,57.45,peak,M-5497,Tampered,Late,1
4125,242.57,gas,Residential,Miami,104.83,off-peak,M-9786,Tampered,On-Time,1
4126,322.1,gas,Residential,Boston,323.75,peak,M-8093,Tampered,Late,1
4127,475.74,gas,Residential,Los Angeles,377.47,peak,M-8129,Normal,Late,0
4128,205.66,gas,Residential,Los Angeles,162.61,off-peak,M-6801,Tampered,Late,1
4129,175.91,electricity,Residential,Boston,94.22,off-peak,M-1743,Normal,Late,0
4130,5.44,gas,Residential,Boston,181.84,off-peak,M-3893,Tampered,On-Time,1
4131,398.23,electricity,Commercial,Boston,271.7,peak,M-5394,Tampered,On-Time,1
4132,428.88,gas,Residential,Boston,108.19,off-peak,M-6797,Tampered,On-Time,1
4133,371.77,electricity,Commercial,Chicago,296.75,peak,M-6397,Tampered,Late,1
4134,251.08,electricity,Commercial,New York,487.17,peak,M-3623,Normal,Late,0
4135,276.26,gas,Commercial,New York,397.66,peak,M-4331,Tampered,Late,1
4136,60.54,electricity,Commercial,Miami,236.93,off-peak,M-8163,Tampered,Late,1
4137,498.6,electricity,Residential,Miami,248.81,peak,M-3246,Tampered,Late,1
4138,131.13,electricity,Residential,Miami,480.55,off-peak,M-8408,Tampered,Late,1
4139,355.5,gas,Residential,Los Angeles,242.4,off-peak,M-4252,Normal,Late,0
4140,249.63,electricity,Commercial,New York,131.11,peak,M-8735,Tampered,Late,1
4141,208.11,electricity,Residential,Dallas,350.07,off-peak,M-9183,Tampered,On-Time,1
4142,304.77,gas,Commercial,Seattle,349.49,peak,M-1401,Normal,On-Time,0
4143,212.63,electricity,Commercial,Miami,399.52,off-peak,M-5697,Normal,Late,0
4144,250.1,electricity,Residential,Seattle,27.19,off-peak,M-9099,Tampered,On-Time,1
4145,482.51,electricity,Residential,Dallas,130.68,peak,M-2253,Normal,Late,1
4146,453.65,electricity,Commercial,Miami,252.88,off-peak,M-4758,Tampered,On-Time,1
4147,183.25,gas,Commercial,Miami,63.61,peak,M-7028,Normal,On-Time,1
4148,48.77,gas,Residential,Miami,451.97,peak,M-4498,Tampered,Late,1
4149,319.36,electricity,Commercial,Los Angeles,426.02,off-peak,M-3529,Tampered,Late,1
4150,449.85,electricity,Commercial,Seattle,268.15,peak,M-3155,Tampered,Late,1
4151,229,electricity,Residential,New York,338.67,off-peak,M-2062,Tampered,Late,1
4152,159.77,electricity,Residential,Boston,90.44,peak,M-9485,Tampered,On-Time,1
4153,339.61,electricity,Residential,Los Angeles,55,off-peak,M-2006,Tampered,Late,1
4154,459.81,gas,Residential,Miami,272.58,peak,M-8194,Tampered,Late,1
4155,77.16,electricity,Commercial,Houston,122.07,off-peak,M-6137,Normal,On-Time,0
4156,301.94,electricity,Residential,Seattle,463.92,peak,M-2821,Normal,Late,0
4157,325.47,electricity,Residential,Dallas,263.97,peak,M-3380,Tampered,On-Time,1
4158,111.31,electricity,Commercial,Los Angeles,328.82,peak,M-9120,Tampered,On-Time,1
4159,237.9,electricity,Residential,Los Angeles,325.36,off-peak,M-6186,Normal,On-Time,0
4160,326.71,electricity,Commercial,Seattle,401.35,peak,M-3271,Normal,Late,0
4161,60.81,electricity,Commercial,Miami,114.98,peak,M-1188,Tampered,Late,1
4162,149.63,electricity,Commercial,Boston,466.65,peak,M-2271,Normal,On-Time,0
4163,175.77,gas,Commercial,Boston,474.65,off-peak,M-4879,Tampered,On-Time,1
4164,46.1,electricity,Residential,Dallas,150.42,peak,M-8405,Tampered,On-Time,1
4165,440.46,gas,Commercial,Chicago,491.56,peak,M-5123,Tampered,Late,1
4166,438.04,electricity,Residential,Chicago,436.17,off-peak,M-4062,Tampered,Late,1
4167,349.37,electricity,Commercial,Boston,133.51,off-peak,M-3485,Normal,On-Time,1
4168,425.51,electricity,Commercial,Houston,163.91,off-peak,M-7236,Tampered,Late,1
4169,331.57,gas,Residential,Boston,211.65,peak,M-6754,Tampered,Late,1
4170,33.88,gas,Commercial,Seattle,499.74,off-peak,M-3090,Normal,Late,0
4171,413.62,gas,Residential,Chicago,155.91,peak,M-3462,Tampered,Late,1
4172,219.48,gas,Commercial,Seattle,152.98,peak,M-1072,Normal,Late,0
4173,167.87,gas,Commercial,Houston,220.58,off-peak,M-3124,Normal,Late,0
4174,298.17,electricity,Residential,Houston,403.6,off-peak,M-1615,Normal,Late,0
4175,384.97,electricity,Residential,Chicago,235.97,peak,M-5115,Tampered,On-Time,1
4176,366.27,electricity,Residential,Miami,84.57,peak,M-8244,Normal,On-Time,1
4177,472.4,gas,Residential,Boston,390.35,peak,M-9533,Normal,Late,0
4178,39.89,gas,Commercial,Chicago,319.88,peak,M-7330,Normal,On-Time,0
4179,76.55,gas,Residential,Chicago,210.98,peak,M-3412,Tampered,On-Time,1
4180,66.6,gas,Residential,New York,92.44,off-peak,M-8206,Tampered,Late,1
4181,410.61,electricity,Residential,Seattle,434.23,peak,M-9182,Tampered,Late,1
4182,373.85,electricity,Residential,Miami,14.66,off-peak,M-2331,Normal,Late,1
4183,115.78,electricity,Commercial,Seattle,109.41,off-peak,M-5903,Normal,On-Time,0
4184,355.08,electricity,Commercial,Boston,402.23,off-peak,M-7338,Normal,On-Time,0
4185,348.32,electricity,Commercial,Boston,365.5,peak,M-2822,Normal,Late,0
4186,386.88,electricity,Commercial,Seattle,333.23,peak,M-7125,Tampered,On-Time,1
4187,115.85,gas,Residential,Los Angeles,157.26,peak,M-4193,Normal,On-Time,0
4188,194.26,gas,Residential,Boston,395.68,off-peak,M-9866,Tampered,On-Time,1
4189,17.88,gas,Residential,Houston,122.48,off-peak,M-3497,Tampered,Late,1
4190,304.87,gas,Commercial,Chicago,175.1,off-peak,M-9896,Tampered,Late,1
4191,148.04,gas,Residential,Miami,166.71,peak,M-5893,Normal,On-Time,0
4192,496.35,gas,Commercial,Boston,224.86,off-peak,M-3613,Normal,Late,1
4193,259.13,electricity,Residential,Los Angeles,244.12,off-peak,M-2180,Normal,Late,0
4194,427.8,gas,Commercial,Dallas,485.39,off-peak,M-6373,Tampered,Late,1
4195,153.3,gas,Commercial,Los Angeles,64.36,peak,M-4269,Normal,Late,1
4196,152.71,gas,Commercial,Chicago,282.8,off-peak,M-2959,Normal,Late,0
4197,261.32,electricity,Residential,Dallas,207.33,peak,M-2998,Tampered,Late,1
4198,164.12,electricity,Commercial,Chicago,356.74,off-peak,M-8299,Normal,On-Time,0
4199,483.71,gas,Commercial,Boston,426.57,off-peak,M-2600,Tampered,Late,1
4200,190.72,electricity,Residential,Seattle,156.58,peak,M-4313,Tampered,On-Time,1
4201,66.27,electricity,Commercial,Miami,380.61,peak,M-2069,Tampered,On-Time,1
4202,39.95,electricity,Residential,New York,53.18,peak,M-6764,Tampered,On-Time,1
4203,410.37,gas,Commercial,Boston,329.51,peak,M-9118,Normal,Late,0
4204,368.73,gas,Residential,New York,247.56,off-peak,M-9841,Tampered,Late,1
4205,79.38,electricity,Commercial,Los Angeles,200.02,off-peak,M-9713,Normal,On-Time,0
4206,212.06,electricity,Commercial,Chicago,159.09,peak,M-1326,Tampered,On-Time,1
4207,470.56,electricity,Residential,Houston,239.41,peak,M-2550,Normal,On-Time,0
4208,364.86,gas,Residential,Boston,69.66,off-peak,M-1647,Normal,Late,1
4209,275.81,electricity,Residential,Boston,414.88,peak,M-4604,Tampered,Late,1
4210,427.74,gas,Commercial,Los Angeles,105.19,peak,M-2822,Tampered,Late,1
4211,313.84,gas,Commercial,Seattle,182.21,peak,M-8192,Tampered,On-Time,1
4212,431.4,gas,Residential,Miami,330.6,peak,M-2610,Normal,On-Time,0
4213,316.11,gas,Residential,Miami,200.48,peak,M-2479,Normal,Late,0
4214,397.13,gas,Commercial,Seattle,246.11,peak,M-6749,Normal,On-Time,0
4215,279.62,gas,Residential,Miami,234.48,peak,M-4367,Tampered,On-Time,1
4216,110.92,electricity,Commercial,Seattle,356.58,off-peak,M-5869,Normal,Late,0
4217,468.39,gas,Commercial,Los Angeles,88.37,peak,M-8460,Tampered,Late,1
4218,322,gas,Residential,Seattle,91.08,off-peak,M-7011,Tampered,Late,1
4219,326.75,gas,Residential,Seattle,105.33,peak,M-2994,Tampered,Late,1
4220,490.87,electricity,Commercial,Seattle,413.55,off-peak,M-7575,Tampered,Late,1
4221,45.63,electricity,Commercial,Seattle,482.63,peak,M-3572,Tampered,Late,1
4222,170.66,electricity,Commercial,New York,342.57,peak,M-2330,Tampered,On-Time,1
4223,88.23,gas,Commercial,Seattle,280.12,off-peak,M-3477,Tampered,On-Time,1
4224,299.59,electricity,Commercial,Chicago,441.38,peak,M-3845,Tampered,Late,1
4225,164.66,gas,Commercial,Houston,479.88,peak,M-2905,Tampered,Late,1
4226,467.36,electricity,Commercial,Chicago,255.54,off-peak,M-1586,Normal,Late,0
4227,367.38,electricity,Residential,Los Angeles,240.26,off-peak,M-7614,Normal,Late,0
4228,366.59,electricity,Commercial,Chicago,386.68,off-peak,M-4706,Tampered,Late,1
4229,431.14,gas,Residential,Boston,209.65,off-peak,M-8387,Normal,On-Time,1
4230,294.71,electricity,Commercial,Chicago,365.16,off-peak,M-9596,Tampered,On-Time,1
4231,435.72,electricity,Commercial,Boston,282.79,peak,M-6775,Tampered,On-Time,1
4232,286.12,electricity,Residential,Los Angeles,320.75,off-peak,M-7298,Tampered,Late,1
4233,11.97,electricity,Residential,Houston,72.78,peak,M-7316,Normal,Late,0
4234,169.88,electricity,Commercial,Chicago,95.86,peak,M-9519,Normal,On-Time,0
4235,180.43,gas,Residential,Miami,380.21,peak,M-8467,Normal,On-Time,0
4236,191.92,electricity,Commercial,Boston,283.41,peak,M-2165,Normal,Late,0
4237,13.77,gas,Residential,Miami,114.84,off-peak,M-9803,Tampered,On-Time,1
4238,376.8,gas,Residential,New York,219.9,peak,M-7382,Normal,Late,0
4239,251.2,electricity,Residential,New York,239.53,off-peak,M-2330,Tampered,On-Time,1
4240,499.77,gas,Commercial,Los Angeles,140.62,peak,M-7536,Tampered,Late,1
4241,148.37,electricity,Residential,Los Angeles,15.25,off-peak,M-3198,Normal,On-Time,1
4242,24.22,gas,Residential,Houston,173.75,off-peak,M-3352,Tampered,Late,1
4243,455.6,electricity,Commercial,Houston,45.64,off-peak,M-5754,Normal,On-Time,1
4244,388.21,electricity,Residential,Houston,317.47,off-peak,M-8685,Tampered,On-Time,1
4245,313.77,gas,Residential,Boston,89.98,off-peak,M-7569,Tampered,On-Time,1
4246,209.44,electricity,Commercial,Los Angeles,341.38,off-peak,M-2721,Normal,Late,0
4247,153.17,electricity,Commercial,Los Angeles,282.38,off-peak,M-2824,Normal,Late,0
4248,401.81,electricity,Commercial,Los Angeles,42.87,off-peak,M-2868,Normal,Late,1
4249,208.72,electricity,Residential,Los Angeles,176.77,off-peak,M-5540,Normal,On-Time,0
4250,135.52,electricity,Commercial,New York,119.72,peak,M-8739,Tampered,Late,1
4251,370.14,gas,Residential,Los Angeles,443.41,peak,M-6033,Tampered,Late,1
4252,30.27,gas,Commercial,Chicago,206.42,peak,M-8497,Tampered,On-Time,1
4253,344.27,gas,Commercial,Seattle,218.41,peak,M-1043,Normal,On-Time,0
4254,50.3,electricity,Commercial,Chicago,443.45,peak,M-4714,Normal,On-Time,0
4255,260.83,gas,Residential,Miami,109.65,off-peak,M-5006,Tampered,On-Time,1
4256,330.06,electricity,Commercial,Los Angeles,269.37,off-peak,M-4129,Normal,On-Time,0
4257,78.57,electricity,Commercial,Miami,59.97,peak,M-7342,Normal,On-Time,0
4258,152.72,gas,Residential,Seattle,24.37,off-peak,M-5965,Tampered,On-Time,1
4259,304.19,gas,Commercial,Dallas,171.46,peak,M-5336,Normal,On-Time,0
4260,333.89,electricity,Commercial,Houston,7.18,off-peak,M-1738,Tampered,On-Time,1
4261,218.86,electricity,Residential,Miami,227.11,peak,M-7970,Normal,Late,0
4262,225.59,electricity,Commercial,Boston,498.28,peak,M-8092,Tampered,On-Time,1
4263,401.58,electricity,Commercial,Seattle,456.6,off-peak,M-2231,Normal,Late,0
4264,197.95,gas,Residential,Dallas,262.61,peak,M-6924,Tampered,Late,1
4265,459.8,gas,Residential,Seattle,378.47,peak,M-7112,Tampered,On-Time,1
4266,420.9,gas,Commercial,Chicago,447.04,peak,M-8150,Normal,On-Time,0
4267,493.61,gas,Commercial,Chicago,60.64,off-peak,M-9608,Tampered,On-Time,1
4268,221.45,electricity,Commercial,Houston,232.7,off-peak,M-1527,Normal,On-Time,0
4269,367.48,gas,Commercial,Dallas,101.48,off-peak,M-2245,Normal,On-Time,1
4270,44.27,electricity,Residential,Boston,443.96,off-peak,M-3017,Tampered,Late,1
4271,453.89,gas,Commercial,Miami,395.92,off-peak,M-9356,Tampered,On-Time,1
4272,120.88,electricity,Residential,New York,178.9,peak,M-6196,Normal,On-Time,0
4273,397.13,gas,Residential,Seattle,449.5,peak,M-6384,Tampered,On-Time,1
4274,164.82,electricity,Residential,Los Angeles,134.74,off-peak,M-4846,Tampered,Late,1
4275,124.68,gas,Residential,Los Angeles,65.53,peak,M-8257,Normal,Late,0
4276,459.44,electricity,Residential,Seattle,184.24,off-peak,M-4021,Tampered,On-Time,1
4277,394.77,gas,Residential,Miami,257.85,peak,M-2895,Normal,On-Time,0
4278,294.56,electricity,Commercial,Dallas,490.29,peak,M-2512,Tampered,Late,1
4279,132.82,electricity,Residential,Boston,113.21,off-peak,M-4844,Normal,Late,0
4280,116.32,electricity,Residential,New York,260.69,off-peak,M-7575,Normal,On-Time,0
4281,344.97,gas,Commercial,Dallas,373.47,off-peak,M-6810,Tampered,Late,1
4282,63.4,gas,Residential,Houston,343.23,peak,M-3386,Tampered,On-Time,1
4283,374.11,electricity,Commercial,Miami,490.59,off-peak,M-7730,Tampered,On-Time,1
4284,311.16,gas,Residential,New York,213.9,off-peak,M-3432,Tampered,Late,1
4285,441.79,electricity,Residential,Dallas,206.39,peak,M-3843,Tampered,On-Time,1
4286,416.41,electricity,Residential,Miami,33.81,peak,M-1309,Normal,On-Time,1
4287,125.55,electricity,Residential,Seattle,271.06,off-peak,M-4679,Tampered,On-Time,1
4288,18.59,gas,Residential,Los Angeles,326.4,peak,M-7869,Normal,Late,0
4289,305.9,gas,Commercial,Miami,359.76,off-peak,M-3653,Normal,On-Time,0
4290,190.22,gas,Residential,Chicago,472.36,off-peak,M-5171,Tampered,On-Time,1
4291,212.93,gas,Residential,Chicago,372.39,off-peak,M-2780,Tampered,On-Time,1
4292,273.39,gas,Commercial,Miami,83.29,off-peak,M-9617,Normal,On-Time,1
4293,181.99,electricity,Commercial,Miami,89.32,peak,M-5567,Tampered,Late,1
4294,284.96,electricity,Residential,Chicago,164.51,off-peak,M-6541,Normal,Late,0
4295,296.23,gas,Residential,Los Angeles,260.33,off-peak,M-4771,Normal,On-Time,0
4296,432.49,gas,Residential,Miami,74.43,peak,M-1078,Normal,On-Time,1
4297,213.82,electricity,Residential,Boston,301.99,off-peak,M-7907,Normal,Late,0
4298,420.95,gas,Residential,Dallas,186.72,peak,M-2871,Tampered,Late,1
4299,159.31,gas,Residential,New York,182.67,peak,M-2638,Normal,On-Time,0
4300,23.62,gas,Residential,Boston,181.79,peak,M-4090,Normal,On-Time,0
4301,298.47,gas,Residential,New York,131.3,peak,M-2355,Normal,Late,1
4302,344.19,electricity,Commercial,Boston,175.15,off-peak,M-3715,Normal,On-Time,0
4303,16.77,electricity,Commercial,New York,245.74,peak,M-2599,Tampered,On-Time,1
4304,349.85,electricity,Commercial,Los Angeles,12.19,peak,M-5172,Tampered,Late,1
4305,223,gas,Residential,Houston,400.59,off-peak,M-4839,Normal,On-Time,0
4306,288.75,electricity,Residential,Los Angeles,197.13,off-peak,M-3842,Tampered,On-Time,1
4307,308.84,gas,Commercial,Boston,219.88,off-peak,M-9264,Normal,Late,0
4308,275.7,electricity,Commercial,Los Angeles,80.29,peak,M-9753,Tampered,On-Time,1
4309,106.29,electricity,Residential,New York,111.49,off-peak,M-9152,Tampered,On-Time,1
4310,453.29,electricity,Commercial,Seattle,91.19,peak,M-6688,Tampered,On-Time,1
4311,159.91,electricity,Commercial,Dallas,112.17,peak,M-8810,Tampered,On-Time,1
4312,183.75,electricity,Residential,Miami,230.85,off-peak,M-8519,Normal,Late,0
4313,282.24,electricity,Residential,Chicago,474.68,peak,M-6847,Normal,On-Time,0
4314,96.26,gas,Commercial,Houston,293.12,peak,M-9550,Normal,On-Time,0
4315,120.12,gas,Residential,New York,175.59,peak,M-4161,Tampered,On-Time,1
4316,304.97,electricity,Residential,Miami,189.87,peak,M-5810,Tampered,On-Time,1
4317,11.78,gas,Commercial,Seattle,490.34,off-peak,M-7561,Normal,On-Time,0
4318,280.1,electricity,Residential,Dallas,372.32,peak,M-4794,Normal,On-Time,0
4319,270.03,electricity,Commercial,Miami,287.26,off-peak,M-4102,Normal,On-Time,0
4320,431.59,electricity,Commercial,Chicago,62.42,peak,M-3888,Normal,Late,1
4321,373.8,gas,Residential,Chicago,94.71,off-peak,M-2076,Normal,Late,1
4322,273.51,electricity,Commercial,Dallas,467.65,peak,M-1310,Tampered,On-Time,1
4323,112.1,electricity,Residential,New York,379.68,peak,M-3975,Tampered,Late,1
4324,73.61,electricity,Commercial,Chicago,244.31,off-peak,M-8963,Normal,On-Time,0
4325,88.26,electricity,Commercial,Chicago,205.72,off-peak,M-3957,Normal,On-Time,0
4326,155.7,gas,Commercial,Seattle,368.25,peak,M-3628,Normal,Late,0
4327,424.07,electricity,Commercial,Dallas,88.2,off-peak,M-6450,Normal,On-Time,1
4328,308.26,electricity,Commercial,Seattle,391.9,off-peak,M-2904,Normal,On-Time,0
4329,151.22,electricity,Residential,Boston,69.83,peak,M-4808,Tampered,Late,1
4330,426.87,electricity,Commercial,Los Angeles,177.88,peak,M-8486,Tampered,On-Time,1
4331,292.05,electricity,Residential,Boston,378.81,peak,M-9213,Normal,On-Time,0
4332,276.32,electricity,Residential,Boston,391.11,peak,M-9333,Normal,On-Time,0
4333,3.11,electricity,Commercial,Dallas,201.27,peak,M-4722,Tampered,On-Time,1
4334,124.37,electricity,Residential,Houston,491.12,off-peak,M-8765,Tampered,Late,1
4335,379.87,electricity,Commercial,Miami,175.6,peak,M-3329,Normal,On-Time,1
4336,240.56,electricity,Residential,Boston,152.61,off-peak,M-3455,Normal,Late,0
4337,387.76,gas,Commercial,Miami,293.12,peak,M-7576,Tampered,On-Time,1
4338,8.04,electricity,Commercial,Los Angeles,439.09,peak,M-5713,Tampered,On-Time,1
4339,410.16,electricity,Residential,Seattle,179.62,peak,M-7572,Tampered,On-Time,1
4340,402.08,gas,Residential,Miami,366.43,peak,M-8166,Normal,On-Time,0
4341,409.49,gas,Commercial,Chicago,318.52,peak,M-2020,Normal,Late,0
4342,391.24,gas,Residential,Boston,435.67,off-peak,M-4516,Normal,Late,0
4343,64.4,electricity,Commercial,Miami,374.75,peak,M-9439,Normal,Late,0
4344,480.82,electricity,Commercial,New York,274.01,peak,M-3037,Normal,Late,0
4345,460.68,electricity,Commercial,Miami,93,peak,M-9025,Tampered,On-Time,1
4346,99.37,gas,Residential,Miami,221.33,peak,M-3322,Normal,On-Time,0
4347,493.94,gas,Commercial,Miami,172.58,off-peak,M-9880,Tampered,Late,1
4348,118.66,electricity,Residential,Miami,291.45,off-peak,M-3143,Normal,Late,0
4349,305.63,electricity,Residential,Boston,64.37,peak,M-7766,Normal,Late,1
4350,52.61,electricity,Residential,Miami,260.06,off-peak,M-5219,Tampered,Late,1
4351,219.77,electricity,Residential,Boston,222.46,peak,M-9434,Tampered,Late,1
4352,475.7,gas,Residential,Chicago,66.78,off-peak,M-8369,Tampered,On-Time,1
4353,471.29,electricity,Residential,Miami,221.69,peak,M-2445,Normal,Late,1
4354,367.28,gas,Commercial,Chicago,33.67,off-peak,M-2920,Normal,On-Time,1
4355,342.21,electricity,Commercial,Boston,89.3,off-peak,M-7393,Tampered,On-Time,1
4356,128.5,gas,Residential,Chicago,133.48,off-peak,M-9145,Normal,Late,0
4357,206.79,electricity,Commercial,Dallas,110.72,peak,M-8127,Normal,Late,0
4358,167.93,electricity,Commercial,New York,178.63,peak,M-4580,Normal,Late,0
4359,340.94,electricity,Residential,Dallas,288.95,peak,M-7047,Tampered,On-Time,1
4360,352.31,gas,Commercial,Seattle,388.12,peak,M-3013,Normal,On-Time,0
4361,263.57,electricity,Residential,Dallas,433.67,peak,M-4700,Tampered,On-Time,1
4362,190.23,electricity,Residential,Houston,27.68,peak,M-7126,Tampered,Late,1
4363,116.76,electricity,Residential,Los Angeles,449.73,peak,M-1747,Tampered,Late,1
4364,434.78,electricity,Residential,Miami,231.82,off-peak,M-1563,Tampered,Late,1
4365,157.85,gas,Residential,New York,69.29,peak,M-1549,Normal,On-Time,1
4366,77.54,electricity,Commercial,Chicago,17.42,peak,M-7775,Normal,On-Time,1
4367,258.62,electricity,Residential,Boston,149.78,off-peak,M-5805,Tampered,On-Time,1
4368,271.63,gas,Commercial,Miami,161.49,peak,M-1913,Normal,On-Time,0
4369,73.08,gas,Residential,Seattle,390.16,peak,M-5686,Normal,On-Time,0
4370,28.99,electricity,Residential,Miami,381.06,peak,M-4123,Tampered,Late,1
4371,256.36,electricity,Commercial,Chicago,472.95,off-peak,M-7001,Tampered,On-Time,1
4372,161.5,gas,Residential,Chicago,223.58,peak,M-5165,Tampered,Late,1
4373,29.19,gas,Commercial,Chicago,41.65,off-peak,M-4713,Normal,Late,0
4374,448.51,electricity,Residential,Chicago,120.11,off-peak,M-2349,Normal,Late,1
4375,266.44,gas,Residential,Miami,7.48,off-peak,M-1751,Normal,Late,1
4376,282.37,electricity,Commercial,Dallas,371.27,off-peak,M-7736,Normal,Late,0
4377,87.23,gas,Residential,Boston,29.01,off-peak,M-1290,Tampered,Late,1
4378,181.49,gas,Commercial,Miami,214.97,off-peak,M-6268,Tampered,On-Time,1
4379,138.82,electricity,Commercial,Chicago,144.61,off-peak,M-7294,Tampered,On-Time,1
4380,12.98,gas,Residential,New York,3.67,off-peak,M-9233,Normal,On-Time,1
4381,453.28,gas,Residential,Seattle,195.22,off-peak,M-3283,Tampered,Late,1
4382,74.53,electricity,Commercial,Boston,481.06,peak,M-1027,Normal,Late,0
4383,33.85,electricity,Residential,Los Angeles,409.32,peak,M-7726,Tampered,On-Time,1
4384,21.93,gas,Residential,Houston,482.79,peak,M-9982,Normal,Late,0
4385,23.8,electricity,Residential,Chicago,296.6,peak,M-3897,Normal,Late,0
4386,267.57,electricity,Residential,Boston,154.25,off-peak,M-7637,Tampered,Late,1
4387,407.73,gas,Residential,Houston,147.13,off-peak,M-7936,Normal,Late,1
4388,444.92,electricity,Commercial,New York,475.65,off-peak,M-1690,Normal,Late,0
4389,105.82,gas,Residential,Miami,2.36,peak,M-2861,Tampered,On-Time,1
4390,413.95,gas,Residential,Seattle,186.04,peak,M-7159,Normal,On-Time,1
4391,135.48,gas,Residential,Houston,460.58,off-peak,M-5351,Normal,Late,0
4392,441.26,electricity,Residential,New York,76.61,peak,M-7896,Normal,On-Time,1
4393,144.29,electricity,Commercial,Seattle,47.75,off-peak,M-2999,Tampered,On-Time,1
4394,312.42,electricity,Commercial,New York,265.05,off-peak,M-8836,Tampered,On-Time,1
4395,457.16,gas,Commercial,Los Angeles,378.96,off-peak,M-6407,Normal,On-Time,0
4396,423.67,electricity,Residential,Boston,270.14,off-peak,M-5970,Normal,On-Time,0
4397,146.37,electricity,Commercial,Houston,166.28,off-peak,M-2544,Normal,Late,0
4398,456.28,gas,Residential,New York,32.24,off-peak,M-6569,Normal,Late,1
4399,82.12,gas,Commercial,New York,455.52,off-peak,M-1707,Normal,Late,0
4400,294.73,electricity,Residential,New York,146.1,off-peak,M-6343,Normal,On-Time,1
4401,114,electricity,Residential,New York,412.69,off-peak,M-4806,Normal,Late,0
4402,275.73,electricity,Commercial,Dallas,258.14,off-peak,M-4276,Tampered,On-Time,1
4403,59.43,gas,Commercial,Los Angeles,478.04,peak,M-8566,Normal,Late,0
4404,109.59,electricity,Residential,New York,248.99,off-peak,M-9448,Normal,Late,0
4405,80.8,gas,Residential,Dallas,380.96,peak,M-9347,Tampered,On-Time,1
4406,313.72,gas,Commercial,Dallas,437.28,off-peak,M-9284,Normal,Late,0
4407,394.65,gas,Residential,New York,157.88,off-peak,M-5390,Tampered,On-Time,1
4408,96.08,electricity,Commercial,New York,63.91,peak,M-6977,Normal,On-Time,0
4409,332.74,electricity,Commercial,Dallas,261.91,off-peak,M-3680,Normal,On-Time,0
4410,63.22,electricity,Residential,Dallas,140.09,peak,M-8798,Normal,Late,0
4411,489.89,gas,Residential,Chicago,37.69,off-peak,M-5008,Normal,Late,1
4412,227.47,gas,Commercial,Chicago,251.61,off-peak,M-9216,Normal,Late,0
4413,198.31,electricity,Commercial,Dallas,454.94,peak,M-4493,Normal,On-Time,0
4414,142.85,electricity,Residential,Chicago,405.97,peak,M-6213,Tampered,On-Time,1
4415,238.65,electricity,Residential,Houston,89.88,off-peak,M-6996,Normal,Late,1
4416,439.86,electricity,Residential,Los Angeles,92.57,peak,M-4832,Tampered,Late,1
4417,379.62,electricity,Residential,Boston,189.11,off-peak,M-8823,Normal,On-Time,1
4418,363.46,gas,Residential,New York,47.19,off-peak,M-3944,Tampered,Late,1
4419,95.09,electricity,Commercial,Chicago,307.82,peak,M-2984,Tampered,Late,1
4420,74,gas,Commercial,New York,227.49,off-peak,M-9541,Tampered,On-Time,1
4421,6.5,gas,Residential,Boston,36.39,off-peak,M-3833,Normal,Late,0
4422,451.67,electricity,Commercial,Seattle,161.22,off-peak,M-7391,Tampered,On-Time,1
4423,13.04,electricity,Commercial,New York,34.19,off-peak,M-2143,Normal,Late,0
4424,157.59,gas,Residential,Chicago,348.69,off-peak,M-5698,Tampered,On-Time,1
4425,297.17,gas,Commercial,Los Angeles,101.62,off-peak,M-7198,Normal,Late,1
4426,416.15,electricity,Commercial,Seattle,462.53,peak,M-2885,Normal,Late,0
4427,108.42,gas,Commercial,Boston,373.06,off-peak,M-1578,Tampered,Late,1
4428,288.29,gas,Commercial,Chicago,21.97,off-peak,M-2529,Tampered,On-Time,1
4429,140.7,electricity,Residential,Boston,183.81,peak,M-2008,Normal,On-Time,0
4430,272.95,electricity,Residential,Boston,71.93,peak,M-2265,Tampered,On-Time,1
4431,365.79,electricity,Residential,Chicago,488.02,off-peak,M-7923,Tampered,Late,1
4432,238.74,electricity,Commercial,Los Angeles,331.45,peak,M-2587,Normal,On-Time,0
4433,280.21,gas,Residential,Dallas,284.54,off-peak,M-3689,Tampered,On-Time,1
4434,329.97,electricity,Commercial,New York,131.6,off-peak,M-8602,Tampered,On-Time,1
4435,444.58,electricity,Residential,Seattle,437.19,peak,M-6248,Tampered,On-Time,1
4436,7.63,electricity,Residential,Los Angeles,486.22,off-peak,M-2144,Normal,On-Time,0
4437,109.1,electricity,Commercial,Los Angeles,421.13,off-peak,M-8518,Normal,Late,0
4438,401.38,electricity,Residential,Miami,278.53,peak,M-1936,Tampered,On-Time,1
4439,225.67,electricity,Commercial,Houston,318.85,off-peak,M-4430,Tampered,Late,1
4440,406.39,gas,Commercial,New York,434.18,peak,M-4411,Normal,Late,0
4441,218,gas,Residential,Houston,379.24,off-peak,M-1961,Normal,On-Time,0
4442,99.3,electricity,Residential,Chicago,73.58,off-peak,M-8980,Normal,On-Time,0
4443,312.48,electricity,Residential,Dallas,79.14,peak,M-2023,Tampered,Late,1
4444,79.6,gas,Residential,Seattle,234.09,off-peak,M-4574,Tampered,On-Time,1
4445,224.36,gas,Commercial,Seattle,413.37,off-peak,M-5955,Tampered,Late,1
4446,478.35,electricity,Commercial,Boston,477.68,peak,M-7185,Normal,Late,0
4447,206.99,electricity,Residential,Los Angeles,392.92,peak,M-6546,Normal,Late,0
4448,384.91,electricity,Commercial,Chicago,480.19,peak,M-3551,Normal,Late,0
4449,412.06,gas,Commercial,Miami,453.37,peak,M-3385,Normal,Late,0
4450,171.61,gas,Residential,Miami,448.91,off-peak,M-2776,Normal,On-Time,0
4451,345.36,gas,Residential,New York,31.48,peak,M-2583,Tampered,On-Time,1
4452,237.5,electricity,Residential,Houston,13.33,off-peak,M-8434,Normal,On-Time,1
4453,131.45,electricity,Commercial,Seattle,138.24,off-peak,M-3726,Normal,On-Time,0
4454,235.73,electricity,Residential,Houston,197.33,off-peak,M-9163,Normal,On-Time,0
4455,129.95,electricity,Commercial,Chicago,40.76,off-peak,M-6381,Tampered,On-Time,1
4456,283.09,gas,Residential,New York,189.98,off-peak,M-7117,Normal,On-Time,0
4457,48.14,gas,Commercial,Dallas,299.22,off-peak,M-7602,Normal,Late,0
4458,488.49,gas,Commercial,New York,369.83,peak,M-4118,Normal,On-Time,0
4459,128.59,electricity,Commercial,Miami,326.47,peak,M-4073,Tampered,Late,1
4460,88.03,gas,Residential,Seattle,375.45,off-peak,M-1848,Normal,On-Time,0
4461,397.28,gas,Residential,Miami,209.07,off-peak,M-5354,Normal,On-Time,0
4462,372.3,electricity,Commercial,New York,445.28,peak,M-9867,Normal,On-Time,0
4463,208.89,gas,Commercial,Los Angeles,51.13,off-peak,M-4660,Normal,On-Time,1
4464,357.4,gas,Residential,Boston,82.49,peak,M-2432,Normal,Late,1
4465,72.4,gas,Residential,New York,301.19,peak,M-5846,Tampered,Late,1
4466,235.72,gas,Residential,Seattle,41.99,off-peak,M-2935,Normal,Late,1
4467,93.2,gas,Commercial,Boston,9.65,peak,M-5790,Tampered,On-Time,1
4468,43.09,electricity,Residential,Chicago,225.96,peak,M-9578,Normal,On-Time,0
4469,437.41,electricity,Commercial,Dallas,27.49,off-peak,M-8054,Tampered,Late,1
4470,257.46,electricity,Commercial,Los Angeles,408.65,off-peak,M-4043,Normal,On-Time,0
4471,366,electricity,Residential,Houston,469.82,peak,M-7385,Tampered,Late,1
4472,275.17,gas,Commercial,Dallas,172.22,peak,M-1479,Normal,Late,0
4473,187.13,gas,Residential,Seattle,21.88,off-peak,M-7744,Normal,On-Time,1
4474,276.08,electricity,Commercial,Dallas,294.42,peak,M-5375,Tampered,On-Time,1
4475,396.17,gas,Commercial,New York,372.79,peak,M-1615,Tampered,Late,1
4476,35.6,gas,Commercial,Houston,436.98,off-peak,M-1994,Normal,Late,0
4477,20.49,electricity,Commercial,Houston,417.28,off-peak,M-2831,Normal,On-Time,0
4478,414.74,gas,Residential,Chicago,497.59,off-peak,M-9364,Tampered,Late,1
4479,402.09,gas,Commercial,New York,14.41,peak,M-7245,Tampered,Late,1
4480,14.36,gas,Residential,Chicago,408.7,off-peak,M-9899,Tampered,Late,1
4481,409.35,gas,Residential,Seattle,419.27,peak,M-1173,Tampered,On-Time,1
4482,193.44,electricity,Residential,Boston,443.22,off-peak,M-3543,Tampered,Late,1
4483,459.82,gas,Residential,New York,444.71,off-peak,M-6717,Tampered,Late,1
4484,422.92,gas,Residential,Chicago,130.6,off-peak,M-7798,Normal,On-Time,1
4485,324.59,gas,Commercial,New York,91.83,peak,M-7726,Tampered,Late,1
4486,24.96,electricity,Residential,Boston,103.69,peak,M-1234,Normal,On-Time,0
4487,392.89,electricity,Residential,New York,493.81,off-peak,M-1518,Tampered,On-Time,1
4488,171.72,gas,Commercial,Los Angeles,375.76,peak,M-5931,Tampered,Late,1
4489,369.83,gas,Residential,New York,490.21,off-peak,M-6966,Normal,On-Time,0
4490,393.91,gas,Commercial,Miami,289.28,off-peak,M-8223,Tampered,On-Time,1
4491,396.34,gas,Commercial,Houston,27.72,off-peak,M-6030,Tampered,Late,1
4492,210.22,gas,Commercial,Los Angeles,477.32,off-peak,M-7671,Normal,On-Time,0
4493,132.6,gas,Residential,Boston,423.79,off-peak,M-4909,Tampered,Late,1
4494,333.05,gas,Commercial,Seattle,258.4,peak,M-8582,Tampered,Late,1
4495,231.57,electricity,Commercial,Boston,298.85,peak,M-2662,Tampered,Late,1
4496,365.88,gas,Commercial,Seattle,17.56,off-peak,M-1833,Normal,On-Time,1
4497,478.65,gas,Commercial,Seattle,62.05,off-peak,M-2748,Tampered,Late,1
4498,308.57,gas,Commercial,Houston,402.77,peak,M-3909,Normal,On-Time,0
4499,70.33,electricity,Commercial,New York,323.27,peak,M-6620,Tampered,Late,1
4500,486.37,electricity,Commercial,New York,291.95,peak,M-3517,Normal,On-Time,0
4501,308.22,electricity,Commercial,Los Angeles,265.62,peak,M-5004,Tampered,On-Time,1
4502,155.45,electricity,Commercial,Dallas,42.8,off-peak,M-2329,Tampered,Late,1
4503,246.73,gas,Commercial,Miami,378.96,off-peak,M-9067,Normal,On-Time,0
4504,174.34,electricity,Commercial,Boston,100.97,peak,M-3778,Normal,Late,0
4505,404.58,electricity,Commercial,Los Angeles,114.31,off-peak,M-9949,Normal,Late,1
4506,36.62,gas,Commercial,New York,425.94,off-peak,M-8589,Normal,Late,0
4507,133.84,gas,Residential,Seattle,22.54,off-peak,M-5770,Tampered,On-Time,1
4508,309.07,gas,Residential,New York,327.91,off-peak,M-7139,Normal,On-Time,0
4509,300.47,electricity,Residential,Boston,22.54,peak,M-3413,Normal,On-Time,1
4510,385.2,electricity,Residential,Dallas,185.03,off-peak,M-2601,Normal,Late,1
4511,192.44,electricity,Residential,Chicago,417.98,off-peak,M-7932,Normal,On-Time,0
4512,437.77,gas,Residential,New York,176.65,peak,M-9604,Tampered,Late,1
4513,251.27,gas,Residential,Houston,206.95,peak,M-2631,Normal,Late,0
4514,431.93,gas,Commercial,Seattle,342.47,peak,M-4708,Tampered,Late,1
4515,200.1,gas,Residential,New York,463.39,peak,M-7361,Normal,Late,0
4516,247.39,electricity,Residential,Miami,119.32,off-peak,M-4995,Tampered,Late,1
4517,378.7,electricity,Residential,Houston,385.14,off-peak,M-3490,Normal,Late,0
4518,491.86,electricity,Residential,Dallas,283.22,peak,M-6071,Tampered,Late,1
4519,259.72,gas,Commercial,Miami,158.28,peak,M-2058,Normal,On-Time,0
4520,326.47,gas,Residential,Houston,368.14,peak,M-3411,Tampered,Late,1
4521,260.8,electricity,Commercial,Chicago,147.05,off-peak,M-2032,Tampered,Late,1
4522,480.91,gas,Commercial,Seattle,296.23,peak,M-1804,Tampered,On-Time,1
4523,437.06,gas,Commercial,New York,124.34,off-peak,M-6902,Tampered,On-Time,1
4524,99.61,gas,Commercial,Chicago,10.44,off-peak,M-6836,Tampered,Late,1
4525,244.03,gas,Residential,Los Angeles,177.72,peak,M-2122,Tampered,On-Time,1
4526,68,gas,Commercial,Boston,322.28,off-peak,M-3622,Tampered,Late,1
4527,10.34,gas,Residential,Miami,277.86,off-peak,M-7528,Tampered,Late,1
4528,408.39,gas,Commercial,Seattle,120.56,off-peak,M-2657,Normal,Late,1
4529,185.41,electricity,Residential,Seattle,324.05,off-peak,M-7900,Normal,Late,0
4530,83.83,electricity,Commercial,Chicago,375.42,peak,M-7131,Tampered,Late,1
4531,113.55,electricity,Commercial,Dallas,251.33,off-peak,M-8460,Normal,Late,0
4532,24.86,electricity,Commercial,Los Angeles,409.33,peak,M-1389,Tampered,Late,1
4533,389.62,gas,Commercial,New York,279.41,peak,M-4726,Normal,On-Time,0
4534,492.91,gas,Commercial,Chicago,445.84,off-peak,M-8593,Normal,Late,0
4535,473.26,electricity,Residential,Miami,300.89,peak,M-8557,Tampered,Late,1
4536,110.85,gas,Commercial,New York,70.03,peak,M-9870,Normal,On-Time,0
4537,86.71,gas,Commercial,Seattle,494.5,off-peak,M-7880,Normal,On-Time,0
4538,295.99,electricity,Commercial,Chicago,402.84,peak,M-1978,Tampered,Late,1
4539,466.21,electricity,Commercial,New York,34.03,off-peak,M-8464,Normal,On-Time,1
4540,61.67,electricity,Residential,Los Angeles,393.28,peak,M-1722,Normal,On-Time,0
4541,57.65,gas,Commercial,Chicago,24.89,peak,M-7458,Tampered,Late,1
4542,477.73,gas,Residential,Dallas,40.13,peak,M-6416,Normal,On-Time,1
4543,275.03,gas,Residential,Houston,411.12,peak,M-3100,Tampered,On-Time,1
4544,195.43,electricity,Residential,Dallas,76.26,peak,M-6333,Tampered,Late,1
4545,332.33,gas,Residential,New York,158.04,off-peak,M-2811,Tampered,Late,1
4546,444.46,electricity,Residential,Boston,438.89,off-peak,M-7964,Normal,Late,0
4547,268.34,electricity,Residential,Chicago,300.32,peak,M-7156,Tampered,Late,1
4548,448.78,gas,Residential,Boston,379.67,peak,M-6767,Normal,On-Time,0
4549,235.7,gas,Commercial,Seattle,254.63,peak,M-6384,Tampered,On-Time,1
4550,150.59,electricity,Residential,Miami,282.81,off-peak,M-4155,Normal,On-Time,0
4551,312.84,electricity,Commercial,Boston,146.07,peak,M-7297,Normal,On-Time,1
4552,29.42,gas,Commercial,New York,483.4,off-peak,M-5832,Tampered,Late,1
4553,55.41,electricity,Commercial,New York,7.19,off-peak,M-9864,Tampered,Late,1
4554,407.42,gas,Residential,Boston,270.08,off-peak,M-1888,Normal,Late,0
4555,268.46,gas,Residential,Miami,177.44,off-peak,M-5729,Tampered,On-Time,1
4556,461.67,electricity,Commercial,New York,485.59,peak,M-8907,Normal,On-Time,0
4557,222.46,gas,Commercial,Miami,297.17,peak,M-8111,Normal,Late,0
4558,188.14,electricity,Residential,New York,403.12,peak,M-2267,Tampered,On-Time,1
4559,168.86,gas,Commercial,Seattle,281.26,peak,M-5880,Tampered,Late,1
4560,311.46,electricity,Residential,New York,129.84,off-peak,M-8501,Normal,Late,1
4561,245.52,electricity,Residential,Miami,81.57,off-peak,M-7301,Normal,Late,1
4562,185.25,gas,Commercial,Seattle,22.18,peak,M-5488,Tampered,On-Time,1
4563,494.99,electricity,Residential,Miami,468.06,off-peak,M-9534,Normal,On-Time,0
4564,464.84,gas,Commercial,New York,214.36,peak,M-3702,Tampered,On-Time,1
4565,407.13,gas,Residential,Seattle,216.8,off-peak,M-8179,Tampered,Late,1
4566,116.41,electricity,Commercial,Miami,225.47,peak,M-4363,Normal,On-Time,0
4567,256.98,electricity,Commercial,Miami,164.39,off-peak,M-3708,Tampered,On-Time,1
4568,324.73,gas,Residential,New York,350.22,peak,M-2817,Normal,On-Time,0
4569,99.61,electricity,Commercial,Dallas,139.68,peak,M-8733,Tampered,Late,1
4570,191.7,gas,Commercial,Los Angeles,427.66,off-peak,M-3586,Tampered,On-Time,1
4571,290.77,gas,Residential,Chicago,475.8,off-peak,M-9161,Normal,On-Time,0
4572,365.91,gas,Residential,Seattle,3.94,peak,M-3450,Tampered,On-Time,1
4573,181.49,gas,Commercial,Los Angeles,267.38,off-peak,M-1879,Normal,Late,0
4574,170.87,gas,Residential,Houston,171.47,off-peak,M-1522,Normal,On-Time,0
4575,322.74,gas,Commercial,Miami,90.8,off-peak,M-4370,Tampered,On-Time,1
4576,262.45,gas,Residential,Los Angeles,474.84,peak,M-7171,Normal,On-Time,0
4577,379.95,gas,Residential,Los Angeles,114.07,peak,M-3978,Tampered,Late,1
4578,464.54,gas,Residential,New York,163.95,peak,M-8506,Normal,On-Time,1
4579,109.31,gas,Residential,Chicago,157.61,off-peak,M-8377,Tampered,Late,1
4580,490.19,electricity,Residential,Houston,67.79,off-peak,M-9555,Tampered,On-Time,1
4581,295.37,gas,Residential,Los Angeles,327.24,peak,M-6238,Normal,On-Time,0
4582,373.31,electricity,Residential,Boston,127.1,peak,M-5654,Normal,On-Time,1
4583,252.53,gas,Commercial,Boston,3.46,peak,M-3928,Normal,On-Time,1
4584,443.22,gas,Residential,Houston,448.75,off-peak,M-6489,Tampered,Late,1
4585,161.65,gas,Residential,Miami,330.48,peak,M-1391,Tampered,Late,1
4586,113.81,electricity,Commercial,Houston,116.02,peak,M-5556,Normal,On-Time,0
4587,348.88,electricity,Commercial,Houston,453.59,off-peak,M-5520,Normal,On-Time,0
4588,427.18,electricity,Residential,Chicago,61.75,peak,M-8266,Tampered,Late,1
4589,220.62,gas,Residential,New York,293.03,off-peak,M-8760,Tampered,Late,1
4590,220.77,gas,Commercial,Los Angeles,412.07,peak,M-6428,Normal,On-Time,0
4591,105.54,gas,Residential,Houston,298.82,peak,M-4433,Normal,On-Time,0
4592,115.61,electricity,Commercial,Miami,354.37,off-peak,M-7240,Normal,On-Time,0
4593,60.42,gas,Residential,Houston,348.37,peak,M-4096,Normal,Late,0
4594,139.74,gas,Commercial,Los Angeles,93.1,peak,M-7300,Tampered,On-Time,1
4595,360.71,gas,Commercial,Los Angeles,236.94,off-peak,M-6170,Tampered,Late,1
4596,424.06,electricity,Residential,Seattle,268.05,peak,M-1140,Tampered,On-Time,1
4597,164.33,electricity,Residential,Dallas,371.93,peak,M-2757,Tampered,Late,1
4598,469.15,gas,Commercial,New York,202.45,off-peak,M-4530,Normal,On-Time,1
4599,259.04,gas,Residential,Los Angeles,313.03,peak,M-2754,Normal,On-Time,0
4600,381.09,gas,Commercial,New York,340.74,off-peak,M-5323,Normal,On-Time,0
4601,87.54,gas,Commercial,Houston,419.42,off-peak,M-8245,Tampered,Late,1
4602,377.46,gas,Commercial,Miami,86.82,peak,M-5522,Normal,Late,1
4603,44.07,gas,Commercial,Boston,478.65,peak,M-5080,Tampered,On-Time,1
4604,157.23,electricity,Residential,New York,344.84,peak,M-8613,Tampered,On-Time,1
4605,146.59,electricity,Residential,Houston,451.57,off-peak,M-7586,Tampered,On-Time,1
4606,54.11,electricity,Commercial,Dallas,305.61,off-peak,M-5918,Tampered,On-Time,1
4607,268.31,gas,Residential,Dallas,106.21,peak,M-1895,Tampered,On-Time,1
4608,403.26,electricity,Residential,New York,230.3,peak,M-6324,Tampered,On-Time,1
4609,170.67,electricity,Residential,Houston,349.25,off-peak,M-8589,Tampered,Late,1
4610,20.18,gas,Commercial,Los Angeles,94.81,peak,M-6278,Tampered,Late,1
4611,162.44,electricity,Residential,New York,265.29,off-peak,M-6747,Tampered,On-Time,1
4612,19.8,electricity,Commercial,Los Angeles,498.11,off-peak,M-5757,Normal,On-Time,0
4613,52.48,electricity,Residential,New York,157.38,peak,M-3907,Tampered,On-Time,1
4614,96.45,gas,Residential,Houston,419.72,off-peak,M-4706,Normal,On-Time,0
4615,266.74,electricity,Commercial,New York,341.01,peak,M-2654,Normal,On-Time,0
4616,173.78,gas,Commercial,Miami,498.07,peak,M-1229,Tampered,On-Time,1
4617,325.84,gas,Commercial,Houston,237.54,off-peak,M-9987,Normal,Late,0
4618,210.27,gas,Residential,Houston,335.53,peak,M-2291,Tampered,On-Time,1
4619,102.19,electricity,Residential,New York,279.08,peak,M-5312,Normal,On-Time,0
4620,198.49,electricity,Residential,Boston,241.84,off-peak,M-5682,Tampered,On-Time,1
4621,16.73,electricity,Residential,Miami,367.26,peak,M-5431,Normal,On-Time,0
4622,390.38,electricity,Residential,Houston,213.95,peak,M-8061,Tampered,On-Time,1
4623,48.49,gas,Commercial,New York,163.83,off-peak,M-8334,Normal,On-Time,0
4624,211.9,gas,Residential,Dallas,221.62,peak,M-5291,Normal,Late,0
4625,493.64,gas,Commercial,Chicago,3.87,off-peak,M-7559,Normal,On-Time,1
4626,413.93,electricity,Residential,New York,485.78,peak,M-7291,Tampered,On-Time,1
4627,271.75,gas,Commercial,Los Angeles,11.9,peak,M-1220,Normal,On-Time,1
4628,328.92,gas,Commercial,New York,287.09,peak,M-7293,Tampered,On-Time,1
4629,378.23,gas,Residential,Seattle,223.17,off-peak,M-7687,Tampered,On-Time,1
4630,418.73,gas,Residential,New York,55.82,off-peak,M-9956,Tampered,Late,1
4631,381.17,gas,Commercial,Seattle,286.23,peak,M-1957,Tampered,On-Time,1
4632,385.74,electricity,Residential,Boston,195.34,off-peak,M-1974,Normal,Late,0
4633,144.68,gas,Residential,New York,407.3,off-peak,M-4599,Tampered,Late,1
4634,88.13,electricity,Residential,New York,288.39,off-peak,M-9368,Tampered,On-Time,1
4635,12.37,electricity,Residential,New York,14.86,off-peak,M-5515,Tampered,Late,1
4636,369.84,gas,Residential,Miami,351.14,peak,M-3987,Tampered,On-Time,1
4637,493.84,electricity,Residential,Houston,295.22,peak,M-3250,Tampered,Late,1
4638,489.54,electricity,Commercial,Houston,294.22,peak,M-8268,Normal,Late,0
4639,36.27,electricity,Commercial,Dallas,301.75,off-peak,M-8207,Tampered,On-Time,1
4640,415.53,gas,Commercial,Los Angeles,178.58,peak,M-1495,Tampered,On-Time,1
4641,284.45,electricity,Commercial,Seattle,390.72,off-peak,M-1344,Tampered,Late,1
4642,351.13,electricity,Residential,Boston,223.79,off-peak,M-3393,Tampered,On-Time,1
4643,152.88,electricity,Residential,Los Angeles,224.77,off-peak,M-4424,Normal,On-Time,0
4644,114.53,electricity,Commercial,Miami,320.16,peak,M-4597,Normal,Late,0
4645,156.91,electricity,Commercial,Houston,266.32,peak,M-1649,Normal,Late,0
4646,412.64,electricity,Commercial,Dallas,496.56,peak,M-1268,Tampered,On-Time,1
4647,272.22,gas,Residential,Houston,328.53,off-peak,M-1054,Tampered,On-Time,1
4648,30.87,gas,Commercial,Houston,154.83,peak,M-8566,Normal,Late,0
4649,272.69,gas,Commercial,Chicago,337.17,off-peak,M-4489,Normal,On-Time,0
4650,294.52,gas,Residential,Boston,415.62,peak,M-9569,Tampered,On-Time,1
4651,20.39,electricity,Residential,Miami,396.98,peak,M-9730,Tampered,Late,1
4652,491.91,gas,Residential,Miami,66.46,peak,M-1147,Normal,Late,1
4653,376.62,electricity,Residential,Seattle,94.62,off-peak,M-3802,Tampered,Late,1
4654,461.96,electricity,Residential,Houston,67.37,off-peak,M-5563,Normal,Late,1
4655,327.27,electricity,Commercial,Houston,432.45,peak,M-4377,Normal,On-Time,0
4656,337.93,gas,Residential,New York,459.46,off-peak,M-6080,Tampered,On-Time,1
4657,390.15,gas,Commercial,Los Angeles,9.95,off-peak,M-9022,Tampered,Late,1
4658,214.56,electricity,Residential,New York,51,off-peak,M-6207,Normal,Late,1
4659,471.06,electricity,Residential,Miami,205.22,off-peak,M-6646,Normal,Late,1
4660,13.92,gas,Residential,New York,458.69,off-peak,M-1224,Normal,Late,0
4661,155.31,electricity,Residential,New York,90.78,off-peak,M-7882,Tampered,Late,1
4662,486.9,gas,Residential,Miami,139.04,off-peak,M-4630,Tampered,On-Time,1
4663,492.7,electricity,Residential,Chicago,376.4,peak,M-2933,Tampered,On-Time,1
4664,211.94,gas,Commercial,Miami,276.89,peak,M-4566,Normal,Late,0
4665,372.69,gas,Residential,New York,315.93,off-peak,M-1521,Tampered,Late,1
4666,338.48,gas,Commercial,Houston,37.41,peak,M-1600,Tampered,Late,1
4667,415.25,electricity,Residential,Los Angeles,496.36,off-peak,M-5614,Tampered,On-Time,1
4668,358.07,gas,Commercial,Los Angeles,194.2,peak,M-6622,Normal,On-Time,0
4669,122.1,gas,Commercial,Chicago,244.79,off-peak,M-3677,Tampered,On-Time,1
4670,38.87,gas,Commercial,Dallas,240.29,off-peak,M-7169,Normal,Late,0
4671,74.17,electricity,Commercial,Miami,186.53,peak,M-7729,Normal,On-Time,0
4672,127.14,electricity,Commercial,Houston,280.58,off-peak,M-6924,Normal,On-Time,0
4673,418.21,electricity,Residential,Houston,22.94,peak,M-8635,Tampered,On-Time,1
4674,449.98,gas,Residential,Dallas,31.98,off-peak,M-7469,Normal,On-Time,1
4675,284.99,electricity,Commercial,New York,169.3,peak,M-2059,Tampered,Late,1
4676,139.05,electricity,Residential,Los Angeles,383.28,peak,M-2103,Tampered,On-Time,1
4677,223.28,gas,Residential,Los Angeles,355.16,peak,M-9832,Normal,Late,0
4678,158.54,electricity,Residential,Chicago,410.21,off-peak,M-9346,Tampered,Late,1
4679,190.81,gas,Residential,Houston,290.15,peak,M-1255,Normal,On-Time,0
4680,91.99,gas,Residential,Miami,174.01,off-peak,M-9298,Tampered,On-Time,1
4681,290.92,gas,Residential,New York,42.93,off-peak,M-7509,Tampered,On-Time,1
4682,321.13,gas,Commercial,Boston,433.29,off-peak,M-9639,Tampered,On-Time,1
4683,58.05,gas,Residential,Boston,49.78,off-peak,M-5800,Tampered,Late,1
4684,373.59,electricity,Commercial,Chicago,254.4,peak,M-2797,Tampered,On-Time,1
4685,207.78,gas,Residential,Dallas,328.54,peak,M-9347,Normal,Late,0
4686,481.29,gas,Commercial,Seattle,142.89,peak,M-8420,Normal,On-Time,1
4687,448.34,electricity,Commercial,Dallas,19.86,peak,M-3840,Normal,On-Time,1
4688,407.78,electricity,Commercial,Miami,379.59,off-peak,M-5070,Tampered,On-Time,1
4689,396.36,electricity,Residential,Seattle,129.52,off-peak,M-4471,Normal,On-Time,1
4690,326.66,electricity,Residential,Seattle,429.28,peak,M-5993,Tampered,Late,1
4691,218.54,electricity,Residential,New York,267.98,off-peak,M-4163,Normal,On-Time,0
4692,177.73,electricity,Residential,Los Angeles,305.44,off-peak,M-9341,Tampered,On-Time,1
4693,224.47,gas,Residential,Dallas,218.16,peak,M-4290,Normal,Late,0
4694,370.93,electricity,Residential,New York,122.49,peak,M-1644,Tampered,Late,1
4695,84.33,electricity,Commercial,Chicago,338.79,off-peak,M-8845,Tampered,On-Time,1
4696,183.7,gas,Commercial,Boston,386.84,peak,M-1523,Tampered,Late,1
4697,44.35,gas,Residential,Miami,222.83,off-peak,M-4045,Tampered,On-Time,1
4698,306.69,gas,Commercial,Seattle,91.84,peak,M-3319,Tampered,On-Time,1
4699,120.47,gas,Residential,Boston,437.45,off-peak,M-7411,Tampered,Late,1
4700,110.05,electricity,Commercial,New York,394.41,off-peak,M-6347,Normal,Late,0
4701,464.32,electricity,Residential,Seattle,460.56,peak,M-3757,Tampered,Late,1
4702,174.49,gas,Residential,Dallas,260.97,peak,M-7651,Normal,Late,0
4703,23.49,electricity,Commercial,Los Angeles,273.55,peak,M-3697,Normal,On-Time,0
4704,318.46,electricity,Residential,Dallas,268.03,off-peak,M-2043,Normal,Late,0
4705,279.33,gas,Commercial,Houston,35.35,peak,M-9917,Normal,Late,1
4706,60.55,electricity,Commercial,Houston,382.57,off-peak,M-9409,Normal,Late,0
4707,194.45,electricity,Residential,Boston,188.02,off-peak,M-1453,Normal,Late,0
4708,14.1,electricity,Commercial,Dallas,355.67,peak,M-8972,Tampered,On-Time,1
4709,141.91,gas,Residential,New York,173.09,peak,M-4759,Tampered,Late,1
4710,121.18,electricity,Residential,Dallas,110.63,off-peak,M-2813,Tampered,On-Time,1
4711,255.9,electricity,Residential,Houston,158.35,off-peak,M-9392,Normal,Late,0
4712,197.98,gas,Commercial,Los Angeles,370.28,off-peak,M-3308,Normal,Late,0
4713,238.22,gas,Residential,Boston,98.83,peak,M-9881,Tampered,On-Time,1
4714,172.57,electricity,Residential,Houston,80.48,off-peak,M-3913,Normal,Late,1
4715,279.23,gas,Residential,Seattle,104.19,peak,M-9414,Normal,On-Time,1
4716,422.01,gas,Residential,Boston,281.25,peak,M-6350,Normal,On-Time,0
4717,101.55,electricity,Residential,Los Angeles,124.24,peak,M-5524,Normal,Late,0
4718,264.04,electricity,Commercial,Miami,232.1,peak,M-3914,Tampered,On-Time,1
4719,352.53,electricity,Commercial,Chicago,298.58,off-peak,M-7872,Tampered,Late,1
4720,312.01,gas,Residential,Chicago,395.96,peak,M-7614,Normal,On-Time,0
4721,127.81,gas,Commercial,Dallas,161.14,peak,M-4220,Normal,Late,0
4722,154.17,electricity,Residential,Miami,124.58,off-peak,M-3702,Tampered,Late,1
4723,75.75,gas,Commercial,Seattle,361.93,off-peak,M-2921,Tampered,Late,1
4724,323.53,electricity,Residential,Seattle,455.26,peak,M-5222,Tampered,On-Time,1
4725,363.96,electricity,Residential,New York,346.42,peak,M-5721,Tampered,On-Time,1
4726,491.67,gas,Commercial,Chicago,252.98,off-peak,M-9928,Tampered,On-Time,1
4727,385.5,electricity,Commercial,Dallas,315.03,off-peak,M-4220,Tampered,Late,1
4728,462.57,electricity,Residential,Los Angeles,358.66,off-peak,M-9804,Normal,On-Time,0
4729,476.41,electricity,Residential,Boston,419.85,off-peak,M-3823,Tampered,On-Time,1
4730,274.74,electricity,Commercial,Miami,146.4,off-peak,M-4396,Tampered,On-Time,1
4731,382.22,gas,Commercial,Chicago,80.8,off-peak,M-6449,Normal,Late,1
4732,128.1,electricity,Commercial,Miami,360.98,off-peak,M-4458,Tampered,Late,1
4733,326.13,gas,Residential,Dallas,455.35,off-peak,M-8604,Normal,On-Time,0
4734,336.09,gas,Residential,New York,321.61,peak,M-1833,Normal,Late,0
4735,10.07,electricity,Residential,New York,430.19,off-peak,M-3475,Tampered,On-Time,1
4736,163.27,electricity,Commercial,Chicago,345.74,off-peak,M-5585,Tampered,Late,1
4737,25.06,electricity,Commercial,New York,285.43,peak,M-2409,Normal,On-Time,0
4738,247.13,gas,Residential,Dallas,350.82,off-peak,M-7064,Normal,Late,0
4739,384.57,gas,Commercial,Los Angeles,430.06,off-peak,M-7500,Tampered,On-Time,1
4740,97.81,electricity,Residential,Houston,285.93,off-peak,M-2691,Tampered,On-Time,1
4741,29.91,electricity,Commercial,Los Angeles,398.79,off-peak,M-9224,Normal,Late,0
4742,296.18,gas,Residential,Miami,479.11,off-peak,M-3792,Tampered,On-Time,1
4743,391.68,gas,Residential,Los Angeles,359.73,peak,M-2140,Normal,Late,0
4744,371.68,electricity,Commercial,Boston,395.25,off-peak,M-2068,Normal,On-Time,0
4745,34.84,gas,Commercial,New York,444.5,peak,M-4842,Normal,Late,0
4746,326.84,electricity,Commercial,Los Angeles,387.45,peak,M-4526,Normal,Late,0
4747,497.29,electricity,Commercial,New York,260.62,off-peak,M-5526,Normal,On-Time,0
4748,497.54,electricity,Residential,Houston,72.16,off-peak,M-3221,Tampered,Late,1
4749,208.86,gas,Commercial,New York,53.94,peak,M-3102,Tampered,Late,1
4750,174,electricity,Residential,Miami,238.19,peak,M-5471,Normal,On-Time,0
4751,457.78,gas,Residential,Seattle,332.19,off-peak,M-3743,Tampered,Late,1
4752,184.31,electricity,Residential,New York,187.48,peak,M-8806,Normal,On-Time,0
4753,194.93,electricity,Residential,New York,308.85,off-peak,M-8328,Normal,On-Time,0
4754,68.46,gas,Commercial,Houston,195.52,off-peak,M-6385,Tampered,On-Time,1
4755,452.56,gas,Residential,Seattle,16.06,off-peak,M-4524,Tampered,Late,1
4756,62.66,gas,Commercial,Dallas,204.95,off-peak,M-9568,Normal,Late,0
4757,345.59,electricity,Residential,Seattle,427.17,off-peak,M-8802,Tampered,Late,1
4758,338.23,electricity,Residential,Boston,88.68,peak,M-6454,Normal,Late,1
4759,77.42,gas,Residential,Boston,295,peak,M-5031,Normal,Late,0
4760,232.2,electricity,Residential,Houston,390.3,peak,M-9229,Tampered,On-Time,1
4761,43.71,electricity,Commercial,New York,419.87,off-peak,M-3856,Normal,Late,0
4762,294.21,electricity,Commercial,Houston,49.13,peak,M-1762,Tampered,On-Time,1
4763,268.31,electricity,Residential,Miami,66.21,peak,M-5198,Tampered,Late,1
4764,353.49,electricity,Residential,Seattle,476.72,off-peak,M-3244,Tampered,On-Time,1
4765,381.3,gas,Commercial,Miami,229.75,peak,M-8442,Tampered,On-Time,1
4766,344.94,gas,Residential,Miami,178.57,peak,M-4527,Normal,On-Time,0
4767,160.47,gas,Commercial,Los Angeles,117.61,peak,M-8962,Normal,Late,0
4768,340.01,electricity,Commercial,Chicago,461.8,peak,M-5238,Tampered,On-Time,1
4769,51.1,gas,Residential,Houston,497.26,off-peak,M-6263,Tampered,Late,1
4770,354.94,electricity,Residential,Miami,254.5,off-peak,M-2209,Tampered,Late,1
4771,403.41,electricity,Commercial,Dallas,109.76,off-peak,M-6812,Tampered,Late,1
4772,15.62,gas,Commercial,Miami,38,peak,M-7070,Tampered,Late,1
4773,469.88,gas,Residential,Miami,372.55,peak,M-7136,Normal,On-Time,0
4774,364.38,gas,Commercial,Chicago,295.68,peak,M-6086,Tampered,Late,1
4775,324.46,gas,Residential,Boston,222.26,off-peak,M-4273,Tampered,On-Time,1
4776,333.86,gas,Commercial,Los Angeles,410.15,off-peak,M-2183,Tampered,On-Time,1
4777,164.3,electricity,Residential,Chicago,72.49,peak,M-3458,Tampered,On-Time,1
4778,472.15,electricity,Commercial,New York,99.48,peak,M-4348,Tampered,On-Time,1
4779,268.63,gas,Residential,Dallas,302.58,peak,M-3999,Tampered,On-Time,1
4780,102.78,electricity,Commercial,Boston,360.6,peak,M-8541,Normal,Late,0
4781,73.67,electricity,Commercial,New York,406.49,off-peak,M-2766,Tampered,Late,1
4782,254.51,electricity,Commercial,Seattle,397.72,peak,M-4133,Normal,Late,0
4783,176.48,electricity,Commercial,Houston,183.41,off-peak,M-4634,Tampered,On-Time,1
4784,344.1,electricity,Residential,Dallas,401.39,peak,M-9222,Tampered,Late,1
4785,334.25,gas,Residential,Boston,365.69,peak,M-9628,Tampered,Late,1
4786,455.9,gas,Commercial,Dallas,265.68,off-peak,M-5042,Tampered,On-Time,1
4787,332.34,gas,Commercial,New York,151.42,peak,M-2928,Tampered,On-Time,1
4788,244.64,gas,Residential,Boston,137.31,off-peak,M-5699,Tampered,Late,1
4789,415.66,electricity,Residential,Seattle,189.57,off-peak,M-6292,Normal,On-Time,1
4790,134.18,gas,Commercial,Seattle,335.09,peak,M-8090,Tampered,On-Time,1
4791,392.77,gas,Residential,Los Angeles,29.64,peak,M-2519,Normal,Late,1
4792,147.46,electricity,Commercial,Seattle,84.51,off-peak,M-3510,Normal,Late,0
4793,12.76,electricity,Commercial,Houston,32.43,peak,M-6694,Tampered,Late,1
4794,293.1,gas,Residential,New York,291.12,off-peak,M-8099,Normal,On-Time,0
4795,22.14,gas,Residential,Boston,43.65,off-peak,M-5594,Normal,Late,0
4796,215.67,electricity,Residential,Seattle,241.55,peak,M-7378,Tampered,On-Time,1
4797,14.35,gas,Commercial,Los Angeles,235.77,peak,M-3444,Tampered,Late,1
4798,345.53,gas,Commercial,New York,452.97,peak,M-2441,Normal,On-Time,0
4799,178.93,electricity,Residential,Miami,441.75,off-peak,M-4478,Normal,Late,0
4800,356.54,electricity,Residential,Los Angeles,271.64,peak,M-4482,Normal,On-Time,0
4801,388.62,gas,Commercial,Boston,155.15,peak,M-3112,Normal,On-Time,1
4802,144.42,gas,Residential,Seattle,199.94,peak,M-9218,Normal,On-Time,0
4803,83.19,gas,Residential,Dallas,176.19,peak,M-5151,Tampered,Late,1
4804,302.51,gas,Residential,Los Angeles,203.3,peak,M-9937,Tampered,Late,1
4805,486.35,gas,Commercial,New York,315.65,off-peak,M-2717,Normal,On-Time,0
4806,26.68,electricity,Commercial,Miami,292.22,peak,M-5164,Tampered,On-Time,1
4807,489.68,electricity,Commercial,Dallas,46.22,peak,M-9993,Tampered,Late,1
4808,493.57,gas,Commercial,Miami,232.39,peak,M-7035,Normal,On-Time,1
4809,139.92,gas,Residential,Boston,74.75,off-peak,M-5952,Tampered,Late,1
4810,358.98,gas,Residential,Los Angeles,485.59,off-peak,M-2430,Normal,Late,0
4811,241.99,electricity,Commercial,Seattle,183.51,off-peak,M-1134,Tampered,Late,1
4812,165.85,electricity,Commercial,New York,209.76,peak,M-4885,Tampered,On-Time,1
4813,59.51,electricity,Commercial,Houston,134.93,peak,M-2291,Normal,On-Time,0
4814,157.83,gas,Commercial,Boston,366.05,off-peak,M-4483,Normal,On-Time,0
4815,99.63,gas,Residential,Chicago,73.05,off-peak,M-3338,Normal,Late,0
4816,353.48,electricity,Residential,Houston,435.36,off-peak,M-1459,Tampered,Late,1
4817,71.43,gas,Commercial,Chicago,312.58,off-peak,M-3196,Tampered,On-Time,1
4818,278.07,gas,Commercial,Dallas,37.1,peak,M-8726,Normal,Late,1
4819,133.24,electricity,Commercial,Dallas,392.93,peak,M-2113,Normal,Late,0
4820,223.52,gas,Residential,Chicago,257.3,off-peak,M-5071,Normal,Late,0
4821,288.82,gas,Commercial,Boston,460.29,peak,M-7708,Tampered,Late,1
4822,210.31,gas,Residential,New York,449.92,off-peak,M-2763,Normal,Late,0
4823,24.85,gas,Commercial,Dallas,374.32,off-peak,M-1115,Tampered,Late,1
4824,75.65,electricity,Commercial,Chicago,193.02,off-peak,M-5153,Normal,On-Time,0
4825,306.24,gas,Residential,Dallas,51.92,off-peak,M-7110,Normal,Late,1
4826,474.77,gas,Residential,New York,315.7,off-peak,M-5226,Normal,Late,0
4827,246.49,electricity,Residential,Seattle,73.61,off-peak,M-9308,Normal,On-Time,1
4828,80.47,gas,Commercial,Dallas,252.1,off-peak,M-1625,Tampered,On-Time,1
4829,101.78,electricity,Commercial,Chicago,272.11,off-peak,M-5781,Normal,On-Time,0
4830,44.12,gas,Commercial,Dallas,157.96,off-peak,M-6427,Normal,Late,0
4831,428.77,electricity,Residential,New York,166.68,off-peak,M-7719,Normal,Late,1
4832,224.38,electricity,Commercial,Dallas,86.19,off-peak,M-4220,Tampered,On-Time,1
4833,295.24,electricity,Residential,Chicago,0.53,peak,M-7973,Tampered,On-Time,1
4834,173.77,electricity,Commercial,Los Angeles,467.93,peak,M-6835,Tampered,Late,1
4835,24.75,gas,Residential,Boston,269.15,off-peak,M-1265,Normal,On-Time,0
4836,168.58,electricity,Commercial,Seattle,374.45,peak,M-8086,Normal,On-Time,0
4837,260.95,electricity,Residential,Miami,424.17,off-peak,M-5102,Normal,On-Time,0
4838,384.55,electricity,Residential,Dallas,63.31,peak,M-1687,Tampered,On-Time,1
4839,460.2,electricity,Commercial,New York,492.97,peak,M-2930,Normal,Late,0
4840,200.13,gas,Residential,Boston,17.82,off-peak,M-8308,Tampered,On-Time,1
4841,245.14,gas,Commercial,Miami,80.98,off-peak,M-6651,Tampered,On-Time,1
4842,192.88,gas,Residential,Miami,30.97,off-peak,M-2594,Tampered,On-Time,1
4843,200.29,electricity,Residential,Dallas,447.06,peak,M-5954,Normal,On-Time,0
4844,232.45,electricity,Commercial,Los Angeles,435.4,peak,M-2904,Normal,Late,0
4845,236.88,electricity,Commercial,Los Angeles,407.48,peak,M-6325,Normal,On-Time,0
4846,290.88,gas,Commercial,Seattle,298,off-peak,M-4112,Normal,On-Time,0
4847,58.4,gas,Residential,Seattle,438.97,peak,M-1265,Normal,Late,0
4848,401.31,electricity,Commercial,Los Angeles,173.85,off-peak,M-8889,Tampered,On-Time,1
4849,368.93,gas,Residential,Miami,341.7,peak,M-5971,Normal,Late,0
4850,273.18,gas,Residential,Seattle,116.38,peak,M-7083,Normal,Late,1
4851,329.43,gas,Residential,Houston,98.67,off-peak,M-2994,Tampered,Late,1
4852,400.9,gas,Commercial,Seattle,416.2,peak,M-1829,Tampered,On-Time,1
4853,359.82,electricity,Commercial,Los Angeles,249.78,peak,M-8438,Tampered,Late,1
4854,131.33,electricity,Commercial,Los Angeles,178.06,peak,M-9651,Tampered,Late,1
4855,91.77,gas,Residential,Dallas,147.94,peak,M-4345,Tampered,On-Time,1
4856,187.58,electricity,Residential,Boston,414.13,peak,M-2725,Normal,On-Time,0
4857,66.89,gas,Commercial,Boston,444.88,off-peak,M-7853,Normal,On-Time,0
4858,226.83,gas,Residential,Los Angeles,360,peak,M-8777,Tampered,Late,1
4859,467.11,electricity,Commercial,Los Angeles,105.12,peak,M-8378,Normal,Late,1
4860,410.43,electricity,Residential,Miami,403.28,peak,M-5244,Normal,Late,0
4861,80.55,electricity,Commercial,Chicago,299.38,off-peak,M-8701,Tampered,Late,1
4862,197.69,electricity,Residential,Los Angeles,32.42,off-peak,M-9478,Tampered,On-Time,1
4863,414.69,electricity,Residential,Chicago,443.7,off-peak,M-4885,Tampered,On-Time,1
4864,132.34,electricity,Residential,Chicago,272.51,peak,M-9654,Normal,On-Time,0
4865,52.09,electricity,Residential,Los Angeles,1.91,peak,M-1879,Tampered,On-Time,1
4866,387.27,gas,Commercial,Los Angeles,53.35,peak,M-4218,Tampered,On-Time,1
4867,115.47,gas,Commercial,Los Angeles,144.35,off-peak,M-4232,Normal,Late,0
4868,280.88,electricity,Commercial,Dallas,33.71,off-peak,M-5389,Normal,Late,1
4869,169.5,gas,Residential,New York,452.19,off-peak,M-8946,Normal,On-Time,0
4870,470.85,gas,Residential,Los Angeles,332.62,off-peak,M-4448,Normal,Late,0
4871,38.45,electricity,Commercial,Houston,452.83,peak,M-4870,Normal,Late,0
4872,269.14,electricity,Residential,Houston,412.51,peak,M-5022,Tampered,On-Time,1
4873,340.73,electricity,Residential,Los Angeles,5.68,peak,M-7933,Normal,Late,1
4874,281.18,gas,Residential,Seattle,124.4,off-peak,M-5275,Tampered,Late,1
4875,279.62,electricity,Residential,Chicago,69.82,peak,M-8333,Tampered,On-Time,1
4876,329.36,gas,Commercial,Boston,214.4,peak,M-8067,Tampered,Late,1
4877,461.87,electricity,Commercial,Los Angeles,21.41,off-peak,M-5130,Normal,Late,1
4878,461.7,gas,Residential,Houston,442.12,peak,M-9316,Normal,Late,0
4879,442.98,gas,Commercial,Miami,269.59,off-peak,M-8124,Normal,On-Time,0
4880,85.22,gas,Residential,Los Angeles,207.01,off-peak,M-4349,Tampered,Late,1
4881,194.33,electricity,Residential,New York,247.07,peak,M-7159,Tampered,Late,1
4882,319.42,gas,Commercial,Dallas,281.35,off-peak,M-3254,Normal,On-Time,0
4883,485.85,gas,Commercial,Los Angeles,455.53,off-peak,M-2807,Tampered,On-Time,1
4884,479.58,gas,Residential,Seattle,321.73,peak,M-2493,Tampered,On-Time,1
4885,235.7,electricity,Residential,Boston,243.67,off-peak,M-9905,Normal,On-Time,0
4886,189.98,gas,Commercial,Seattle,432.5,off-peak,M-8239,Normal,Late,0
4887,12.25,gas,Commercial,Seattle,440.56,peak,M-6394,Tampered,Late,1
4888,450.54,electricity,Commercial,Seattle,397.31,peak,M-3091,Tampered,On-Time,1
4889,489.16,electricity,Commercial,Chicago,40.55,off-peak,M-5239,Normal,Late,1
4890,259.02,electricity,Residential,New York,482.42,off-peak,M-4891,Normal,Late,0
4891,439,electricity,Residential,New York,33.66,peak,M-9668,Normal,Late,1
4892,434.81,electricity,Commercial,New York,404.42,peak,M-2100,Tampered,Late,1
4893,119.2,gas,Commercial,Seattle,354.75,peak,M-2501,Tampered,Late,1
4894,150.88,gas,Commercial,Houston,137.18,off-peak,M-6641,Normal,Late,0
4895,222.42,gas,Residential,Boston,49.22,off-peak,M-3173,Normal,Late,1
4896,430.39,gas,Commercial,New York,480.48,off-peak,M-5708,Normal,On-Time,0
4897,347.03,gas,Commercial,Seattle,118.89,off-peak,M-3637,Normal,Late,1
4898,358.19,gas,Residential,Los Angeles,347.4,off-peak,M-8849,Normal,Late,0
4899,297.66,electricity,Residential,Los Angeles,362.49,peak,M-7744,Tampered,On-Time,1
4900,344.75,electricity,Commercial,Seattle,21.42,off-peak,M-9483,Normal,Late,1
4901,208.5,electricity,Commercial,Miami,373.12,peak,M-2035,Normal,Late,0
4902,380.93,gas,Commercial,Miami,342.54,peak,M-5085,Tampered,On-Time,1
4903,58.48,electricity,Commercial,Boston,382.37,off-peak,M-8149,Tampered,Late,1
4904,140.44,electricity,Residential,Seattle,149.55,peak,M-9099,Normal,On-Time,0
4905,9.24,gas,Residential,Los Angeles,310.66,peak,M-4713,Normal,On-Time,0
4906,157.15,gas,Residential,Houston,157.86,peak,M-5261,Tampered,On-Time,1
4907,280.07,electricity,Residential,Seattle,263.7,peak,M-2841,Tampered,On-Time,1
4908,206.75,gas,Residential,New York,66.12,off-peak,M-6777,Tampered,Late,1
4909,330.33,electricity,Residential,Houston,138.65,peak,M-6349,Normal,Late,1
4910,24.3,electricity,Residential,Boston,95.7,peak,M-1240,Normal,On-Time,0
4911,334.21,gas,Commercial,Dallas,261.94,off-peak,M-2848,Tampered,On-Time,1
4912,186.58,gas,Commercial,Chicago,384.15,peak,M-4967,Tampered,Late,1
4913,322.49,electricity,Commercial,Boston,403.15,off-peak,M-7464,Tampered,On-Time,1
4914,206.94,electricity,Residential,Seattle,90.5,off-peak,M-5314,Tampered,On-Time,1
4915,173.23,electricity,Commercial,New York,181.03,off-peak,M-9830,Normal,On-Time,0
4916,364.12,gas,Commercial,Miami,111.36,off-peak,M-9852,Normal,Late,1
4917,356.72,gas,Commercial,Miami,107.79,peak,M-2207,Normal,Late,1
4918,165.32,electricity,Commercial,Chicago,296.43,peak,M-1665,Normal,On-Time,0
4919,82.69,electricity,Commercial,Los Angeles,447.93,off-peak,M-8951,Normal,Late,0
4920,495.65,electricity,Residential,Houston,341.21,peak,M-4258,Tampered,On-Time,1
4921,487.37,electricity,Residential,Chicago,315.47,off-peak,M-2876,Normal,Late,0
4922,209,gas,Commercial,Los Angeles,226.03,peak,M-6034,Tampered,Late,1
4923,281.61,electricity,Commercial,Los Angeles,332.22,off-peak,M-9667,Normal,Late,0
4924,255.66,gas,Commercial,Boston,420.27,off-peak,M-8596,Tampered,On-Time,1
4925,216.26,electricity,Commercial,Dallas,61.79,off-peak,M-8075,Normal,Late,1
4926,91.18,gas,Commercial,Dallas,172.58,peak,M-6638,Tampered,On-Time,1
4927,364.1,gas,Commercial,Chicago,319.83,peak,M-2923,Normal,Late,0
4928,228.34,gas,Residential,Boston,460.87,off-peak,M-5648,Tampered,On-Time,1
4929,314.99,electricity,Commercial,Chicago,120,peak,M-5956,Tampered,Late,1
4930,216.49,gas,Commercial,New York,395.34,peak,M-4707,Tampered,On-Time,1
4931,43.01,gas,Commercial,Dallas,236.22,peak,M-4849,Tampered,On-Time,1
4932,394.59,electricity,Commercial,New York,21.47,peak,M-7550,Normal,Late,1
4933,294.38,gas,Commercial,Boston,171.17,off-peak,M-7912,Tampered,Late,1
4934,265.49,gas,Residential,New York,279.09,off-peak,M-4719,Normal,Late,0
4935,410.71,electricity,Residential,New York,50.3,peak,M-5693,Tampered,On-Time,1
4936,462.36,gas,Commercial,Houston,68.62,peak,M-9058,Normal,On-Time,1
4937,295.34,gas,Commercial,New York,496.94,peak,M-4120,Tampered,Late,1
4938,325.96,electricity,Residential,Houston,445.84,off-peak,M-2977,Tampered,On-Time,1
4939,297.25,gas,Commercial,Seattle,264.91,off-peak,M-7371,Tampered,On-Time,1
4940,363.01,gas,Commercial,Chicago,30.2,off-peak,M-3764,Normal,Late,1
4941,330.25,gas,Residential,Miami,305.17,peak,M-2854,Normal,Late,0
4942,392.33,gas,Commercial,Boston,407.55,peak,M-6976,Tampered,On-Time,1
4943,48.61,electricity,Commercial,Los Angeles,60.04,off-peak,M-8400,Normal,On-Time,0
4944,319.42,gas,Residential,Boston,468.57,off-peak,M-9331,Normal,On-Time,0
4945,152.63,gas,Commercial,Seattle,244.44,peak,M-2328,Normal,On-Time,0
4946,463.64,gas,Commercial,New York,487.92,off-peak,M-9474,Tampered,On-Time,1
4947,43.47,electricity,Commercial,Seattle,356.35,peak,M-2360,Normal,On-Time,0
4948,308.18,electricity,Commercial,New York,325.09,off-peak,M-5365,Tampered,On-Time,1
4949,191.03,electricity,Commercial,New York,179.9,off-peak,M-9761,Normal,Late,0
4950,134.35,electricity,Commercial,Seattle,408.86,peak,M-7322,Tampered,Late,1
4951,171.79,gas,Residential,New York,262.85,peak,M-6756,Tampered,On-Time,1
4952,302.57,gas,Commercial,Los Angeles,42.9,off-peak,M-6973,Normal,Late,1
4953,72.45,electricity,Residential,Houston,345.98,off-peak,M-3250,Normal,Late,0
4954,396.58,electricity,Residential,Seattle,323.49,off-peak,M-4008,Normal,Late,0
4955,57.68,electricity,Residential,Chicago,46.35,peak,M-9097,Normal,On-Time,0
4956,144.84,gas,Commercial,Houston,259.31,peak,M-2668,Normal,Late,0
4957,31.95,gas,Residential,Seattle,486.04,off-peak,M-8680,Tampered,On-Time,1
4958,107.83,gas,Residential,Seattle,131.78,off-peak,M-9293,Normal,On-Time,0
4959,265.69,electricity,Residential,Boston,327.38,peak,M-3243,Normal,On-Time,0
4960,180.65,electricity,Commercial,New York,89.16,off-peak,M-4452,Normal,On-Time,1
4961,368.63,electricity,Commercial,Boston,48.56,off-peak,M-1893,Normal,Late,1
4962,446.51,electricity,Residential,Los Angeles,272.03,off-peak,M-6935,Normal,On-Time,0
4963,115.85,gas,Commercial,New York,230.32,peak,M-8773,Normal,Late,0
4964,126.96,gas,Commercial,Chicago,263.57,off-peak,M-1379,Normal,On-Time,0
4965,110.72,electricity,Residential,Chicago,96.51,peak,M-2944,Normal,Late,0
4966,126.55,electricity,Commercial,Dallas,334.69,off-peak,M-3609,Tampered,On-Time,1
4967,301.51,electricity,Residential,Dallas,300.55,off-peak,M-2196,Normal,Late,0
4968,262.2,electricity,Residential,Dallas,300.34,off-peak,M-8346,Normal,On-Time,0
4969,210.32,gas,Commercial,Houston,340.26,off-peak,M-3458,Normal,Late,0
4970,260.59,electricity,Residential,Chicago,10.24,off-peak,M-7039,Normal,Late,1
4971,195.31,gas,Commercial,Dallas,92.43,peak,M-6669,Normal,Late,1
4972,358.96,gas,Residential,Los Angeles,40.15,off-peak,M-2270,Normal,Late,1
4973,353.25,gas,Commercial,New York,65.37,off-peak,M-5008,Normal,Late,1
4974,319.93,electricity,Commercial,Boston,306.38,off-peak,M-6961,Tampered,Late,1
4975,317.28,gas,Residential,Boston,293,peak,M-3413,Tampered,Late,1
4976,440.85,gas,Residential,Chicago,229.02,off-peak,M-3329,Tampered,On-Time,1
4977,496.38,electricity,Commercial,Chicago,163.09,peak,M-5278,Tampered,On-Time,1
4978,45.04,electricity,Residential,New York,331.3,off-peak,M-8268,Tampered,On-Time,1
4979,353.63,gas,Commercial,Los Angeles,358.07,peak,M-6489,Tampered,Late,1
4980,457.46,electricity,Residential,Houston,225.26,off-peak,M-5401,Tampered,Late,1
4981,468.78,gas,Residential,Boston,182.46,off-peak,M-2931,Tampered,On-Time,1
4982,28.24,gas,Commercial,Boston,123.49,off-peak,M-9094,Normal,On-Time,0
4983,155.06,electricity,Commercial,Boston,139.59,peak,M-3481,Tampered,On-Time,1
4984,220.8,gas,Commercial,Miami,164.83,peak,M-3144,Normal,Late,0
4985,493.45,electricity,Commercial,Boston,57.8,peak,M-2833,Tampered,Late,1
4986,56.56,gas,Commercial,Chicago,59.61,off-peak,M-4287,Normal,Late,0
4987,227.38,gas,Commercial,Seattle,475.53,peak,M-3853,Tampered,Late,1
4988,50.85,gas,Commercial,New York,483.63,off-peak,M-7998,Normal,On-Time,0
4989,296.71,gas,Residential,Houston,465.67,off-peak,M-7650,Tampered,On-Time,1
4990,358.44,gas,Commercial,Seattle,125.86,off-peak,M-7612,Normal,On-Time,1
4991,454.02,electricity,Residential,Miami,349.02,peak,M-6654,Normal,Late,0
4992,369.06,electricity,Commercial,Seattle,299.48,peak,M-4762,Normal,On-Time,0
4993,172.56,electricity,Residential,Dallas,472.6,peak,M-9392,Tampered,Late,1
4994,413.6,gas,Commercial,Houston,256.81,peak,M-9577,Tampered,On-Time,1
4995,82.1,gas,Commercial,Los Angeles,360.55,off-peak,M-9849,Tampered,On-Time,1
4996,148.08,electricity,Commercial,Miami,458.53,peak,M-2255,Tampered,On-Time,1
4997,68.75,gas,Residential,Dallas,235.18,off-peak,M-4747,Normal,Late,0
4998,26.12,gas,Residential,Seattle,216.31,peak,M-7788,Normal,On-Time,0
4999,206.41,electricity,Residential,Dallas,269.47,off-peak,M-1668,Normal,Late,0
5000,236.28,electricity,Commercial,New York,286.34,off-peak,M-9242,Tampered,Late,1
5001,427.22,gas,Commercial,Los Angeles,70.43,peak,M-5841,Normal,Late,1
5002,14.5,electricity,Residential,Dallas,200.86,off-peak,M-8975,Normal,On-Time,0
5003,388.59,gas,Residential,Houston,304.23,peak,M-1452,Tampered,On-Time,1
5004,472.07,gas,Residential,Chicago,215.85,off-peak,M-5572,Tampered,On-Time,1
5005,78.09,gas,Residential,Los Angeles,105.06,peak,M-3176,Tampered,On-Time,1
5006,53.05,electricity,Residential,Los Angeles,97.81,peak,M-5846,Normal,On-Time,0
5007,380.77,electricity,Residential,Los Angeles,92.61,off-peak,M-2030,Normal,Late,1
5008,130.92,gas,Commercial,Los Angeles,200.77,off-peak,M-6551,Tampered,Late,1
5009,343.25,electricity,Residential,New York,116.63,off-peak,M-9378,Normal,On-Time,1
5010,188.71,gas,Commercial,Boston,390.95,off-peak,M-2043,Normal,On-Time,0
5011,185.5,electricity,Residential,New York,421.57,off-peak,M-2251,Normal,On-Time,0
5012,197.33,gas,Commercial,Miami,124.57,off-peak,M-5602,Normal,On-Time,0
5013,290.72,gas,Commercial,Los Angeles,86.72,peak,M-2403,Normal,Late,1
5014,408.73,electricity,Commercial,Seattle,381.34,peak,M-3445,Normal,Late,0
5015,470.73,electricity,Residential,Houston,460.44,peak,M-3388,Normal,On-Time,0
5016,481.7,electricity,Residential,Houston,88.43,peak,M-7118,Normal,On-Time,1
5017,335.68,gas,Residential,Houston,402.96,off-peak,M-2547,Tampered,On-Time,1
5018,283.45,electricity,Residential,Chicago,307.25,peak,M-9209,Normal,Late,0
5019,145.59,electricity,Commercial,Miami,484.98,off-peak,M-8070,Tampered,Late,1
5020,5.56,gas,Commercial,Los Angeles,362.64,peak,M-4373,Normal,Late,0
5021,0.14,gas,Residential,New York,495.17,off-peak,M-8736,Normal,On-Time,0
5022,384.65,electricity,Residential,Dallas,0.77,off-peak,M-9586,Tampered,Late,1
5023,261.84,gas,Residential,Houston,275.01,peak,M-1824,Normal,On-Time,0
5024,477.42,electricity,Commercial,Chicago,312.36,peak,M-2098,Tampered,Late,1
5025,20.19,gas,Commercial,Boston,37.36,off-peak,M-8977,Normal,Late,0
5026,121.22,gas,Commercial,Chicago,144.14,off-peak,M-3264,Normal,On-Time,0
5027,249.74,gas,Residential,Houston,145.93,off-peak,M-1251,Tampered,Late,1
5028,47.96,gas,Commercial,Chicago,417.95,off-peak,M-5977,Tampered,Late,1
5029,74.9,electricity,Residential,Houston,6.77,off-peak,M-2086,Tampered,On-Time,1
5030,294.52,electricity,Commercial,Miami,279.46,peak,M-6775,Tampered,On-Time,1
5031,447.31,electricity,Residential,Los Angeles,24.01,peak,M-2917,Tampered,On-Time,1
5032,374.23,gas,Commercial,New York,141.15,peak,M-7186,Normal,On-Time,1
5033,271.84,electricity,Commercial,Seattle,482.33,peak,M-3601,Normal,On-Time,0
5034,99.01,gas,Commercial,New York,84.46,off-peak,M-2561,Normal,Late,0
5035,464.62,electricity,Commercial,Seattle,151.21,peak,M-4563,Tampered,Late,1
5036,274.55,gas,Commercial,New York,482.79,peak,M-8229,Tampered,On-Time,1
5037,114.88,electricity,Commercial,Houston,302.06,off-peak,M-5445,Tampered,Late,1
5038,271.14,gas,Commercial,Los Angeles,383.16,peak,M-4383,Normal,On-Time,0
5039,290.09,gas,Residential,Seattle,449.25,off-peak,M-1561,Tampered,Late,1
5040,167.84,gas,Commercial,Seattle,101.36,off-peak,M-4661,Tampered,On-Time,1
5041,260.36,gas,Commercial,Seattle,216.9,peak,M-8377,Normal,Late,0
5042,64.91,gas,Commercial,Chicago,130.35,peak,M-6331,Tampered,On-Time,1
5043,166.94,electricity,Commercial,Miami,327.89,peak,M-1665,Tampered,On-Time,1
5044,74.55,gas,Commercial,Houston,347.31,peak,M-3139,Normal,Late,0
5045,238.56,gas,Commercial,Miami,282.26,off-peak,M-4816,Normal,Late,0
5046,467.27,electricity,Residential,Chicago,91.34,peak,M-3814,Tampered,On-Time,1
5047,147.74,electricity,Commercial,Seattle,135.8,off-peak,M-9737,Normal,On-Time,0
5048,142.21,electricity,Residential,Los Angeles,385,off-peak,M-8498,Normal,On-Time,0
5049,276.07,electricity,Commercial,Seattle,457.95,off-peak,M-1014,Normal,Late,0
5050,155.36,electricity,Commercial,Miami,266.65,peak,M-7752,Tampered,Late,1
5051,120.65,gas,Residential,New York,257.49,off-peak,M-3448,Tampered,Late,1
5052,177.73,electricity,Commercial,Seattle,391.05,off-peak,M-2313,Tampered,On-Time,1
5053,444.55,electricity,Commercial,Los Angeles,353.73,peak,M-5585,Normal,Late,0
5054,273.25,electricity,Residential,Houston,46.38,off-peak,M-9301,Normal,Late,1
5055,73.37,gas,Residential,Boston,36.34,peak,M-3114,Normal,Late,1
5056,415.27,electricity,Commercial,Boston,261.03,peak,M-3613,Tampered,On-Time,1
5057,75.84,gas,Residential,Dallas,233.69,peak,M-6886,Normal,On-Time,0
5058,305.99,gas,Commercial,Los Angeles,468.44,off-peak,M-8490,Tampered,Late,1
5059,466.3,gas,Residential,Chicago,390.37,off-peak,M-7172,Normal,On-Time,0
5060,462.48,electricity,Residential,Seattle,82.48,peak,M-9975,Tampered,Late,1
5061,291.76,gas,Residential,Los Angeles,100.5,peak,M-7037,Tampered,Late,1
5062,495.86,electricity,Commercial,Los Angeles,313.53,off-peak,M-2190,Tampered,Late,1
5063,457.57,gas,Commercial,Boston,268.82,peak,M-9285,Tampered,Late,1
5064,216.18,gas,Residential,Boston,283.24,off-peak,M-8834,Tampered,On-Time,1
5065,463.92,electricity,Commercial,Houston,261.34,off-peak,M-7354,Normal,On-Time,0
5066,86.24,electricity,Residential,Houston,108.38,peak,M-9190,Tampered,Late,1
5067,453.26,gas,Residential,Los Angeles,93.14,peak,M-7495,Normal,On-Time,1
5068,347.44,electricity,Commercial,Houston,208.59,peak,M-2458,Tampered,On-Time,1
5069,286.79,gas,Commercial,New York,274.13,peak,M-5728,Tampered,On-Time,1
5070,310.91,electricity,Residential,Dallas,320.63,off-peak,M-8935,Tampered,Late,1
5071,62.27,electricity,Residential,Chicago,76.63,peak,M-6630,Tampered,On-Time,1
5072,282.07,electricity,Commercial,Seattle,455.16,off-peak,M-1459,Normal,Late,0
5073,453.44,gas,Commercial,Los Angeles,240.38,peak,M-8443,Normal,On-Time,0
5074,174.17,electricity,Residential,New York,44.41,peak,M-1733,Tampered,Late,1
5075,47.82,gas,Residential,Miami,414.51,off-peak,M-3042,Tampered,On-Time,1
5076,204.19,gas,Residential,Dallas,118.41,off-peak,M-3867,Tampered,On-Time,1
5077,165.84,electricity,Commercial,Chicago,298.68,off-peak,M-9358,Tampered,On-Time,1
5078,490.84,gas,Residential,Houston,326.78,off-peak,M-1227,Tampered,Late,1
5079,435.42,electricity,Commercial,Seattle,384.17,off-peak,M-2504,Normal,Late,0
5080,372.12,gas,Residential,Miami,356.69,off-peak,M-5633,Normal,Late,0
5081,323.46,electricity,Residential,Los Angeles,52.1,peak,M-3422,Normal,On-Time,1
5082,293.88,gas,Commercial,Boston,466.16,off-peak,M-2847,Normal,On-Time,0
5083,220.38,electricity,Commercial,Seattle,433.25,peak,M-5030,Tampered,On-Time,1
5084,422.32,gas,Commercial,Boston,236.16,peak,M-1404,Normal,Late,0
5085,210.71,gas,Commercial,Los Angeles,392.98,off-peak,M-7176,Tampered,Late,1
5086,435.5,electricity,Commercial,Miami,211.5,off-peak,M-4460,Tampered,Late,1
5087,363.47,gas,Residential,Miami,27.44,off-peak,M-8344,Normal,Late,1
5088,324.57,gas,Residential,Miami,208.9,peak,M-5691,Normal,On-Time,0
5089,140.78,electricity,Residential,Miami,338.27,peak,M-8492,Tampered,On-Time,1
5090,171.89,electricity,Commercial,Dallas,32.05,off-peak,M-4563,Normal,On-Time,1
5091,71.29,gas,Residential,Miami,85.82,peak,M-2396,Normal,On-Time,0
5092,455.63,electricity,Commercial,Houston,275.43,off-peak,M-4018,Normal,Late,0
5093,180.15,electricity,Commercial,Houston,284.85,peak,M-8909,Normal,On-Time,0
5094,239.77,gas,Commercial,Miami,57.63,off-peak,M-9120,Tampered,On-Time,1
5095,193.07,gas,Commercial,Seattle,417.94,off-peak,M-7634,Normal,On-Time,0
5096,124.77,gas,Commercial,Dallas,396.69,off-peak,M-8936,Tampered,On-Time,1
5097,243.36,electricity,Residential,Houston,427.69,off-peak,M-1938,Tampered,Late,1
5098,80.85,electricity,Residential,Boston,284.47,peak,M-9319,Normal,On-Time,0
5099,454.33,gas,Residential,Seattle,288.55,peak,M-2929,Tampered,On-Time,1
5100,148.42,gas,Residential,Los Angeles,260.85,off-peak,M-4323,Normal,Late,0
5101,371.41,electricity,Residential,Los Angeles,299.23,peak,M-1383,Tampered,Late,1
5102,489.72,gas,Commercial,New York,368.5,off-peak,M-6645,Normal,On-Time,0
5103,234.91,electricity,Commercial,Chicago,486.77,off-peak,M-2681,Normal,Late,0
5104,397.66,electricity,Commercial,Boston,278.37,peak,M-7148,Tampered,Late,1
5105,262.39,electricity,Commercial,New York,274.3,off-peak,M-4081,Normal,On-Time,0
5106,61.23,electricity,Residential,Los Angeles,228.23,off-peak,M-6412,Normal,Late,0
5107,461.97,electricity,Residential,Houston,35.72,off-peak,M-4722,Normal,Late,1
5108,255.69,electricity,Commercial,Dallas,363.63,peak,M-7031,Normal,On-Time,0
5109,112.04,electricity,Commercial,Chicago,477.82,peak,M-9568,Normal,Late,0
5110,296.84,gas,Residential,Seattle,251,off-peak,M-2785,Tampered,Late,1
5111,304.86,electricity,Commercial,Los Angeles,287.59,peak,M-6552,Tampered,On-Time,1
5112,36.24,electricity,Commercial,Los Angeles,415.88,peak,M-3761,Normal,On-Time,0
5113,49.76,gas,Commercial,Seattle,326.19,off-peak,M-8638,Normal,On-Time,0
5114,3.45,gas,Residential,Chicago,261.59,off-peak,M-1768,Tampered,On-Time,1
5115,11.26,electricity,Commercial,Houston,106.12,off-peak,M-1177,Tampered,On-Time,1
5116,216.49,gas,Residential,Miami,105.54,off-peak,M-5962,Tampered,On-Time,1
5117,175.73,electricity,Commercial,Boston,268.02,peak,M-5612,Tampered,On-Time,1
5118,283.24,electricity,Commercial,Chicago,115.31,off-peak,M-9260,Tampered,Late,1
5119,373.01,electricity,Residential,Chicago,75.26,off-peak,M-8685,Normal,Late,1
5120,113.09,gas,Commercial,New York,323.66,peak,M-1774,Tampered,Late,1
5121,293.76,gas,Residential,Chicago,141.02,off-peak,M-1853,Normal,On-Time,1
5122,320.42,gas,Residential,Chicago,136.99,peak,M-2572,Tampered,On-Time,1
5123,227.62,gas,Residential,Dallas,363.13,peak,M-2658,Normal,Late,0
5124,59.42,gas,Commercial,Los Angeles,338.72,off-peak,M-4026,Tampered,Late,1
5125,49.52,gas,Commercial,Boston,53.98,peak,M-9692,Normal,Late,0
5126,82.97,electricity,Residential,Chicago,144.76,peak,M-9957,Tampered,Late,1
5127,225.34,gas,Commercial,Houston,461.33,peak,M-2259,Tampered,On-Time,1
5128,273.48,gas,Commercial,New York,434.16,peak,M-5132,Normal,On-Time,0
5129,217.88,electricity,Commercial,Houston,189.15,peak,M-6120,Tampered,Late,1
5130,478.91,electricity,Commercial,Chicago,60.76,off-peak,M-5613,Normal,On-Time,1
5131,225.43,electricity,Residential,Chicago,279.06,off-peak,M-8935,Tampered,Late,1
5132,373.76,gas,Residential,Boston,112.08,off-peak,M-7412,Normal,On-Time,1
5133,3.87,gas,Commercial,New York,294.63,peak,M-3559,Normal,On-Time,0
5134,298.45,gas,Residential,Dallas,203.58,peak,M-5019,Tampered,Late,1
5135,304.01,gas,Residential,Boston,409.76,off-peak,M-6562,Tampered,Late,1
5136,34.25,gas,Commercial,Miami,196.21,peak,M-5180,Normal,Late,0
5137,309.4,gas,Residential,Houston,314.13,peak,M-5752,Tampered,Late,1
5138,255.48,electricity,Commercial,Seattle,189.09,peak,M-8244,Normal,On-Time,0
5139,281.01,electricity,Residential,Boston,454.77,off-peak,M-5949,Tampered,Late,1
5140,46.03,gas,Commercial,Los Angeles,319.62,off-peak,M-6999,Normal,On-Time,0
5141,174.27,electricity,Commercial,Seattle,427.62,off-peak,M-8609,Normal,On-Time,0
5142,161.07,electricity,Residential,Boston,385.21,peak,M-7264,Tampered,Late,1
5143,477.41,gas,Residential,Boston,356.89,peak,M-2583,Normal,Late,0
5144,115.27,electricity,Commercial,Dallas,227.49,peak,M-8002,Normal,On-Time,0
5145,346.99,electricity,Residential,Seattle,78.48,peak,M-8364,Normal,Late,1
5146,173.16,electricity,Commercial,Chicago,487.18,off-peak,M-3909,Tampered,On-Time,1
5147,432.21,gas,Commercial,Seattle,23.95,off-peak,M-5047,Normal,On-Time,1
5148,210.79,electricity,Commercial,Dallas,200.28,off-peak,M-9813,Normal,Late,0
5149,385.62,electricity,Commercial,Boston,477.22,off-peak,M-2697,Tampered,Late,1
5150,272.82,electricity,Residential,New York,310.86,off-peak,M-1641,Tampered,Late,1
5151,477.69,electricity,Residential,Miami,491.99,peak,M-9198,Tampered,Late,1
5152,61.46,gas,Residential,Dallas,380.81,off-peak,M-5064,Tampered,On-Time,1
5153,214.61,gas,Residential,Seattle,215.35,peak,M-9269,Normal,Late,0
5154,455.93,gas,Residential,Chicago,144.37,off-peak,M-6894,Tampered,On-Time,1
5155,340.45,gas,Commercial,New York,363.86,peak,M-1066,Tampered,Late,1
5156,119.78,gas,Commercial,Dallas,239.71,peak,M-5669,Tampered,On-Time,1
5157,241.64,electricity,Commercial,Dallas,291.88,off-peak,M-2934,Normal,On-Time,0
5158,22.65,electricity,Commercial,Dallas,260.87,peak,M-6859,Tampered,Late,1
5159,409.41,gas,Commercial,Miami,464.08,peak,M-1436,Tampered,Late,1
5160,400.7,electricity,Commercial,New York,358.16,off-peak,M-4470,Tampered,Late,1
5161,203.67,gas,Commercial,Chicago,78.32,off-peak,M-7952,Tampered,On-Time,1
5162,240.38,electricity,Commercial,Houston,354.69,peak,M-9582,Tampered,Late,1
5163,104.19,gas,Commercial,Dallas,298,off-peak,M-1720,Tampered,On-Time,1
5164,419.85,electricity,Residential,Chicago,215.06,peak,M-8289,Normal,On-Time,0
5165,192.89,gas,Residential,Houston,414.39,off-peak,M-5258,Normal,Late,0
5166,493.27,gas,Residential,Seattle,478.86,off-peak,M-2782,Tampered,Late,1
5167,302.7,gas,Commercial,Boston,323.97,off-peak,M-8333,Tampered,Late,1
5168,27.69,electricity,Residential,Los Angeles,468.33,off-peak,M-5451,Normal,Late,0
5169,250.73,gas,Commercial,New York,477.66,off-peak,M-1050,Normal,On-Time,0
5170,44.7,gas,Commercial,Los Angeles,182.26,off-peak,M-8587,Tampered,On-Time,1
5171,486.38,gas,Commercial,Chicago,30.72,peak,M-2983,Normal,Late,1
5172,10.1,gas,Commercial,New York,340.5,peak,M-4108,Tampered,On-Time,1
5173,468.27,electricity,Residential,New York,121.82,peak,M-2594,Tampered,On-Time,1
5174,59.95,gas,Residential,New York,311.15,off-peak,M-2913,Tampered,On-Time,1
5175,17.27,gas,Residential,Boston,265.28,peak,M-6270,Tampered,Late,1
5176,292.4,gas,Commercial,Los Angeles,141.8,off-peak,M-5320,Normal,On-Time,1
5177,177.16,electricity,Residential,Boston,422.57,peak,M-7070,Normal,Late,0
5178,89.83,electricity,Commercial,Los Angeles,275.26,peak,M-8872,Normal,On-Time,0
5179,264.79,gas,Commercial,Houston,274.81,off-peak,M-5160,Tampered,On-Time,1
5180,259.95,electricity,Residential,New York,201.1,off-peak,M-6176,Tampered,On-Time,1
5181,499.99,gas,Residential,Los Angeles,180.64,off-peak,M-5754,Tampered,Late,1
5182,269.53,electricity,Residential,Seattle,411,peak,M-4744,Tampered,On-Time,1
5183,426.54,electricity,Residential,Seattle,280.25,off-peak,M-2810,Normal,On-Time,0
5184,290.5,electricity,Commercial,Los Angeles,363.11,off-peak,M-8761,Normal,On-Time,0
5185,369.7,electricity,Residential,Houston,114.13,peak,M-7702,Normal,On-Time,1
5186,135.72,gas,Residential,Dallas,414.3,peak,M-1500,Tampered,Late,1
5187,137.78,electricity,Residential,Los Angeles,490.26,peak,M-4648,Normal,On-Time,0
5188,256.12,electricity,Residential,Boston,71.55,peak,M-4173,Normal,Late,1
5189,361.97,electricity,Commercial,Miami,251.2,peak,M-4089,Tampered,On-Time,1
5190,223.21,gas,Commercial,New York,464.74,peak,M-5446,Tampered,On-Time,1
5191,404.24,electricity,Commercial,Dallas,148.46,off-peak,M-2361,Normal,On-Time,1
5192,40.96,gas,Residential,Houston,338.99,off-peak,M-4794,Normal,On-Time,0
5193,277.97,electricity,Residential,New York,21.71,peak,M-9300,Normal,On-Time,1
5194,339.9,gas,Residential,Chicago,104.84,peak,M-9335,Normal,Late,1
5195,440.96,electricity,Commercial,New York,472.67,off-peak,M-1303,Normal,Late,0
5196,46.22,electricity,Commercial,Boston,253.83,peak,M-6044,Tampered,On-Time,1
5197,357.01,electricity,Commercial,Boston,43.25,peak,M-2359,Tampered,On-Time,1
5198,10.31,electricity,Commercial,Los Angeles,201.51,peak,M-4673,Normal,Late,0
5199,85.48,electricity,Commercial,Houston,453.19,peak,M-6906,Normal,On-Time,0
5200,434.22,gas,Residential,Dallas,113.25,peak,M-3690,Tampered,On-Time,1
5201,418,gas,Residential,Boston,474.19,peak,M-9867,Tampered,Late,1
5202,79.05,gas,Commercial,New York,496.31,peak,M-4491,Normal,On-Time,0
5203,258.49,gas,Commercial,Boston,188.92,peak,M-2978,Normal,On-Time,0
5204,390.62,gas,Commercial,Dallas,161.79,peak,M-8560,Tampered,Late,1
5205,491.34,gas,Commercial,Los Angeles,299.21,off-peak,M-1144,Tampered,On-Time,1
5206,267.14,gas,Commercial,Seattle,459.07,off-peak,M-6137,Tampered,Late,1
5207,431.76,electricity,Commercial,Seattle,328.73,peak,M-1268,Tampered,On-Time,1
5208,222,gas,Commercial,Dallas,220.64,off-peak,M-6030,Normal,On-Time,0
5209,82.91,gas,Commercial,Seattle,171.95,off-peak,M-6278,Tampered,On-Time,1
5210,354.64,electricity,Commercial,Chicago,203.04,off-peak,M-1894,Normal,On-Time,0
5211,251.98,electricity,Residential,Chicago,433.14,off-peak,M-7160,Normal,Late,0
5212,196.71,gas,Commercial,New York,401.95,peak,M-3880,Tampered,On-Time,1
5213,288.04,gas,Commercial,Chicago,78.8,off-peak,M-4451,Normal,On-Time,1
5214,58.42,electricity,Residential,Los Angeles,404.22,peak,M-9145,Tampered,Late,1
5215,134.35,electricity,Commercial,Miami,497.47,peak,M-2352,Normal,Late,0
5216,251.32,electricity,Commercial,Chicago,54.34,off-peak,M-4755,Normal,On-Time,1
5217,382.34,gas,Commercial,Boston,20.95,peak,M-9840,Normal,On-Time,1
5218,396.13,electricity,Commercial,Chicago,103.68,off-peak,M-3144,Tampered,On-Time,1
5219,383.66,electricity,Commercial,Miami,233.93,off-peak,M-8339,Normal,On-Time,0
5220,6.46,gas,Residential,Miami,261.13,off-peak,M-8464,Normal,Late,0
5221,51.69,gas,Residential,Chicago,260.63,peak,M-6360,Tampered,Late,1
5222,211.47,electricity,Residential,Miami,72.71,peak,M-4930,Tampered,On-Time,1
5223,150.59,electricity,Commercial,Seattle,100.47,peak,M-1953,Tampered,On-Time,1
5224,421.78,electricity,Commercial,Houston,391.37,off-peak,M-8317,Tampered,Late,1
5225,84.99,electricity,Commercial,Los Angeles,5.98,off-peak,M-2473,Tampered,On-Time,1
5226,380.06,gas,Commercial,Miami,153.47,off-peak,M-8387,Tampered,On-Time,1
5227,303.01,gas,Residential,Boston,281.9,off-peak,M-9148,Tampered,Late,1
5228,58.9,gas,Residential,New York,431.04,off-peak,M-4143,Normal,Late,0
5229,183.42,gas,Residential,Houston,68.95,off-peak,M-7886,Normal,Late,1
5230,122.83,electricity,Residential,Chicago,310.11,off-peak,M-8051,Normal,On-Time,0
5231,301.18,electricity,Commercial,New York,412.43,peak,M-5184,Tampered,Late,1
5232,240.23,gas,Commercial,Dallas,152.67,peak,M-5342,Normal,On-Time,0
5233,24.02,gas,Commercial,Seattle,214.65,off-peak,M-8713,Tampered,Late,1
5234,385.49,electricity,Residential,Houston,284.21,peak,M-5205,Normal,On-Time,0
5235,66.14,electricity,Residential,Los Angeles,342.95,off-peak,M-7889,Tampered,Late,1
5236,22.79,electricity,Commercial,Chicago,246.81,peak,M-1976,Normal,Late,0
5237,57.82,gas,Commercial,Seattle,440.79,off-peak,M-8295,Normal,On-Time,0
5238,289.53,electricity,Commercial,Boston,375.56,off-peak,M-4868,Normal,Late,0
5239,277.93,gas,Residential,Houston,353.72,off-peak,M-1953,Tampered,On-Time,1
5240,463.46,electricity,Residential,Boston,169.04,peak,M-5765,Normal,Late,1
5241,470.82,electricity,Commercial,New York,283.55,off-peak,M-8935,Tampered,On-Time,1
5242,185.08,electricity,Commercial,Seattle,371.74,off-peak,M-9877,Tampered,On-Time,1
5243,333.96,gas,Commercial,Houston,84.6,off-peak,M-4667,Normal,On-Time,1
5244,135.74,electricity,Residential,Chicago,422.37,peak,M-6681,Tampered,On-Time,1
5245,184.3,gas,Commercial,Houston,303.85,off-peak,M-5501,Tampered,On-Time,1
5246,305.35,electricity,Commercial,Seattle,180.65,peak,M-1935,Tampered,Late,1
5247,108.97,electricity,Commercial,Boston,474.62,peak,M-8346,Normal,Late,0
5248,295.6,electricity,Commercial,Houston,166.34,peak,M-5410,Tampered,On-Time,1
5249,357.8,gas,Residential,Houston,452.8,off-peak,M-1680,Normal,Late,0
5250,173.17,electricity,Residential,Dallas,148.28,off-peak,M-6340,Tampered,Late,1
5251,364.91,gas,Commercial,Seattle,369.95,off-peak,M-9636,Tampered,On-Time,1
5252,99.79,electricity,Commercial,Chicago,42.11,off-peak,M-3310,Tampered,Late,1
5253,90.19,gas,Residential,Chicago,67.8,peak,M-5381,Tampered,Late,1
5254,497.88,gas,Commercial,Los Angeles,446.94,off-peak,M-9865,Normal,On-Time,0
5255,386.85,electricity,Residential,New York,310.5,peak,M-9856,Normal,Late,0
5256,286.71,electricity,Residential,New York,434.99,peak,M-3388,Tampered,On-Time,1
5257,68.74,electricity,Commercial,Dallas,241.03,off-peak,M-9217,Normal,Late,0
5258,348.17,electricity,Residential,Los Angeles,248.91,peak,M-9273,Tampered,Late,1
5259,15.16,electricity,Commercial,Chicago,441.71,off-peak,M-2237,Tampered,On-Time,1
5260,357.03,gas,Commercial,Dallas,84.59,peak,M-9794,Normal,Late,1
5261,44.43,electricity,Residential,Houston,412.13,peak,M-4027,Normal,Late,0
5262,324.75,electricity,Commercial,Chicago,452.27,peak,M-5230,Normal,On-Time,0
5263,45.78,gas,Residential,Los Angeles,48.6,peak,M-7290,Tampered,Late,1
5264,87.07,gas,Commercial,Miami,419.96,off-peak,M-1010,Normal,On-Time,0
5265,126.12,electricity,Commercial,Houston,360.61,off-peak,M-8261,Normal,Late,0
5266,376.26,electricity,Commercial,Dallas,283.06,off-peak,M-9932,Normal,Late,0
5267,103.37,gas,Commercial,Houston,38.74,off-peak,M-2232,Normal,Late,1
5268,333.22,electricity,Residential,Seattle,473.45,peak,M-7824,Tampered,On-Time,1
5269,181.4,gas,Commercial,Dallas,495.02,peak,M-7991,Normal,On-Time,0
5270,207.96,electricity,Residential,Dallas,422.56,off-peak,M-9125,Normal,Late,0
5271,198.43,electricity,Residential,Los Angeles,192.77,peak,M-8250,Tampered,On-Time,1
5272,203.23,gas,Commercial,Boston,213.14,peak,M-6568,Tampered,On-Time,1
5273,217.51,electricity,Residential,Chicago,364.51,off-peak,M-6467,Tampered,On-Time,1
5274,115.5,electricity,Residential,Dallas,101.28,off-peak,M-8562,Tampered,On-Time,1
5275,221.13,electricity,Commercial,Houston,459.86,off-peak,M-1462,Tampered,Late,1
5276,43.57,electricity,Commercial,Miami,201.06,off-peak,M-7084,Normal,On-Time,0
5277,285.73,electricity,Residential,Chicago,326.99,off-peak,M-3208,Normal,Late,0
5278,446.45,gas,Commercial,Dallas,64.38,off-peak,M-3997,Tampered,Late,1
5279,72.87,electricity,Commercial,Seattle,77.17,off-peak,M-2774,Normal,On-Time,0
5280,52.83,gas,Residential,Los Angeles,199.68,peak,M-6864,Normal,Late,0
5281,252.72,gas,Residential,Los Angeles,107.64,peak,M-7465,Tampered,Late,1
5282,143.37,gas,Commercial,Los Angeles,40.93,peak,M-9622,Tampered,Late,1
5283,385.93,gas,Residential,New York,178.07,peak,M-7056,Normal,On-Time,1
5284,346.05,gas,Commercial,Chicago,157.36,peak,M-6795,Tampered,On-Time,1
5285,14.54,gas,Commercial,Seattle,189.48,off-peak,M-3728,Normal,On-Time,0
5286,258.95,electricity,Commercial,Chicago,99.95,peak,M-8089,Normal,Late,1
5287,272.02,gas,Commercial,New York,42.62,off-peak,M-7138,Normal,Late,1
5288,241.87,gas,Residential,Seattle,69.12,peak,M-8869,Normal,On-Time,1
5289,109.2,gas,Commercial,Miami,266.28,peak,M-7122,Tampered,On-Time,1
5290,297.3,electricity,Commercial,Los Angeles,299.35,peak,M-3406,Normal,Late,0
5291,316.6,gas,Residential,Miami,265.7,off-peak,M-6179,Normal,On-Time,0
5292,323.42,gas,Residential,Los Angeles,64.33,off-peak,M-9979,Tampered,Late,1
5293,308.34,electricity,Commercial,Los Angeles,477.79,off-peak,M-7638,Tampered,Late,1
5294,240.13,gas,Commercial,Chicago,473.55,peak,M-1764,Normal,Late,0
5295,250.19,gas,Residential,Miami,256.43,peak,M-1557,Tampered,Late,1
5296,16.19,gas,Residential,Seattle,491.28,peak,M-6635,Tampered,Late,1
5297,489.05,gas,Commercial,Miami,387.25,off-peak,M-6758,Normal,Late,0
5298,374.02,electricity,Commercial,Seattle,323.96,peak,M-4885,Normal,On-Time,0
5299,56.99,gas,Residential,Seattle,237.54,peak,M-2823,Tampered,On-Time,1
5300,146.35,electricity,Residential,Chicago,313.16,off-peak,M-6090,Normal,Late,0
5301,197.32,electricity,Residential,Los Angeles,261.76,peak,M-9482,Normal,On-Time,0
5302,305.26,gas,Residential,Chicago,67.67,peak,M-6115,Tampered,On-Time,1
5303,440.91,electricity,Commercial,Dallas,201.8,peak,M-8302,Normal,On-Time,1
5304,397.12,electricity,Commercial,Houston,426.72,off-peak,M-8429,Tampered,On-Time,1
5305,200.32,electricity,Commercial,New York,449.15,off-peak,M-4247,Normal,On-Time,0
5306,293.85,electricity,Commercial,Houston,136.18,off-peak,M-9590,Tampered,On-Time,1
5307,205.78,gas,Residential,Los Angeles,276.06,peak,M-9315,Tampered,On-Time,1
5308,283.79,gas,Commercial,New York,471.98,off-peak,M-9227,Normal,Late,0
5309,261.61,gas,Commercial,Chicago,111.88,peak,M-5540,Normal,Late,1
5310,19.24,electricity,Commercial,Los Angeles,74.25,off-peak,M-4567,Normal,Late,0
5311,306.91,electricity,Residential,Los Angeles,259.12,off-peak,M-6145,Normal,On-Time,0
5312,5.79,gas,Residential,Houston,387.54,peak,M-3433,Normal,On-Time,0
5313,234.84,gas,Residential,Boston,310.95,peak,M-2322,Tampered,Late,1
5314,491.81,gas,Commercial,Seattle,199.36,peak,M-8359,Tampered,Late,1
5315,479.18,gas,Residential,Houston,454.67,off-peak,M-9217,Tampered,On-Time,1
5316,262.76,electricity,Commercial,Houston,235.88,off-peak,M-8297,Tampered,On-Time,1
5317,98.78,electricity,Commercial,Seattle,376.34,peak,M-4099,Normal,Late,0
5318,323.82,electricity,Residential,Boston,161,off-peak,M-4891,Normal,Late,1
5319,87.48,gas,Residential,Boston,150.95,off-peak,M-3391,Tampered,On-Time,1
5320,354.33,electricity,Residential,New York,167.35,off-peak,M-7442,Tampered,Late,1
5321,379.89,electricity,Commercial,Dallas,451.14,off-peak,M-1248,Normal,On-Time,0
5322,130.98,gas,Residential,New York,348.77,peak,M-1408,Normal,On-Time,0
5323,236.38,gas,Residential,Boston,210.11,peak,M-5252,Normal,Late,0
5324,197.96,electricity,Residential,Chicago,399.31,peak,M-1698,Tampered,On-Time,1
5325,2.8,electricity,Commercial,New York,497.44,off-peak,M-6031,Tampered,On-Time,1
5326,13.12,electricity,Commercial,Houston,401.94,peak,M-8065,Tampered,On-Time,1
5327,3.31,gas,Commercial,Seattle,166.88,off-peak,M-5891,Tampered,Late,1
5328,466.89,electricity,Commercial,New York,184.11,off-peak,M-7021,Normal,On-Time,1
5329,427.96,electricity,Commercial,Miami,174.64,peak,M-1215,Normal,Late,1
5330,480.58,electricity,Commercial,New York,12.24,peak,M-8148,Tampered,Late,1
5331,267.07,electricity,Residential,Chicago,121.42,peak,M-6484,Tampered,On-Time,1
5332,117.71,gas,Residential,Los Angeles,462.55,peak,M-3839,Normal,On-Time,0
5333,101.58,electricity,Residential,New York,472.91,off-peak,M-3801,Normal,On-Time,0
5334,298.29,gas,Residential,Seattle,114.69,peak,M-3807,Normal,Late,1
5335,432.52,electricity,Residential,New York,295.03,peak,M-6376,Tampered,Late,1
5336,227.52,electricity,Commercial,New York,430.63,peak,M-2174,Normal,Late,0
5337,129.88,gas,Commercial,New York,61.17,peak,M-7033,Normal,On-Time,1
5338,1.63,electricity,Residential,Houston,330.2,off-peak,M-7566,Tampered,Late,1
5339,118.92,electricity,Commercial,Miami,88.72,off-peak,M-2075,Tampered,Late,1
5340,404.95,gas,Residential,Chicago,249.36,off-peak,M-9348,Tampered,On-Time,1
5341,12.12,gas,Residential,Los Angeles,306.47,peak,M-7774,Tampered,On-Time,1
5342,220.6,electricity,Residential,Boston,434.64,peak,M-3788,Tampered,On-Time,1
5343,55.67,electricity,Commercial,Chicago,153.65,off-peak,M-9776,Tampered,Late,1
5344,262.33,electricity,Commercial,Houston,42.15,off-peak,M-3298,Tampered,On-Time,1
5345,56.6,gas,Residential,New York,373.77,off-peak,M-6884,Normal,Late,0
5346,352.83,electricity,Commercial,Miami,488.16,peak,M-9819,Tampered,On-Time,1
5347,206.55,electricity,Residential,Los Angeles,163.92,off-peak,M-6485,Normal,On-Time,0
5348,81,gas,Residential,Dallas,131.73,off-peak,M-9506,Normal,Late,0
5349,219.88,gas,Residential,Chicago,450.37,off-peak,M-8016,Normal,Late,0
5350,195.81,electricity,Residential,Los Angeles,408.6,off-peak,M-5156,Normal,On-Time,0
5351,471.98,gas,Commercial,New York,449.37,off-peak,M-8993,Normal,On-Time,0
5352,425.46,gas,Residential,Miami,247.06,peak,M-7566,Tampered,Late,1
5353,376.39,gas,Residential,Los Angeles,31.59,off-peak,M-6420,Tampered,On-Time,1
5354,276.42,gas,Residential,Houston,11.08,peak,M-4431,Tampered,Late,1
5355,418.95,electricity,Residential,Chicago,427.69,peak,M-7401,Normal,On-Time,0
5356,103.92,electricity,Commercial,Houston,128.09,peak,M-2999,Normal,Late,0
5357,8.49,gas,Commercial,Los Angeles,161.33,off-peak,M-6620,Normal,Late,0
5358,305.57,gas,Residential,Chicago,315.8,peak,M-5075,Normal,Late,0
5359,160.63,gas,Residential,Los Angeles,38.43,off-peak,M-2002,Tampered,Late,1
5360,301.42,gas,Residential,New York,226.07,off-peak,M-7102,Tampered,On-Time,1
5361,342.89,gas,Residential,Dallas,187.55,off-peak,M-3629,Normal,Late,0
5362,95.86,electricity,Commercial,New York,47.09,off-peak,M-2595,Tampered,Late,1
5363,218.53,gas,Commercial,Dallas,224.28,off-peak,M-2043,Tampered,On-Time,1
5364,462.14,electricity,Commercial,Boston,291.08,off-peak,M-8734,Normal,On-Time,0
5365,481.66,gas,Commercial,Dallas,432.34,off-peak,M-7330,Tampered,Late,1
5366,386.24,gas,Residential,Dallas,38.49,off-peak,M-3045,Tampered,On-Time,1
5367,162.58,electricity,Commercial,New York,249.5,peak,M-7113,Tampered,Late,1
5368,60.61,electricity,Residential,Chicago,138.75,peak,M-5781,Tampered,Late,1
5369,106.44,gas,Residential,Los Angeles,9.87,peak,M-5644,Normal,On-Time,1
5370,165.65,electricity,Commercial,Dallas,29.17,peak,M-5331,Normal,On-Time,1
5371,4.23,electricity,Residential,Chicago,297.52,peak,M-5057,Tampered,Late,1
5372,150.25,gas,Commercial,Chicago,343.4,peak,M-5376,Normal,Late,0
5373,173.59,electricity,Residential,Seattle,367.09,off-peak,M-3343,Tampered,Late,1
5374,112.68,electricity,Residential,Dallas,217.38,peak,M-1663,Normal,On-Time,0
5375,285,gas,Residential,Los Angeles,308.6,off-peak,M-6972,Tampered,Late,1
5376,276.23,electricity,Residential,Los Angeles,24.35,off-peak,M-2996,Tampered,On-Time,1
5377,344.57,electricity,Commercial,Los Angeles,462.55,peak,M-1278,Normal,On-Time,0
5378,334.84,electricity,Commercial,Miami,490.21,peak,M-8682,Normal,Late,0
5379,322.12,electricity,Residential,Los Angeles,225.53,off-peak,M-2215,Tampered,On-Time,1
5380,286.67,gas,Commercial,Los Angeles,310.55,peak,M-8072,Tampered,Late,1
5381,241.42,electricity,Commercial,Chicago,22.49,off-peak,M-5139,Tampered,Late,1
5382,253.82,electricity,Residential,Miami,409.65,peak,M-7997,Tampered,On-Time,1
5383,276.29,gas,Commercial,Chicago,370.14,peak,M-1569,Tampered,On-Time,1
5384,494.82,gas,Residential,New York,361.89,peak,M-4767,Normal,Late,0
5385,276.73,electricity,Residential,Seattle,445.8,off-peak,M-7143,Tampered,Late,1
5386,369.57,electricity,Commercial,Dallas,419.58,off-peak,M-7563,Normal,Late,0
5387,329.08,electricity,Commercial,Dallas,320.68,peak,M-7797,Tampered,Late,1
5388,324.09,electricity,Residential,Boston,398.79,off-peak,M-7304,Tampered,Late,1
5389,259.91,gas,Residential,Miami,380.6,off-peak,M-6461,Tampered,On-Time,1
5390,148.6,gas,Commercial,Seattle,227.79,off-peak,M-5385,Normal,On-Time,0
5391,366.76,electricity,Commercial,Miami,156.24,peak,M-5566,Normal,On-Time,1
5392,147.87,electricity,Commercial,Los Angeles,340.45,off-peak,M-5815,Tampered,On-Time,1
5393,245.18,gas,Residential,Chicago,86.94,off-peak,M-2679,Tampered,Late,1
5394,289.3,gas,Commercial,Seattle,149.06,off-peak,M-5578,Normal,Late,0
5395,368.66,gas,Commercial,Los Angeles,376.88,peak,M-3495,Normal,On-Time,0
5396,151.92,electricity,Commercial,Boston,287.89,peak,M-6217,Tampered,Late,1
5397,169.81,electricity,Commercial,Boston,56.25,off-peak,M-5411,Normal,On-Time,1
5398,339.02,gas,Residential,Boston,169.67,off-peak,M-1351,Tampered,On-Time,1
5399,362.47,gas,Residential,Seattle,349.31,peak,M-1539,Normal,On-Time,0
5400,154.86,electricity,Commercial,Dallas,455.97,off-peak,M-9307,Normal,On-Time,0
5401,483.19,electricity,Residential,Los Angeles,222.25,off-peak,M-9229,Normal,Late,1
5402,169.77,gas,Commercial,Miami,483.81,off-peak,M-5345,Normal,Late,0
5403,194.55,gas,Commercial,Chicago,60.14,off-peak,M-8607,Normal,Late,1
5404,128.99,gas,Residential,Seattle,80.66,peak,M-8462,Normal,On-Time,0
5405,201.13,electricity,Residential,Seattle,385.11,peak,M-5893,Tampered,On-Time,1
5406,209.13,electricity,Residential,New York,404.72,off-peak,M-1800,Normal,Late,0
5407,406.59,electricity,Residential,Boston,204.88,peak,M-1582,Normal,On-Time,0
5408,311.41,gas,Residential,Chicago,144.11,off-peak,M-6333,Tampered,Late,1
5409,435.89,gas,Residential,New York,458.17,off-peak,M-3796,Normal,On-Time,0
5410,378.53,electricity,Commercial,Boston,493.46,peak,M-4952,Tampered,Late,1
5411,104.67,gas,Residential,Los Angeles,274.34,off-peak,M-1217,Tampered,Late,1
5412,412.57,gas,Commercial,Seattle,180.06,peak,M-6109,Normal,On-Time,1
5413,268.06,gas,Commercial,Chicago,360.03,off-peak,M-8865,Normal,On-Time,0
5414,466.66,electricity,Commercial,Boston,432.15,peak,M-7321,Tampered,Late,1
5415,207.85,gas,Residential,Dallas,75.23,off-peak,M-1517,Normal,On-Time,1
5416,200.82,electricity,Commercial,New York,199.34,peak,M-7720,Normal,Late,0
5417,454.15,electricity,Commercial,Chicago,486.06,peak,M-5921,Normal,On-Time,0
5418,258.26,gas,Commercial,Miami,72.29,off-peak,M-2749,Normal,Late,1
5419,45.25,gas,Commercial,Los Angeles,350.34,peak,M-9792,Tampered,On-Time,1
5420,119.65,electricity,Residential,Miami,468.58,off-peak,M-1125,Normal,Late,0
5421,159.35,electricity,Commercial,Dallas,365.22,off-peak,M-6113,Normal,Late,0
5422,136.28,gas,Residential,Dallas,30.47,off-peak,M-6529,Normal,On-Time,1
5423,341.08,gas,Residential,Houston,74.04,peak,M-9806,Tampered,On-Time,1
5424,417.95,gas,Residential,Los Angeles,496.89,peak,M-9258,Normal,Late,0
5425,372.08,gas,Residential,New York,343.07,off-peak,M-6376,Normal,Late,0
5426,63.03,gas,Commercial,Los Angeles,460.81,peak,M-5360,Tampered,Late,1
5427,347.49,electricity,Residential,Los Angeles,55.94,off-peak,M-6075,Normal,Late,1
5428,333.45,electricity,Commercial,Chicago,340.18,peak,M-8155,Tampered,On-Time,1
5429,367.17,electricity,Residential,Boston,75.69,peak,M-3276,Tampered,Late,1
5430,354.93,electricity,Residential,Houston,100.07,off-peak,M-7402,Tampered,On-Time,1
5431,54.59,gas,Residential,New York,51.79,off-peak,M-3088,Tampered,Late,1
5432,270.43,electricity,Commercial,Miami,204.2,peak,M-7102,Normal,Late,0
5433,294.73,electricity,Commercial,Los Angeles,8.41,peak,M-2972,Normal,On-Time,1
5434,34.28,electricity,Residential,Boston,63.71,off-peak,M-5764,Normal,On-Time,0
5435,459.61,electricity,Residential,Seattle,138.64,peak,M-8202,Normal,Late,1
5436,174.42,electricity,Residential,Los Angeles,74.06,off-peak,M-4033,Tampered,Late,1
5437,108,gas,Commercial,Boston,51.03,off-peak,M-4125,Normal,On-Time,1
5438,493.02,electricity,Residential,Los Angeles,6.5,peak,M-3597,Normal,Late,1
5439,464.55,electricity,Commercial,Los Angeles,77.25,peak,M-3631,Normal,Late,1
5440,469.4,gas,Residential,Boston,181.28,peak,M-2753,Tampered,On-Time,1
5441,237.45,gas,Commercial,Houston,400.87,off-peak,M-6156,Normal,Late,0
5442,153.41,gas,Commercial,Houston,492.67,peak,M-3058,Normal,Late,0
5443,111.56,gas,Commercial,Seattle,331.2,off-peak,M-9283,Tampered,Late,1
5444,41.49,electricity,Residential,Seattle,363.35,peak,M-3418,Normal,Late,0
5445,104.58,gas,Commercial,New York,499.41,off-peak,M-5419,Normal,On-Time,0
5446,219.73,gas,Residential,Los Angeles,221.71,off-peak,M-9454,Normal,Late,0
5447,10.82,electricity,Residential,Boston,432.9,off-peak,M-4649,Tampered,On-Time,1
5448,339.36,gas,Residential,Dallas,306.24,peak,M-3416,Tampered,On-Time,1
5449,311.26,gas,Residential,Chicago,313.08,peak,M-9005,Tampered,On-Time,1
5450,257.46,electricity,Residential,Los Angeles,423.4,off-peak,M-5044,Normal,On-Time,0
5451,217.09,electricity,Residential,New York,175.94,peak,M-1313,Tampered,On-Time,1
5452,100.27,electricity,Residential,Chicago,286.2,peak,M-7104,Tampered,Late,1
5453,137.01,electricity,Commercial,Los Angeles,141.9,peak,M-7977,Tampered,On-Time,1
5454,431.85,electricity,Residential,Seattle,358.48,peak,M-4330,Tampered,Late,1
5455,209.79,gas,Commercial,Dallas,166.78,peak,M-3688,Normal,On-Time,0
5456,46.85,gas,Commercial,Dallas,285.43,peak,M-1205,Tampered,On-Time,1
5457,161.31,electricity,Commercial,Boston,130.54,off-peak,M-4381,Normal,Late,0
5458,350.31,electricity,Residential,Boston,307.94,peak,M-5281,Normal,On-Time,0
5459,192.87,electricity,Commercial,New York,85.12,peak,M-3543,Tampered,On-Time,1
5460,156.95,electricity,Residential,Boston,346.32,off-peak,M-3792,Normal,On-Time,0
5461,112.2,electricity,Residential,Chicago,41.68,peak,M-2166,Normal,On-Time,1
5462,36.41,gas,Commercial,Houston,120.27,peak,M-6003,Tampered,Late,1
5463,317.74,gas,Residential,Chicago,310.87,off-peak,M-8187,Tampered,On-Time,1
5464,484.1,electricity,Commercial,Boston,186.8,peak,M-4549,Tampered,Late,1
5465,54.94,electricity,Residential,Miami,38.77,off-peak,M-6702,Normal,On-Time,0
5466,459.67,electricity,Commercial,Los Angeles,118.57,peak,M-1942,Normal,Late,1
5467,237.55,gas,Residential,Chicago,471.08,off-peak,M-7036,Normal,On-Time,0
5468,59.12,gas,Residential,Dallas,473.96,peak,M-3184,Tampered,On-Time,1
5469,372.72,electricity,Residential,New York,372.83,peak,M-7142,Normal,On-Time,0
5470,389.41,electricity,Commercial,Miami,275.2,off-peak,M-2945,Normal,Late,0
5471,285.13,gas,Commercial,Chicago,428.1,peak,M-1680,Normal,On-Time,0
5472,105.94,electricity,Commercial,Boston,68.84,peak,M-5713,Normal,On-Time,0
5473,278.46,gas,Commercial,Boston,179.46,off-peak,M-5266,Tampered,Late,1
5474,414.14,gas,Residential,Miami,297.73,off-peak,M-5268,Normal,Late,0
5475,121.21,gas,Commercial,Los Angeles,318.93,off-peak,M-4911,Tampered,Late,1
5476,69.82,electricity,Residential,Seattle,462.44,peak,M-3276,Tampered,On-Time,1
5477,352.51,electricity,Residential,Seattle,218.89,peak,M-2783,Tampered,On-Time,1
5478,483.58,gas,Residential,Boston,315.85,peak,M-1704,Normal,On-Time,0
5479,96.35,gas,Commercial,New York,343.57,off-peak,M-3067,Tampered,On-Time,1
5480,178.19,electricity,Commercial,Miami,162.4,off-peak,M-2712,Normal,On-Time,0
5481,19.87,electricity,Residential,Chicago,393.23,peak,M-7929,Normal,Late,0
5482,496.77,gas,Residential,Seattle,193.17,off-peak,M-4999,Normal,Late,1
5483,78.24,electricity,Commercial,Chicago,426.26,off-peak,M-6246,Normal,Late,0
5484,239.71,gas,Commercial,Seattle,402.3,off-peak,M-6718,Tampered,Late,1
5485,314.49,electricity,Commercial,Seattle,98.85,peak,M-1847,Tampered,On-Time,1
5486,121.06,gas,Commercial,Seattle,318.6,off-peak,M-8484,Normal,Late,0
5487,481.32,gas,Commercial,Dallas,106.68,off-peak,M-6102,Normal,Late,1
5488,466.89,electricity,Residential,Los Angeles,129.75,peak,M-1717,Normal,On-Time,1
5489,127.36,electricity,Commercial,Seattle,333.39,off-peak,M-6703,Tampered,On-Time,1
5490,316.14,gas,Commercial,Miami,105.53,peak,M-4082,Tampered,On-Time,1
5491,285.64,electricity,Residential,Miami,141.37,off-peak,M-5395,Normal,Late,1
5492,453.16,gas,Residential,Miami,252.72,off-peak,M-5368,Normal,Late,0
5493,204.98,gas,Commercial,Dallas,174.52,peak,M-7398,Tampered,On-Time,1
5494,87.51,gas,Commercial,Los Angeles,482.47,off-peak,M-9644,Normal,Late,0
5495,399.43,gas,Residential,Dallas,441.1,off-peak,M-3585,Normal,On-Time,0
5496,312.64,gas,Commercial,Boston,346.48,peak,M-2596,Tampered,On-Time,1
5497,403.65,electricity,Commercial,Houston,362.28,peak,M-2285,Normal,Late,0
5498,293.77,electricity,Commercial,Seattle,256.78,peak,M-6740,Tampered,On-Time,1
5499,261.31,gas,Commercial,Boston,81.79,peak,M-3879,Normal,Late,1
5500,338.71,electricity,Commercial,Boston,431.05,off-peak,M-4493,Tampered,Late,1
5501,471.99,electricity,Residential,Dallas,310.24,off-peak,M-3438,Tampered,On-Time,1
5502,195.97,electricity,Residential,Boston,87.94,peak,M-6261,Normal,On-Time,1
5503,60.1,electricity,Commercial,Los Angeles,229.01,peak,M-8525,Normal,On-Time,0
5504,261.38,electricity,Residential,Chicago,449.45,peak,M-3445,Tampered,On-Time,1
5505,210.13,gas,Commercial,New York,6.15,peak,M-4313,Tampered,Late,1
5506,31.15,gas,Residential,New York,211.88,peak,M-3422,Tampered,On-Time,1
5507,81.72,electricity,Residential,Seattle,221.11,off-peak,M-6582,Normal,On-Time,0
5508,148.03,gas,Residential,Miami,175.75,peak,M-7523,Tampered,Late,1
5509,46.47,gas,Commercial,Boston,456.26,peak,M-3281,Tampered,On-Time,1
5510,298.84,electricity,Residential,Chicago,57.29,peak,M-1247,Normal,On-Time,1
5511,62.27,electricity,Residential,New York,67.54,off-peak,M-4019,Normal,Late,0
5512,191.12,electricity,Residential,New York,483.07,off-peak,M-3490,Normal,Late,0
5513,333.14,electricity,Residential,Chicago,101.48,peak,M-5665,Normal,Late,1
5514,469.56,gas,Commercial,Los Angeles,4.36,off-peak,M-7678,Normal,On-Time,1
5515,138.16,gas,Residential,Houston,21.63,peak,M-1839,Tampered,Late,1
5516,173.14,gas,Residential,Miami,173.85,off-peak,M-9653,Tampered,On-Time,1
5517,298.5,gas,Residential,Los Angeles,153.01,off-peak,M-4005,Normal,Late,0
5518,310.79,gas,Commercial,Seattle,97.09,peak,M-3589,Normal,Late,1
5519,392.62,gas,Residential,Houston,493.86,peak,M-8640,Tampered,On-Time,1
5520,42.22,electricity,Residential,Houston,203.27,off-peak,M-1685,Normal,Late,0
5521,349.2,gas,Commercial,New York,385.95,off-peak,M-9461,Tampered,On-Time,1
5522,404.02,gas,Commercial,Boston,190.49,off-peak,M-2313,Tampered,On-Time,1
5523,300.73,electricity,Residential,New York,137.75,off-peak,M-1852,Normal,Late,1
5524,469.36,gas,Commercial,Chicago,299.23,peak,M-2850,Tampered,Late,1
5525,392.67,gas,Commercial,Los Angeles,315.16,peak,M-8722,Normal,On-Time,0
5526,272.9,gas,Commercial,New York,352.7,peak,M-2657,Normal,Late,0
5527,465.21,gas,Residential,New York,204.11,off-peak,M-8622,Normal,Late,1
5528,495.79,electricity,Residential,Boston,415.74,off-peak,M-4306,Normal,Late,0
5529,220.26,electricity,Commercial,New York,460.47,peak,M-9509,Normal,On-Time,0
5530,276.1,electricity,Residential,Houston,343.09,peak,M-2891,Normal,Late,0
5531,247.05,gas,Commercial,Miami,352.87,off-peak,M-1402,Tampered,Late,1
5532,223.45,electricity,Commercial,Boston,430.76,peak,M-8907,Normal,Late,0
5533,443.06,gas,Commercial,Chicago,106.04,peak,M-8129,Tampered,Late,1
5534,370.45,gas,Commercial,Miami,32.4,off-peak,M-6001,Normal,Late,1
5535,153.82,electricity,Commercial,Houston,364.87,peak,M-1441,Tampered,On-Time,1
5536,499.38,electricity,Residential,Dallas,235.52,off-peak,M-2244,Tampered,Late,1
5537,328.08,gas,Commercial,Houston,408.9,peak,M-4285,Normal,Late,0
5538,1.06,electricity,Residential,Miami,2.69,peak,M-5330,Tampered,On-Time,1
5539,130.36,gas,Residential,New York,180.88,off-peak,M-8256,Tampered,On-Time,1
5540,189.22,gas,Commercial,Boston,17.1,peak,M-2344,Normal,On-Time,1
5541,167.74,gas,Residential,Houston,239.5,peak,M-6611,Tampered,On-Time,1
5542,187.2,electricity,Commercial,Houston,454.79,peak,M-5933,Tampered,On-Time,1
5543,273.33,gas,Residential,Seattle,306.52,peak,M-1067,Tampered,On-Time,1
5544,53.57,electricity,Residential,Boston,348.32,peak,M-2850,Normal,Late,0
5545,92.36,electricity,Residential,Dallas,13.21,peak,M-7595,Normal,Late,1
5546,199.89,gas,Commercial,Houston,230.55,peak,M-4057,Normal,Late,0
5547,358.05,electricity,Residential,Seattle,195.83,peak,M-2621,Normal,On-Time,0
5548,289.35,gas,Residential,New York,456.27,peak,M-9646,Normal,Late,0
5549,66.87,gas,Commercial,Dallas,64.02,off-peak,M-7649,Tampered,Late,1
5550,263.34,gas,Residential,Boston,194.87,off-peak,M-3427,Tampered,On-Time,1
5551,99.77,gas,Residential,Seattle,66.32,peak,M-7654,Tampered,On-Time,1
5552,41.04,electricity,Residential,Dallas,380.23,off-peak,M-3910,Tampered,On-Time,1
5553,447.99,electricity,Commercial,Houston,357.88,peak,M-9491,Tampered,On-Time,1
5554,254.04,electricity,Residential,Dallas,339.34,peak,M-1010,Tampered,On-Time,1
5555,487.51,electricity,Commercial,Seattle,498.38,off-peak,M-4733,Normal,Late,0
5556,394.84,gas,Residential,Boston,141.93,off-peak,M-5066,Normal,On-Time,1
5557,383.66,electricity,Commercial,Boston,119.77,peak,M-5971,Tampered,Late,1
5558,76.9,gas,Commercial,Chicago,158.93,peak,M-5901,Tampered,Late,1
5559,111.63,gas,Commercial,Houston,132.22,off-peak,M-9949,Tampered,On-Time,1
5560,179.9,electricity,Residential,Miami,153.09,peak,M-6317,Tampered,Late,1
5561,377.1,electricity,Residential,Houston,385.35,off-peak,M-2910,Tampered,On-Time,1
5562,359.19,electricity,Residential,Dallas,25.64,off-peak,M-3592,Tampered,On-Time,1
5563,88.44,gas,Residential,Dallas,480.5,peak,M-9830,Tampered,On-Time,1
5564,330.23,electricity,Commercial,Seattle,13.17,off-peak,M-4450,Tampered,Late,1
5565,38.6,gas,Commercial,Dallas,217.48,off-peak,M-9017,Normal,On-Time,0
5566,439.06,electricity,Residential,Miami,429.3,off-peak,M-4117,Tampered,On-Time,1
5567,313.78,gas,Residential,Boston,14.73,peak,M-5899,Normal,Late,1
5568,437.92,gas,Residential,New York,100.87,peak,M-9310,Normal,On-Time,1
5569,85.83,gas,Residential,Dallas,33.06,off-peak,M-9034,Tampered,On-Time,1
5570,424.67,electricity,Residential,New York,347.31,peak,M-7514,Normal,Late,0
5571,367.12,gas,Commercial,New York,318.38,off-peak,M-2393,Normal,On-Time,0
5572,218.49,gas,Residential,Dallas,170.44,off-peak,M-8579,Normal,On-Time,0
5573,458.66,electricity,Commercial,New York,96.01,off-peak,M-3784,Tampered,Late,1
5574,304.34,gas,Commercial,Dallas,239.71,off-peak,M-4242,Normal,On-Time,0
5575,241.92,gas,Commercial,Chicago,224.99,off-peak,M-5980,Tampered,On-Time,1
5576,386.82,electricity,Residential,Seattle,144.97,peak,M-3480,Normal,On-Time,1
5577,128.29,electricity,Commercial,Los Angeles,131.15,peak,M-6343,Tampered,On-Time,1
5578,194.27,gas,Residential,Miami,212.37,off-peak,M-8811,Tampered,Late,1
5579,422.92,electricity,Residential,Los Angeles,487.82,off-peak,M-1277,Normal,On-Time,0
5580,420.98,gas,Commercial,New York,31.58,peak,M-5112,Normal,Late,1
5581,261.19,gas,Residential,Houston,125.45,peak,M-7291,Tampered,On-Time,1
5582,473.6,electricity,Residential,Boston,21.29,off-peak,M-1649,Tampered,Late,1
5583,214.27,gas,Residential,Dallas,14.57,off-peak,M-2091,Tampered,On-Time,1
5584,200.16,gas,Residential,Seattle,212.51,peak,M-2003,Tampered,On-Time,1
5585,272.48,gas,Residential,Chicago,280.84,off-peak,M-5728,Tampered,Late,1
5586,333.88,electricity,Commercial,Seattle,221.19,peak,M-7976,Normal,Late,0
5587,492.23,electricity,Commercial,Dallas,293.46,peak,M-6172,Normal,Late,0
5588,436.72,electricity,Residential,Los Angeles,369.22,peak,M-9292,Tampered,On-Time,1
5589,371.52,electricity,Residential,Boston,105.22,off-peak,M-1114,Tampered,On-Time,1
5590,233.57,gas,Residential,Seattle,98.55,off-peak,M-1716,Tampered,On-Time,1
5591,8.37,gas,Commercial,New York,175.86,peak,M-4353,Tampered,On-Time,1
5592,200.54,gas,Commercial,Boston,489.73,peak,M-9974,Normal,On-Time,0
5593,217.03,electricity,Residential,Dallas,144.89,peak,M-2244,Tampered,On-Time,1
5594,131.62,gas,Residential,Chicago,394.2,peak,M-7657,Normal,Late,0
5595,313.64,electricity,Residential,Chicago,266.17,off-peak,M-1248,Tampered,On-Time,1
5596,431.91,electricity,Residential,Miami,170.31,off-peak,M-5323,Tampered,On-Time,1
5597,303.35,electricity,Residential,Miami,463.19,peak,M-7644,Normal,Late,0
5598,369.49,gas,Commercial,Los Angeles,256.81,off-peak,M-4883,Normal,On-Time,0
5599,491.98,electricity,Commercial,Chicago,203.84,off-peak,M-8562,Tampered,Late,1
5600,148.51,gas,Residential,Boston,301.84,peak,M-3980,Tampered,On-Time,1
5601,222.93,electricity,Commercial,New York,324,peak,M-2621,Tampered,On-Time,1
5602,397.19,gas,Commercial,New York,453.79,off-peak,M-2522,Tampered,On-Time,1
5603,386.35,electricity,Residential,Boston,499.86,peak,M-7723,Normal,Late,0
5604,380.22,gas,Commercial,Miami,454.3,off-peak,M-9084,Normal,Late,0
5605,67.34,gas,Residential,Chicago,282.11,off-peak,M-8328,Normal,On-Time,0
5606,410.77,gas,Residential,Dallas,38.23,peak,M-5313,Tampered,Late,1
5607,328.63,electricity,Residential,New York,444.11,off-peak,M-3479,Normal,On-Time,0
5608,59.46,gas,Commercial,Boston,166.38,off-peak,M-8308,Tampered,On-Time,1
5609,179.46,gas,Commercial,Dallas,187.97,off-peak,M-1919,Tampered,On-Time,1
5610,86.07,electricity,Residential,Los Angeles,109.47,off-peak,M-3722,Tampered,Late,1
5611,15.68,gas,Commercial,Dallas,446.98,off-peak,M-4952,Normal,On-Time,0
5612,133.73,electricity,Residential,Chicago,282.69,peak,M-7469,Normal,Late,0
5613,200.24,gas,Commercial,Seattle,448.22,peak,M-8043,Normal,Late,0
5614,165.56,electricity,Residential,Dallas,346.2,peak,M-9047,Normal,Late,0
5615,95.45,electricity,Residential,Boston,451.23,off-peak,M-5553,Tampered,Late,1
5616,215.55,electricity,Commercial,Boston,223.51,off-peak,M-9550,Tampered,Late,1
5617,327.63,gas,Commercial,Los Angeles,488.38,peak,M-1184,Tampered,Late,1
5618,283.57,gas,Commercial,Seattle,372.15,off-peak,M-2102,Tampered,Late,1
5619,363.84,gas,Commercial,Chicago,494.97,off-peak,M-5209,Tampered,On-Time,1
5620,289.74,gas,Residential,Houston,458.65,off-peak,M-9121,Tampered,Late,1
5621,39.14,gas,Commercial,Seattle,305.95,peak,M-5008,Tampered,On-Time,1
5622,281.98,electricity,Commercial,New York,450.82,off-peak,M-9709,Normal,Late,0
5623,191.93,electricity,Residential,Houston,136.69,off-peak,M-8068,Tampered,On-Time,1
5624,435.1,electricity,Commercial,Dallas,128.05,peak,M-9843,Tampered,Late,1
5625,100.33,gas,Commercial,Boston,165.53,peak,M-9426,Normal,On-Time,0
5626,300.32,electricity,Commercial,New York,269.96,peak,M-8471,Tampered,Late,1
5627,415.7,electricity,Residential,Dallas,63.7,off-peak,M-4596,Normal,Late,1
5628,184.48,electricity,Commercial,Dallas,401.87,off-peak,M-5027,Tampered,Late,1
5629,239.45,electricity,Commercial,Los Angeles,439.36,peak,M-5847,Normal,Late,0
5630,155.17,electricity,Residential,Seattle,52.37,peak,M-9730,Normal,On-Time,1
5631,15.2,gas,Commercial,Houston,414.61,peak,M-1509,Normal,On-Time,0
5632,11.87,gas,Residential,Dallas,219.93,peak,M-2956,Tampered,Late,1
5633,429.67,gas,Commercial,Houston,371.25,peak,M-1756,Normal,Late,0
5634,111.68,electricity,Residential,Miami,433.46,peak,M-1817,Tampered,Late,1
5635,8.12,gas,Commercial,Houston,144.91,peak,M-2150,Tampered,Late,1
5636,198.37,gas,Commercial,Los Angeles,442.36,peak,M-9985,Tampered,On-Time,1
5637,494.66,gas,Commercial,Dallas,336.32,off-peak,M-9768,Tampered,Late,1
5638,65.83,electricity,Residential,Miami,36.73,peak,M-8835,Normal,Late,0
5639,312.78,electricity,Commercial,Seattle,191.59,off-peak,M-5291,Tampered,Late,1
5640,305.79,gas,Residential,Dallas,491.08,off-peak,M-8727,Normal,Late,0
5641,315.67,gas,Residential,Boston,47.58,peak,M-3070,Tampered,On-Time,1
5642,276.32,gas,Commercial,Seattle,48.71,peak,M-6114,Tampered,On-Time,1
5643,234.51,gas,Residential,New York,137.21,peak,M-1402,Tampered,Late,1
5644,348.66,electricity,Residential,Chicago,25.35,peak,M-7261,Tampered,Late,1
5645,333.15,gas,Commercial,Los Angeles,495.96,off-peak,M-8255,Normal,On-Time,0
5646,299.24,electricity,Commercial,Miami,378.24,off-peak,M-6949,Tampered,On-Time,1
5647,429.08,gas,Commercial,Chicago,447.49,peak,M-7763,Normal,Late,0
5648,173.82,electricity,Commercial,Miami,84.68,off-peak,M-6913,Normal,Late,1
5649,176.81,gas,Residential,Los Angeles,385.81,peak,M-5659,Normal,On-Time,0
5650,207.78,electricity,Commercial,Dallas,4.19,peak,M-4894,Normal,Late,1
5651,177.06,electricity,Commercial,Boston,244.46,off-peak,M-3541,Tampered,Late,1
5652,271.2,gas,Residential,Miami,153.85,peak,M-4876,Normal,On-Time,0
5653,341.31,electricity,Commercial,Boston,93.25,peak,M-3395,Tampered,On-Time,1
5654,330.97,gas,Commercial,Dallas,152.2,off-peak,M-9206,Tampered,Late,1
5655,363.64,electricity,Commercial,Dallas,308.65,off-peak,M-4359,Tampered,Late,1
5656,439.21,gas,Residential,Los Angeles,110.57,peak,M-2055,Tampered,On-Time,1
5657,462.5,electricity,Commercial,Los Angeles,185.48,peak,M-4963,Tampered,On-Time,1
5658,191.18,gas,Commercial,Los Angeles,200.1,off-peak,M-6579,Normal,Late,0
5659,80.86,gas,Commercial,Dallas,26.81,off-peak,M-7241,Tampered,On-Time,1
5660,458.85,gas,Residential,Seattle,43.14,off-peak,M-1773,Normal,On-Time,1
5661,94.31,electricity,Residential,Seattle,7.41,peak,M-4040,Tampered,Late,1
5662,104.21,gas,Commercial,New York,472.42,peak,M-7947,Normal,On-Time,0
5663,10.56,electricity,Commercial,Los Angeles,259.83,off-peak,M-6555,Normal,On-Time,0
5664,45.47,gas,Residential,Seattle,301.64,off-peak,M-5567,Tampered,On-Time,1
5665,461.89,gas,Residential,New York,402.22,peak,M-1346,Tampered,On-Time,1
5666,28.28,electricity,Commercial,New York,428.36,peak,M-2672,Tampered,On-Time,1
5667,453.65,gas,Commercial,Boston,236.05,off-peak,M-2538,Tampered,On-Time,1
5668,91.62,electricity,Commercial,Seattle,158.63,peak,M-3230,Tampered,On-Time,1
5669,140.05,gas,Residential,Boston,271.88,off-peak,M-3055,Normal,Late,0
5670,468.66,gas,Commercial,Los Angeles,128.84,off-peak,M-1729,Normal,On-Time,1
5671,136.83,gas,Commercial,New York,295.83,off-peak,M-6915,Normal,On-Time,0
5672,416.99,electricity,Residential,Chicago,467.02,peak,M-5156,Tampered,Late,1
5673,494.99,electricity,Residential,Boston,46.3,peak,M-4275,Normal,On-Time,1
5674,245.59,gas,Commercial,Chicago,34.56,off-peak,M-8129,Tampered,On-Time,1
5675,122.33,gas,Residential,New York,217.56,off-peak,M-5947,Tampered,On-Time,1
5676,282.98,gas,Residential,Chicago,225.84,peak,M-6024,Normal,On-Time,0
5677,337.36,gas,Commercial,Boston,409.93,off-peak,M-9134,Tampered,Late,1
5678,35.78,gas,Commercial,Seattle,419.32,off-peak,M-1710,Normal,On-Time,0
5679,0.67,electricity,Commercial,Los Angeles,270.65,off-peak,M-3185,Tampered,Late,1
5680,251.58,electricity,Residential,Seattle,94.86,off-peak,M-8755,Tampered,Late,1
5681,227.55,electricity,Residential,Boston,365.83,peak,M-1074,Normal,Late,0
5682,107.48,gas,Residential,Seattle,115.79,peak,M-1680,Normal,Late,0
5683,337.84,electricity,Commercial,New York,74.08,off-peak,M-8364,Tampered,On-Time,1
5684,108.09,electricity,Residential,Dallas,4.92,peak,M-4656,Tampered,Late,1
5685,324.5,electricity,Residential,Boston,452.89,off-peak,M-7070,Normal,On-Time,0
5686,426.68,electricity,Commercial,Boston,445.86,off-peak,M-7766,Normal,On-Time,0
5687,374.84,electricity,Residential,Chicago,204.86,peak,M-7570,Tampered,Late,1
5688,186.74,electricity,Residential,Seattle,124.51,off-peak,M-4451,Normal,Late,0
5689,322.72,electricity,Residential,Houston,466.44,peak,M-6187,Normal,On-Time,0
5690,122.18,gas,Residential,New York,242.48,off-peak,M-1273,Normal,Late,0
5691,132.8,electricity,Residential,Seattle,166.15,peak,M-1801,Normal,On-Time,0
5692,462.76,gas,Residential,Chicago,393.18,peak,M-5080,Tampered,Late,1
5693,170.25,electricity,Commercial,Chicago,487.1,off-peak,M-7994,Normal,Late,0
5694,52.77,electricity,Residential,Houston,390.34,off-peak,M-2466,Tampered,On-Time,1
5695,470.01,electricity,Commercial,Dallas,393.29,peak,M-1613,Normal,Late,0
5696,99.59,gas,Commercial,Boston,29.78,peak,M-2113,Tampered,Late,1
5697,486.45,electricity,Commercial,Houston,269.39,off-peak,M-8578,Tampered,Late,1
5698,220.03,gas,Commercial,Chicago,440.71,peak,M-9477,Normal,On-Time,0
5699,354.76,electricity,Residential,Los Angeles,374.8,off-peak,M-7198,Tampered,Late,1
5700,52.29,electricity,Residential,New York,299.6,peak,M-3276,Normal,On-Time,0
5701,414.18,gas,Residential,New York,136.2,off-peak,M-8944,Tampered,On-Time,1
5702,284.34,gas,Residential,Miami,59.23,off-peak,M-4502,Tampered,Late,1
5703,274.42,gas,Residential,New York,68.98,peak,M-4797,Tampered,On-Time,1
5704,344.22,electricity,Commercial,Dallas,323.68,off-peak,M-4434,Tampered,Late,1
5705,62.79,electricity,Residential,Houston,157.09,off-peak,M-2228,Normal,On-Time,0
5706,36.44,electricity,Commercial,Los Angeles,133.01,peak,M-6829,Tampered,Late,1
5707,34.12,electricity,Commercial,Miami,483.8,peak,M-1176,Normal,On-Time,0
5708,273.9,electricity,Commercial,Chicago,314.48,off-peak,M-4061,Tampered,On-Time,1
5709,375.55,electricity,Commercial,Dallas,195.45,off-peak,M-9365,Normal,Late,0
5710,81.54,electricity,Residential,Miami,94.3,off-peak,M-2480,Normal,Late,0
5711,114.74,gas,Residential,Boston,227.17,off-peak,M-3244,Normal,Late,0
5712,337.71,electricity,Commercial,Los Angeles,426.52,peak,M-7681,Normal,On-Time,0
5713,374.14,gas,Commercial,New York,412.28,off-peak,M-6533,Tampered,Late,1
5714,103.02,electricity,Commercial,Seattle,285.25,peak,M-3658,Normal,Late,0
5715,73.96,electricity,Residential,New York,76.78,peak,M-7763,Normal,On-Time,0
5716,320.47,gas,Commercial,Dallas,55.26,off-peak,M-9097,Normal,Late,1
5717,398.2,gas,Commercial,New York,162.14,peak,M-5375,Tampered,Late,1
5718,184.34,gas,Residential,Chicago,95.85,off-peak,M-8323,Normal,Late,0
5719,214.15,gas,Commercial,New York,399.9,peak,M-5208,Tampered,On-Time,1
5720,355.09,electricity,Residential,Chicago,367.93,off-peak,M-3821,Normal,On-Time,0
5721,172.62,electricity,Commercial,Miami,258.81,peak,M-1520,Tampered,On-Time,1
5722,310.37,gas,Residential,Los Angeles,407.67,peak,M-9218,Normal,Late,0
5723,292.32,electricity,Residential,New York,164.95,peak,M-7326,Normal,Late,0
5724,123.83,gas,Residential,Miami,460.2,peak,M-1191,Tampered,On-Time,1
5725,30.86,gas,Commercial,Dallas,82.23,off-peak,M-3539,Tampered,On-Time,1
5726,478.51,electricity,Commercial,Miami,135.39,off-peak,M-4590,Tampered,On-Time,1
5727,370.63,electricity,Residential,Seattle,249.51,peak,M-5539,Normal,On-Time,0
5728,257.27,gas,Commercial,Seattle,206.1,peak,M-2102,Normal,On-Time,0
5729,139.19,gas,Residential,Miami,24.54,off-peak,M-7988,Normal,Late,1
5730,197.79,electricity,Residential,Miami,350.64,off-peak,M-8161,Tampered,Late,1
5731,237.81,gas,Residential,Dallas,66.81,off-peak,M-1654,Normal,On-Time,1
5732,229.44,gas,Commercial,Seattle,404.79,peak,M-4360,Normal,On-Time,0
5733,470.52,gas,Commercial,New York,87.9,off-peak,M-6793,Tampered,Late,1
5734,291.06,electricity,Residential,Dallas,198.3,peak,M-7792,Tampered,Late,1
5735,210.82,gas,Residential,Boston,291.06,off-peak,M-5505,Tampered,Late,1
5736,482.11,gas,Residential,Chicago,65.49,off-peak,M-3651,Tampered,On-Time,1
5737,268.64,gas,Residential,Houston,95.87,peak,M-3418,Normal,Late,1
5738,367.09,gas,Commercial,Dallas,83.26,peak,M-4063,Normal,On-Time,1
5739,376.9,electricity,Commercial,Houston,379.96,peak,M-9762,Normal,Late,0
5740,418.59,gas,Residential,Dallas,168.58,off-peak,M-4597,Normal,Late,1
5741,381.13,electricity,Commercial,Seattle,209.05,peak,M-6075,Tampered,On-Time,1
5742,199.45,gas,Commercial,Chicago,363.16,off-peak,M-2290,Normal,On-Time,0
5743,174.66,gas,Residential,Dallas,180.13,off-peak,M-4748,Tampered,Late,1
5744,336.63,electricity,Commercial,Los Angeles,485.35,off-peak,M-6479,Tampered,On-Time,1
5745,262.74,electricity,Commercial,Seattle,367.75,off-peak,M-1563,Tampered,On-Time,1
5746,163.44,gas,Residential,Boston,383.92,off-peak,M-9441,Tampered,Late,1
5747,417.56,gas,Residential,New York,124.01,off-peak,M-5559,Tampered,On-Time,1
5748,127.92,electricity,Residential,Seattle,497.64,peak,M-3914,Normal,On-Time,0
5749,396.48,gas,Commercial,New York,414.41,off-peak,M-9646,Tampered,On-Time,1
5750,380.25,gas,Commercial,Seattle,83.01,peak,M-3846,Tampered,Late,1
5751,295.88,electricity,Residential,Los Angeles,283.57,off-peak,M-6902,Normal,Late,0
5752,43.11,gas,Residential,Dallas,333.6,peak,M-5962,Normal,On-Time,0
5753,456.66,gas,Residential,Dallas,415.21,peak,M-3197,Normal,On-Time,0
5754,127.69,electricity,Commercial,Houston,197.83,peak,M-3202,Normal,On-Time,0
5755,157.97,electricity,Residential,Seattle,5.46,peak,M-2289,Normal,Late,1
5756,42.6,gas,Residential,Boston,480.47,off-peak,M-9996,Tampered,Late,1
5757,88.77,gas,Commercial,Los Angeles,253.34,peak,M-2031,Normal,On-Time,0
5758,114.34,electricity,Commercial,Houston,369.41,off-peak,M-4708,Tampered,Late,1
5759,293.01,electricity,Commercial,Houston,304.42,off-peak,M-2696,Tampered,On-Time,1
5760,24.23,gas,Residential,Los Angeles,181.15,off-peak,M-2696,Normal,On-Time,0
5761,254.39,gas,Commercial,Houston,497.4,peak,M-6321,Tampered,On-Time,1
5762,239.47,electricity,Residential,Los Angeles,82.72,peak,M-5816,Tampered,Late,1
5763,319.7,gas,Residential,Los Angeles,333.36,off-peak,M-7713,Tampered,On-Time,1
5764,258.04,electricity,Commercial,New York,57.61,peak,M-2837,Tampered,Late,1
5765,142.97,gas,Commercial,New York,421.42,peak,M-2039,Normal,On-Time,0
5766,191.06,electricity,Commercial,Miami,3.37,peak,M-8609,Normal,On-Time,1
5767,37.65,electricity,Commercial,Los Angeles,261.89,peak,M-1502,Tampered,Late,1
5768,346.39,electricity,Commercial,Dallas,470.51,peak,M-8829,Tampered,Late,1
5769,196.66,electricity,Commercial,Boston,322.29,off-peak,M-8927,Normal,On-Time,0
5770,426.4,electricity,Commercial,Dallas,476.58,off-peak,M-7927,Normal,Late,0
5771,334.3,electricity,Residential,Miami,63.37,peak,M-1461,Tampered,Late,1
5772,424.84,gas,Commercial,Miami,27.93,peak,M-6694,Normal,Late,1
5773,280.6,electricity,Residential,Boston,344.77,peak,M-5396,Tampered,Late,1
5774,80.85,gas,Commercial,Chicago,354.62,peak,M-2947,Normal,Late,0
5775,321.86,electricity,Residential,New York,136.2,peak,M-7364,Normal,Late,1
5776,479.42,gas,Commercial,Los Angeles,293.81,peak,M-2352,Normal,On-Time,0
5777,71.79,gas,Commercial,Boston,0.73,off-peak,M-2145,Normal,Late,1
5778,175.83,electricity,Residential,New York,114.7,off-peak,M-1821,Tampered,On-Time,1
5779,72.99,electricity,Residential,Miami,9.64,peak,M-3971,Tampered,On-Time,1
5780,7.28,gas,Commercial,Houston,242.17,peak,M-2277,Normal,On-Time,0
5781,9.01,electricity,Commercial,Los Angeles,55.78,peak,M-9617,Normal,On-Time,0
5782,125.21,electricity,Residential,Chicago,124.75,off-peak,M-5566,Tampered,On-Time,1
5783,380.85,electricity,Commercial,Boston,71.03,peak,M-7821,Normal,On-Time,1
5784,92.02,electricity,Residential,Boston,345.29,peak,M-5862,Normal,On-Time,0
5785,23.41,gas,Commercial,Chicago,279.59,peak,M-5383,Normal,Late,0
5786,396.42,gas,Commercial,Miami,118,peak,M-7323,Normal,On-Time,1
5787,312.35,gas,Commercial,Boston,219.95,off-peak,M-1941,Normal,On-Time,0
5788,476.29,gas,Residential,Miami,488.17,off-peak,M-1429,Normal,Late,0
5789,181.64,gas,Commercial,New York,7.35,peak,M-8220,Normal,On-Time,1
5790,288.6,gas,Commercial,Los Angeles,439.16,peak,M-6177,Tampered,Late,1
5791,329.09,electricity,Residential,Houston,306.55,peak,M-9335,Tampered,Late,1
5792,69.45,gas,Commercial,Chicago,194.37,off-peak,M-1698,Tampered,On-Time,1
5793,99.2,electricity,Residential,Chicago,110.37,peak,M-8751,Normal,On-Time,0
5794,323.73,electricity,Commercial,Houston,490.04,peak,M-7473,Normal,On-Time,0
5795,119.02,gas,Commercial,Miami,186.07,off-peak,M-4123,Normal,On-Time,0
5796,82.04,electricity,Residential,Chicago,76.39,peak,M-2980,Tampered,On-Time,1
5797,95.11,electricity,Commercial,Chicago,417.88,off-peak,M-9812,Tampered,On-Time,1
5798,188.55,electricity,Commercial,Boston,41.43,peak,M-6734,Tampered,On-Time,1
5799,160.52,gas,Commercial,New York,327.81,peak,M-7914,Normal,Late,0
5800,441.71,electricity,Commercial,Seattle,63.23,peak,M-8621,Tampered,Late,1
5801,302.55,gas,Commercial,Houston,470.93,off-peak,M-3323,Normal,On-Time,0
5802,451.81,gas,Commercial,Chicago,293.48,off-peak,M-1907,Normal,Late,0
5803,33.03,electricity,Commercial,Los Angeles,468.04,peak,M-6272,Tampered,Late,1
5804,170,gas,Commercial,Chicago,21.65,peak,M-8055,Normal,On-Time,1
5805,470.03,electricity,Commercial,Los Angeles,376.46,peak,M-8097,Normal,On-Time,0
5806,369.86,electricity,Commercial,Los Angeles,186.6,off-peak,M-8460,Tampered,On-Time,1
5807,475.58,electricity,Commercial,Dallas,9.35,peak,M-1154,Normal,Late,1
5808,156.87,electricity,Residential,Los Angeles,156.42,off-peak,M-7347,Tampered,On-Time,1
5809,345.03,gas,Residential,Seattle,366.98,off-peak,M-3506,Normal,On-Time,0
5810,182.86,gas,Commercial,Boston,499.37,peak,M-2988,Normal,On-Time,0
5811,159.68,gas,Commercial,Los Angeles,490.15,off-peak,M-8166,Tampered,On-Time,1
5812,314.57,gas,Residential,New York,68.22,off-peak,M-9678,Tampered,On-Time,1
5813,292.33,gas,Commercial,New York,112.35,peak,M-6205,Tampered,On-Time,1
5814,479.03,gas,Residential,Miami,441.79,peak,M-1195,Normal,On-Time,0
5815,334.6,electricity,Residential,Miami,470.68,peak,M-1017,Tampered,On-Time,1
5816,453.19,gas,Residential,Dallas,326.92,peak,M-7589,Tampered,On-Time,1
5817,336.35,gas,Residential,Dallas,73.81,peak,M-2522,Tampered,Late,1
5818,458.73,electricity,Residential,Dallas,325.06,off-peak,M-7138,Normal,Late,0
5819,18.59,gas,Residential,Chicago,36.08,off-peak,M-9230,Normal,On-Time,0
5820,358.19,electricity,Residential,Chicago,392.48,off-peak,M-6122,Tampered,On-Time,1
5821,43.52,gas,Residential,Dallas,57.51,off-peak,M-8831,Normal,On-Time,0
5822,488.07,electricity,Commercial,Miami,221.23,off-peak,M-4617,Tampered,Late,1
5823,297.55,gas,Residential,Houston,110.3,peak,M-9294,Tampered,Late,1
5824,269.66,gas,Commercial,Chicago,250.06,peak,M-3946,Normal,Late,0
5825,90.19,gas,Residential,Boston,213.62,peak,M-9170,Normal,On-Time,0
5826,107.85,electricity,Residential,Boston,65.36,peak,M-8515,Normal,On-Time,0
5827,119.28,gas,Commercial,Miami,71.19,peak,M-3130,Tampered,Late,1
5828,400.5,electricity,Commercial,Miami,386.54,off-peak,M-4189,Normal,Late,0
5829,428.87,electricity,Residential,Seattle,264.78,peak,M-2532,Normal,On-Time,0
5830,83.31,gas,Commercial,Seattle,440.19,peak,M-4561,Tampered,On-Time,1
5831,179.97,electricity,Residential,Seattle,381.82,off-peak,M-9903,Tampered,Late,1
5832,81.22,electricity,Residential,Houston,115.77,off-peak,M-2829,Tampered,Late,1
5833,72.81,gas,Commercial,Boston,228.19,peak,M-7315,Normal,On-Time,0
5834,299.43,electricity,Commercial,Houston,460.21,off-peak,M-7263,Normal,Late,0
5835,119.61,electricity,Commercial,Miami,496.36,peak,M-1532,Tampered,Late,1
5836,214.83,gas,Commercial,Dallas,123.73,peak,M-6818,Tampered,Late,1
5837,345.38,gas,Residential,Dallas,181.73,peak,M-3162,Tampered,Late,1
5838,149.96,electricity,Commercial,New York,395.88,off-peak,M-7225,Tampered,Late,1
5839,448.86,electricity,Commercial,Boston,285.27,peak,M-3632,Tampered,On-Time,1
5840,446.28,electricity,Residential,Chicago,205.1,peak,M-3989,Tampered,Late,1
5841,440.63,gas,Commercial,Los Angeles,163.82,off-peak,M-9768,Tampered,Late,1
5842,2.85,electricity,Residential,Miami,307.09,peak,M-9912,Normal,On-Time,0
5843,452.26,electricity,Residential,Miami,321.72,peak,M-5574,Normal,Late,0
5844,225.75,gas,Commercial,Los Angeles,23.22,peak,M-6489,Normal,On-Time,1
5845,325.7,electricity,Commercial,Houston,91.32,peak,M-3749,Normal,Late,1
5846,423.57,gas,Commercial,Dallas,382.02,off-peak,M-8582,Normal,Late,0
5847,328.9,gas,Residential,Miami,28.28,peak,M-2298,Tampered,Late,1
5848,449.03,electricity,Commercial,Dallas,178.71,peak,M-4868,Normal,Late,1
5849,1.43,gas,Commercial,Chicago,138.6,off-peak,M-4180,Normal,On-Time,0
5850,472.43,gas,Commercial,Boston,217.1,peak,M-7113,Tampered,On-Time,1
5851,263.94,electricity,Commercial,Boston,304.77,off-peak,M-8298,Normal,Late,0
5852,321.5,electricity,Commercial,New York,442.89,peak,M-7222,Normal,On-Time,0
5853,109.68,gas,Residential,Chicago,211.01,off-peak,M-6162,Tampered,On-Time,1
5854,81,electricity,Residential,Seattle,77.19,peak,M-8312,Tampered,Late,1
5855,147.86,gas,Residential,Boston,406.78,peak,M-9639,Tampered,On-Time,1
5856,96.99,electricity,Commercial,Miami,453.85,peak,M-6963,Tampered,On-Time,1
5857,60.13,electricity,Commercial,Seattle,447.35,off-peak,M-2161,Tampered,Late,1
5858,239.39,gas,Commercial,Houston,228.01,off-peak,M-4010,Normal,On-Time,0
5859,204.12,electricity,Commercial,Miami,359.62,peak,M-4438,Tampered,Late,1
5860,106.37,gas,Commercial,Dallas,30.3,peak,M-4085,Tampered,On-Time,1
5861,213.84,gas,Commercial,Dallas,160.13,peak,M-5025,Tampered,On-Time,1
5862,324.01,electricity,Commercial,Los Angeles,115.48,peak,M-7517,Normal,On-Time,1
5863,20.07,gas,Residential,Boston,326.23,peak,M-7231,Normal,Late,0
5864,481.29,electricity,Residential,Dallas,382.48,peak,M-8311,Normal,On-Time,0
5865,479.06,gas,Residential,Miami,416.83,peak,M-3217,Tampered,Late,1
5866,316.86,gas,Residential,Chicago,307.92,off-peak,M-4494,Normal,Late,0
5867,210.06,gas,Residential,Miami,317.88,peak,M-9228,Tampered,On-Time,1
5868,115.93,electricity,Residential,Chicago,75.52,off-peak,M-8975,Tampered,On-Time,1
5869,33.5,electricity,Residential,Houston,366.2,peak,M-8019,Tampered,On-Time,1
5870,414.12,gas,Commercial,Dallas,389.69,peak,M-7323,Normal,Late,0
5871,137.11,electricity,Residential,New York,431.17,off-peak,M-8493,Tampered,On-Time,1
5872,495.51,electricity,Commercial,Dallas,262.96,peak,M-4609,Normal,Late,0
5873,361.49,electricity,Commercial,Los Angeles,269.36,off-peak,M-8253,Tampered,Late,1
5874,62.93,gas,Commercial,Houston,138.89,peak,M-2374,Normal,Late,0
5875,126.32,electricity,Commercial,New York,487.63,peak,M-8854,Normal,On-Time,0
5876,18.09,electricity,Commercial,Chicago,447.83,peak,M-2730,Normal,On-Time,0
5877,249.08,gas,Commercial,Dallas,264.1,peak,M-1480,Tampered,On-Time,1
5878,277.4,gas,Commercial,Miami,464.07,off-peak,M-3449,Tampered,On-Time,1
5879,205.29,gas,Commercial,Los Angeles,322.02,peak,M-3452,Tampered,On-Time,1
5880,416.62,gas,Commercial,Los Angeles,215.32,off-peak,M-5157,Normal,On-Time,0
5881,458.82,gas,Commercial,Boston,397,off-peak,M-3128,Tampered,On-Time,1
5882,360.29,electricity,Commercial,Houston,50.4,peak,M-6336,Tampered,Late,1
5883,67.21,electricity,Commercial,Houston,460.13,peak,M-3595,Tampered,Late,1
5884,94.19,gas,Residential,Miami,200.7,off-peak,M-4490,Normal,On-Time,0
5885,306.85,gas,Commercial,Boston,106.07,peak,M-5542,Tampered,On-Time,1
5886,417.43,electricity,Commercial,Seattle,63.48,off-peak,M-1446,Normal,On-Time,1
5887,195.6,gas,Residential,Los Angeles,112.5,off-peak,M-2771,Tampered,Late,1
5888,367.13,gas,Commercial,Dallas,294.01,peak,M-5713,Normal,Late,0
5889,113.66,gas,Residential,Los Angeles,428.42,peak,M-3025,Tampered,Late,1
5890,161.44,gas,Commercial,Los Angeles,3.24,peak,M-7749,Tampered,Late,1
5891,43.64,gas,Commercial,Los Angeles,35.42,off-peak,M-7649,Tampered,On-Time,1
5892,337.32,gas,Residential,Houston,292.57,peak,M-6998,Normal,On-Time,0
5893,141.51,gas,Commercial,Dallas,186.34,off-peak,M-2920,Tampered,On-Time,1
5894,139.97,gas,Commercial,Boston,3.64,peak,M-3048,Normal,On-Time,1
5895,465.68,electricity,Commercial,Boston,233.58,peak,M-5414,Normal,Late,0
5896,305.82,gas,Commercial,Houston,89.46,off-peak,M-4352,Normal,Late,1
5897,174.27,gas,Commercial,Chicago,192.3,peak,M-7662,Normal,On-Time,0
5898,181.97,gas,Residential,Chicago,209.47,off-peak,M-9922,Normal,On-Time,0
5899,395.02,gas,Commercial,Miami,267.63,off-peak,M-8820,Normal,On-Time,0
5900,317.92,electricity,Residential,Seattle,478.32,off-peak,M-3391,Normal,On-Time,0
5901,98.86,gas,Residential,Los Angeles,454.5,off-peak,M-1910,Normal,On-Time,0
5902,325.53,electricity,Commercial,Los Angeles,482.04,peak,M-7657,Tampered,On-Time,1
5903,192.65,electricity,Commercial,Houston,239.27,peak,M-4024,Normal,Late,0
5904,332.16,gas,Residential,Houston,346.35,off-peak,M-2656,Normal,On-Time,0
5905,132.61,gas,Residential,Miami,355.31,off-peak,M-4678,Normal,Late,0
5906,229.3,gas,Residential,New York,270.1,off-peak,M-6118,Tampered,On-Time,1
5907,281.48,gas,Commercial,New York,447.5,peak,M-3413,Tampered,Late,1
5908,348.21,electricity,Residential,Seattle,352.34,peak,M-2885,Tampered,Late,1
5909,139.2,gas,Commercial,Dallas,118.74,peak,M-5006,Normal,Late,0
5910,155.76,gas,Commercial,Los Angeles,170.31,off-peak,M-7822,Normal,Late,0
5911,128.52,gas,Commercial,Chicago,31.77,peak,M-9701,Tampered,Late,1
5912,17.08,electricity,Residential,Miami,301.16,peak,M-6712,Tampered,On-Time,1
5913,147.24,electricity,Residential,Boston,46.14,peak,M-6686,Normal,On-Time,1
5914,80.57,electricity,Commercial,Miami,132.97,off-peak,M-8337,Tampered,On-Time,1
5915,404.16,electricity,Residential,Dallas,196.21,peak,M-9798,Tampered,On-Time,1
5916,124.86,gas,Commercial,Seattle,438.87,off-peak,M-7559,Normal,Late,0
5917,440.23,gas,Commercial,Seattle,24.47,off-peak,M-3559,Normal,On-Time,1
5918,69.44,gas,Commercial,Los Angeles,107.27,off-peak,M-7684,Tampered,On-Time,1
5919,82.89,electricity,Residential,Houston,147.77,off-peak,M-9864,Tampered,Late,1
5920,384.74,electricity,Residential,Dallas,425.22,off-peak,M-7841,Normal,Late,0
5921,285.99,electricity,Commercial,Chicago,418.74,off-peak,M-3582,Normal,Late,0
5922,462.85,gas,Residential,Houston,120.84,off-peak,M-4141,Normal,On-Time,1
5923,140.43,gas,Commercial,Houston,344.86,peak,M-3690,Tampered,Late,1
5924,47.47,gas,Commercial,Houston,490.31,peak,M-8221,Tampered,Late,1
5925,398.29,electricity,Commercial,Chicago,39.5,peak,M-6624,Tampered,Late,1
5926,460.21,gas,Residential,Houston,97.84,off-peak,M-9814,Tampered,On-Time,1
5927,187.87,electricity,Commercial,Dallas,451.7,peak,M-9810,Tampered,Late,1
5928,326.69,gas,Residential,New York,86.64,off-peak,M-7288,Tampered,On-Time,1
5929,326.36,gas,Commercial,Dallas,417.26,peak,M-7650,Normal,On-Time,0
5930,470.59,gas,Residential,Los Angeles,253.06,peak,M-5731,Tampered,On-Time,1
5931,204.84,gas,Residential,New York,7.87,peak,M-5444,Normal,Late,1
5932,179.23,electricity,Commercial,Boston,87.33,off-peak,M-9992,Tampered,On-Time,1
5933,78.69,electricity,Residential,Los Angeles,218.44,peak,M-8390,Tampered,Late,1
5934,34.3,gas,Commercial,Los Angeles,328.05,off-peak,M-6912,Tampered,On-Time,1
5935,50.39,electricity,Residential,Seattle,251.75,peak,M-3283,Tampered,On-Time,1
5936,161.85,electricity,Commercial,Los Angeles,237.65,off-peak,M-7990,Normal,On-Time,0
5937,57.38,electricity,Residential,Chicago,428.53,off-peak,M-9940,Tampered,On-Time,1
5938,454.48,electricity,Commercial,Houston,26.82,peak,M-8697,Tampered,Late,1
5939,441.04,electricity,Commercial,Miami,477.91,peak,M-2946,Normal,On-Time,0
5940,270.06,gas,Residential,Boston,40.51,off-peak,M-7451,Normal,On-Time,1
5941,105.85,electricity,Commercial,Houston,476.41,off-peak,M-6366,Normal,On-Time,0
5942,182.92,gas,Commercial,New York,249.61,peak,M-9051,Tampered,On-Time,1
5943,470.58,electricity,Residential,Seattle,498.03,off-peak,M-6559,Normal,On-Time,0
5944,138.33,electricity,Commercial,New York,56.73,off-peak,M-1797,Normal,Late,1
5945,296.37,gas,Commercial,Seattle,166.81,peak,M-6276,Normal,Late,0
5946,313.11,gas,Commercial,Chicago,365.65,peak,M-1645,Tampered,Late,1
5947,175.69,electricity,Commercial,Houston,215.39,off-peak,M-5999,Tampered,On-Time,1
5948,372.16,electricity,Commercial,Dallas,437.56,off-peak,M-6237,Normal,On-Time,0
5949,334.33,gas,Residential,Los Angeles,329.89,off-peak,M-8016,Normal,On-Time,0
5950,108.77,electricity,Commercial,Los Angeles,245.28,off-peak,M-1583,Tampered,On-Time,1
5951,0.52,gas,Commercial,Los Angeles,165.96,peak,M-5999,Normal,Late,0
5952,196.23,gas,Commercial,Dallas,86.93,off-peak,M-8558,Tampered,Late,1
5953,56.13,gas,Residential,Boston,141.64,off-peak,M-8803,Normal,Late,0
5954,201.52,electricity,Commercial,Los Angeles,444.27,off-peak,M-8458,Tampered,On-Time,1
5955,18.16,gas,Residential,Dallas,426.39,peak,M-9571,Tampered,Late,1
5956,469.71,electricity,Residential,Seattle,240.38,off-peak,M-5285,Tampered,Late,1
5957,397.56,electricity,Commercial,Miami,379.6,peak,M-8891,Tampered,On-Time,1
5958,212.52,electricity,Commercial,Dallas,412.59,off-peak,M-9160,Tampered,Late,1
5959,87.24,electricity,Residential,Los Angeles,67.45,off-peak,M-4372,Normal,Late,0
5960,197.35,electricity,Commercial,Seattle,294.6,peak,M-9965,Normal,Late,0
5961,121.12,gas,Residential,Los Angeles,380.84,off-peak,M-2605,Normal,Late,0
5962,420.6,gas,Residential,Dallas,350.44,peak,M-6634,Normal,On-Time,0
5963,461.53,electricity,Residential,Boston,394.1,off-peak,M-3099,Normal,On-Time,0
5964,161.08,electricity,Residential,Houston,429.68,peak,M-2378,Tampered,On-Time,1
5965,24.15,gas,Commercial,Dallas,183.94,off-peak,M-5103,Normal,On-Time,0
5966,4.27,electricity,Residential,New York,176.13,peak,M-9569,Tampered,Late,1
5967,497.67,electricity,Commercial,Dallas,497.43,peak,M-4158,Normal,Late,0
5968,388.74,gas,Commercial,Dallas,251.61,off-peak,M-3966,Normal,On-Time,0
5969,22.54,electricity,Commercial,Houston,396.79,off-peak,M-2036,Tampered,On-Time,1
5970,452.46,electricity,Commercial,Miami,69.56,off-peak,M-4053,Normal,Late,1
5971,268.08,electricity,Commercial,Chicago,232.93,off-peak,M-5812,Normal,Late,0
5972,485.8,gas,Commercial,Dallas,241.01,peak,M-9769,Tampered,On-Time,1
5973,286.85,electricity,Commercial,Los Angeles,263.99,off-peak,M-6912,Normal,On-Time,0
5974,403.02,gas,Commercial,Miami,422.42,peak,M-9819,Normal,On-Time,0
5975,320.04,electricity,Commercial,Miami,215.12,peak,M-9510,Normal,Late,0
5976,426.53,gas,Commercial,Dallas,320.35,peak,M-5476,Tampered,On-Time,1
5977,59.64,electricity,Commercial,Houston,304.89,peak,M-5233,Normal,On-Time,0
5978,379.51,gas,Residential,Los Angeles,299.53,off-peak,M-4919,Normal,Late,0
5979,444.24,gas,Residential,Seattle,488.27,off-peak,M-5352,Tampered,On-Time,1
5980,443.09,electricity,Commercial,Chicago,40.95,off-peak,M-6792,Normal,Late,1
5981,221.76,gas,Residential,Seattle,93.24,off-peak,M-5948,Tampered,Late,1
5982,251.72,electricity,Commercial,Seattle,118.83,off-peak,M-3744,Tampered,On-Time,1
5983,193.98,electricity,Residential,Los Angeles,286.63,peak,M-9816,Normal,Late,0
5984,304.08,electricity,Commercial,Chicago,138.28,peak,M-5117,Tampered,Late,1
5985,97.25,electricity,Commercial,Miami,300.11,peak,M-3054,Tampered,On-Time,1
5986,23.53,gas,Commercial,Boston,71.53,peak,M-8812,Tampered,On-Time,1
5987,431.37,electricity,Residential,Chicago,183.56,off-peak,M-4388,Normal,Late,1
5988,209.23,gas,Residential,Los Angeles,99.74,peak,M-1934,Tampered,On-Time,1
5989,444.92,electricity,Commercial,Miami,232.32,peak,M-6878,Tampered,Late,1
5990,396.66,electricity,Commercial,Houston,211.32,off-peak,M-1319,Tampered,On-Time,1
5991,427.76,electricity,Commercial,Seattle,328.7,off-peak,M-1438,Tampered,Late,1
5992,115.73,gas,Commercial,Los Angeles,336.46,peak,M-5660,Normal,On-Time,0
5993,300.59,electricity,Residential,Houston,449.57,peak,M-9045,Normal,Late,0
5994,271.67,gas,Commercial,Dallas,75.89,off-peak,M-4580,Normal,On-Time,1
5995,291.44,electricity,Residential,Los Angeles,139.54,peak,M-5130,Normal,Late,1
5996,459.54,electricity,Commercial,Houston,26.14,off-peak,M-4171,Tampered,On-Time,1
5997,194.27,gas,Residential,Dallas,148.69,off-peak,M-3114,Tampered,On-Time,1
5998,8.26,electricity,Commercial,Boston,76.23,off-peak,M-5759,Normal,Late,0
5999,2.72,gas,Residential,Chicago,372.82,off-peak,M-7785,Normal,Late,0
6000,245.06,electricity,Residential,Boston,123.41,peak,M-6319,Normal,Late,0
6001,244.82,electricity,Residential,Chicago,49.24,off-peak,M-7441,Tampered,Late,1
6002,54.65,electricity,Residential,Miami,201.79,off-peak,M-5988,Tampered,On-Time,1
6003,443.45,gas,Commercial,Miami,107.96,peak,M-3830,Tampered,On-Time,1
6004,253.98,gas,Residential,New York,233.75,peak,M-7383,Normal,Late,0
6005,194.1,gas,Commercial,Miami,490.77,off-peak,M-2087,Normal,Late,0
6006,307.6,electricity,Residential,New York,163.5,peak,M-8024,Normal,On-Time,0
6007,204.35,gas,Residential,Seattle,409.93,peak,M-2598,Normal,Late,0
6008,267.15,electricity,Commercial,New York,433.84,off-peak,M-6511,Tampered,On-Time,1
6009,410.37,electricity,Residential,Boston,86.17,peak,M-1275,Tampered,Late,1
6010,49.27,electricity,Residential,New York,122.35,peak,M-2826,Tampered,On-Time,1
6011,258.56,gas,Residential,Los Angeles,51.99,peak,M-4678,Tampered,Late,1
6012,351.34,gas,Residential,Miami,324.2,off-peak,M-2549,Tampered,On-Time,1
6013,96.97,electricity,Commercial,Houston,3.94,off-peak,M-7030,Tampered,Late,1
6014,339.56,gas,Residential,Miami,402.58,peak,M-9608,Tampered,On-Time,1
6015,229.55,electricity,Commercial,Seattle,274.32,off-peak,M-7664,Tampered,Late,1
6016,456.62,gas,Residential,New York,118.17,peak,M-2628,Normal,On-Time,1
6017,235.57,gas,Residential,Seattle,113.66,off-peak,M-7355,Tampered,Late,1
6018,175.85,electricity,Residential,Boston,481.9,peak,M-1313,Normal,Late,0
6019,237.55,gas,Residential,Houston,497.87,off-peak,M-2724,Normal,Late,0
6020,493.37,electricity,Commercial,New York,328.72,peak,M-2413,Tampered,Late,1
6021,331.57,gas,Residential,Houston,216.88,peak,M-2731,Tampered,On-Time,1
6022,150.67,electricity,Residential,Boston,351.68,off-peak,M-6698,Tampered,On-Time,1
6023,423.81,gas,Commercial,Seattle,432.79,off-peak,M-6043,Normal,Late,0
6024,4.67,electricity,Commercial,New York,202.75,peak,M-6505,Tampered,Late,1
6025,319.16,electricity,Commercial,Boston,62.4,peak,M-7976,Tampered,On-Time,1
6026,490.6,gas,Commercial,Dallas,368.97,off-peak,M-1229,Tampered,On-Time,1
6027,208.63,gas,Commercial,Chicago,226.31,peak,M-4002,Normal,Late,0
6028,382.95,gas,Residential,Seattle,274.13,peak,M-9595,Tampered,Late,1
6029,220.16,electricity,Residential,Boston,103.09,peak,M-5920,Tampered,Late,1
6030,155.14,gas,Commercial,Boston,427.43,off-peak,M-2549,Normal,On-Time,0
6031,113.48,electricity,Commercial,Miami,128.51,peak,M-7969,Tampered,On-Time,1
6032,393.01,gas,Residential,Los Angeles,0.66,peak,M-7488,Tampered,Late,1
6033,139.95,gas,Residential,Houston,115.77,off-peak,M-6427,Normal,On-Time,0
6034,172.38,electricity,Residential,Miami,488.6,peak,M-6923,Tampered,On-Time,1
6035,116.46,gas,Residential,New York,9.56,peak,M-3529,Normal,On-Time,1
6036,366.54,electricity,Commercial,Miami,319.74,off-peak,M-9446,Tampered,On-Time,1
6037,475.63,gas,Residential,Houston,470.15,off-peak,M-5300,Tampered,On-Time,1
6038,201.37,electricity,Commercial,Dallas,461.6,peak,M-7100,Tampered,Late,1
6039,421.48,gas,Residential,New York,318.35,off-peak,M-9228,Tampered,Late,1
6040,34.44,electricity,Commercial,Boston,140.46,off-peak,M-3074,Tampered,On-Time,1
6041,495.9,gas,Residential,Houston,347.9,peak,M-8098,Normal,On-Time,0
6042,62.61,gas,Commercial,Boston,109.43,peak,M-5464,Tampered,Late,1
6043,438.95,gas,Commercial,Miami,236.52,off-peak,M-3412,Normal,On-Time,0
6044,144.53,electricity,Residential,Boston,73.47,off-peak,M-9468,Tampered,Late,1
6045,339.32,electricity,Residential,Houston,13.27,peak,M-4534,Normal,On-Time,1
6046,259.69,gas,Commercial,Dallas,331.33,peak,M-7083,Normal,Late,0
6047,485.42,gas,Commercial,Dallas,489.01,peak,M-5922,Normal,Late,0
6048,30.63,gas,Residential,Miami,8.93,off-peak,M-3632,Tampered,Late,1
6049,289.58,gas,Residential,Dallas,358.83,off-peak,M-1776,Tampered,On-Time,1
6050,226.29,electricity,Commercial,Los Angeles,397.91,off-peak,M-5921,Normal,Late,0
6051,156.21,electricity,Commercial,Chicago,330.32,peak,M-3937,Tampered,Late,1
6052,20.65,gas,Commercial,Houston,186.53,peak,M-2307,Tampered,Late,1
6053,257.42,gas,Residential,Chicago,397.69,peak,M-9574,Normal,On-Time,0
6054,157.65,electricity,Residential,Seattle,224.31,peak,M-5256,Tampered,On-Time,1
6055,408.52,gas,Commercial,Houston,351.28,off-peak,M-7930,Normal,On-Time,0
6056,212.25,electricity,Residential,Chicago,93.15,peak,M-2467,Tampered,On-Time,1
6057,385.25,gas,Commercial,Houston,194.01,off-peak,M-4563,Tampered,Late,1
6058,389.37,gas,Residential,Los Angeles,59.82,off-peak,M-9461,Normal,Late,1
6059,191.74,gas,Commercial,Houston,129.82,off-peak,M-8911,Normal,On-Time,0
6060,29.36,gas,Residential,Seattle,235.56,peak,M-9368,Tampered,Late,1
6061,377.93,gas,Commercial,Chicago,40.56,peak,M-1736,Tampered,Late,1
6062,55.42,electricity,Residential,New York,106.24,off-peak,M-2716,Normal,Late,0
6063,101.18,gas,Residential,Miami,473.27,off-peak,M-6450,Normal,Late,0
6064,45.88,gas,Commercial,Dallas,196.33,peak,M-2011,Tampered,Late,1
6065,498.31,electricity,Residential,Seattle,316.35,peak,M-2805,Tampered,On-Time,1
6066,341.71,electricity,Commercial,Seattle,366.64,off-peak,M-4018,Tampered,Late,1
6067,464.98,gas,Residential,New York,53.54,peak,M-3267,Normal,On-Time,1
6068,267.26,electricity,Commercial,Dallas,478.61,off-peak,M-5986,Tampered,Late,1
6069,378.4,electricity,Residential,Houston,126.93,peak,M-5765,Normal,Late,1
6070,317.9,gas,Residential,Los Angeles,436.64,peak,M-5458,Normal,Late,0
6071,464.25,gas,Residential,New York,56.47,peak,M-9773,Tampered,Late,1
6072,277.11,gas,Commercial,Miami,445.69,off-peak,M-4267,Tampered,On-Time,1
6073,93.22,gas,Commercial,Houston,24.56,off-peak,M-7872,Normal,Late,1
6074,441.25,gas,Residential,Dallas,338.14,off-peak,M-7530,Tampered,On-Time,1
6075,200.26,gas,Residential,Los Angeles,283.34,peak,M-7710,Normal,On-Time,0
6076,182.57,electricity,Commercial,Seattle,273.43,peak,M-5182,Normal,On-Time,0
6077,439.99,gas,Commercial,New York,200.93,peak,M-7209,Tampered,On-Time,1
6078,84.04,electricity,Residential,New York,401.26,off-peak,M-1870,Normal,On-Time,0
6079,408.59,gas,Commercial,Chicago,289.45,peak,M-4265,Tampered,On-Time,1
6080,373.82,electricity,Residential,Los Angeles,150.37,off-peak,M-2711,Tampered,Late,1
6081,358.21,gas,Residential,Chicago,241.8,peak,M-5150,Tampered,Late,1
6082,485.38,electricity,Commercial,Chicago,261.53,off-peak,M-1929,Normal,On-Time,0
6083,405.6,electricity,Commercial,Los Angeles,321.09,peak,M-1209,Normal,Late,0
6084,346.75,gas,Residential,Los Angeles,279.33,off-peak,M-1704,Normal,Late,0
6085,389.59,gas,Commercial,Boston,42.38,off-peak,M-4349,Normal,Late,1
6086,227.26,electricity,Residential,Los Angeles,141.21,peak,M-9372,Tampered,Late,1
6087,116.77,gas,Residential,Dallas,69.62,off-peak,M-8842,Tampered,Late,1
6088,477.92,electricity,Commercial,Chicago,57.14,off-peak,M-9968,Tampered,On-Time,1
6089,212.28,electricity,Commercial,New York,340.99,peak,M-9686,Tampered,On-Time,1
6090,249.41,electricity,Commercial,New York,201.84,off-peak,M-3778,Tampered,On-Time,1
6091,280.49,electricity,Residential,Chicago,246.79,peak,M-6880,Normal,Late,0
6092,252.37,electricity,Commercial,Los Angeles,41.47,peak,M-1305,Normal,Late,1
6093,352.82,electricity,Residential,Dallas,490.54,peak,M-8901,Tampered,Late,1
6094,44.13,electricity,Residential,Miami,348.64,off-peak,M-8591,Normal,On-Time,0
6095,471.3,gas,Residential,New York,309.08,peak,M-5254,Tampered,Late,1
6096,245.41,electricity,Commercial,New York,210.69,off-peak,M-1825,Tampered,On-Time,1
6097,149.48,gas,Residential,Seattle,64.48,peak,M-8685,Normal,On-Time,1
6098,234.65,gas,Residential,Miami,488.13,peak,M-8900,Tampered,Late,1
6099,43.99,gas,Commercial,Los Angeles,145.17,off-peak,M-1301,Normal,Late,0
6100,48.38,electricity,Commercial,Boston,482.03,peak,M-7336,Tampered,On-Time,1
6101,290.46,gas,Residential,Seattle,410.04,off-peak,M-7321,Tampered,On-Time,1
6102,362.74,gas,Commercial,Dallas,193.95,peak,M-6757,Normal,On-Time,0
6103,313.49,electricity,Residential,Dallas,429.27,off-peak,M-1973,Normal,Late,0
6104,372.21,gas,Commercial,New York,167.12,off-peak,M-9057,Tampered,Late,1
6105,163.48,electricity,Residential,Los Angeles,191.05,peak,M-5064,Tampered,Late,1
6106,118.9,electricity,Residential,Dallas,395.69,peak,M-4946,Normal,Late,0
6107,148.26,gas,Commercial,Miami,389.38,peak,M-6223,Tampered,On-Time,1
6108,442.34,electricity,Commercial,Houston,407.18,off-peak,M-8289,Tampered,Late,1
6109,388.47,electricity,Commercial,New York,44.74,off-peak,M-9224,Normal,On-Time,1
6110,331.05,electricity,Commercial,New York,324.99,off-peak,M-1383,Normal,Late,0
6111,128.78,electricity,Commercial,Houston,222,peak,M-7897,Normal,On-Time,0
6112,258.29,gas,Residential,Miami,53.37,off-peak,M-9685,Tampered,Late,1
6113,487.77,gas,Residential,Los Angeles,459.85,off-peak,M-9679,Tampered,Late,1
6114,442.7,gas,Residential,Houston,71.93,off-peak,M-6932,Normal,On-Time,1
6115,367.58,gas,Commercial,Los Angeles,221.97,off-peak,M-3064,Normal,Late,0
6116,351.68,electricity,Commercial,Miami,45.06,peak,M-2463,Tampered,Late,1
6117,436.35,electricity,Commercial,Seattle,348.21,off-peak,M-1058,Tampered,Late,1
6118,459.02,gas,Commercial,Seattle,140.84,off-peak,M-2988,Normal,On-Time,1
6119,438.51,gas,Residential,New York,385.36,off-peak,M-5181,Normal,On-Time,0
6120,295.86,electricity,Commercial,Houston,226.25,peak,M-9007,Tampered,On-Time,1
6121,476.52,electricity,Residential,Houston,360.41,peak,M-9672,Normal,On-Time,0
6122,211.15,electricity,Commercial,Seattle,173.59,off-peak,M-1360,Normal,Late,0
6123,236.15,electricity,Commercial,Dallas,143.12,off-peak,M-5615,Tampered,On-Time,1
6124,136.29,gas,Residential,Houston,218.87,peak,M-4494,Normal,Late,0
6125,347.91,electricity,Residential,Los Angeles,271.05,peak,M-6293,Tampered,Late,1
6126,115.29,gas,Commercial,New York,68.08,off-peak,M-9650,Tampered,On-Time,1
6127,130.42,gas,Commercial,Houston,363.51,peak,M-7051,Tampered,On-Time,1
6128,219.88,gas,Residential,New York,199.33,off-peak,M-2150,Normal,On-Time,0
6129,331.88,electricity,Residential,Miami,90.86,peak,M-7743,Tampered,On-Time,1
6130,221.14,electricity,Commercial,Los Angeles,73.74,off-peak,M-4336,Normal,On-Time,1
6131,70.6,gas,Residential,Dallas,155.04,peak,M-7115,Normal,Late,0
6132,492.99,electricity,Residential,Miami,130.18,off-peak,M-5630,Normal,On-Time,1
6133,389.69,electricity,Commercial,Miami,266.13,off-peak,M-6112,Tampered,On-Time,1
6134,37.02,gas,Residential,Seattle,148.73,peak,M-9551,Normal,Late,0
6135,108,electricity,Commercial,Dallas,22.03,peak,M-8445,Tampered,Late,1
6136,48.53,gas,Residential,Chicago,9.29,off-peak,M-3095,Normal,On-Time,1
6137,448.39,gas,Commercial,Boston,86.75,off-peak,M-1574,Tampered,Late,1
6138,313.77,gas,Residential,Miami,456.55,off-peak,M-3300,Tampered,On-Time,1
6139,393.64,electricity,Commercial,Chicago,114.87,off-peak,M-8174,Tampered,On-Time,1
6140,404.03,electricity,Commercial,Houston,464.15,off-peak,M-5721,Normal,Late,0
6141,142.65,gas,Commercial,Miami,411.41,peak,M-2845,Normal,On-Time,0
6142,281,gas,Commercial,Chicago,227.85,off-peak,M-5317,Normal,Late,0
6143,353.39,electricity,Residential,Houston,176.55,peak,M-9000,Tampered,Late,1
6144,69.49,electricity,Commercial,New York,355.85,off-peak,M-1170,Normal,On-Time,0
6145,467.22,gas,Residential,New York,269.51,peak,M-9336,Tampered,On-Time,1
6146,207.96,gas,Commercial,New York,196.78,peak,M-3055,Normal,On-Time,0
6147,495.61,gas,Commercial,Dallas,373.64,off-peak,M-9500,Normal,On-Time,0
6148,396.62,electricity,Residential,Boston,183.11,peak,M-6086,Normal,On-Time,1
6149,58.15,electricity,Residential,New York,199.7,peak,M-8755,Normal,On-Time,0
6150,191.99,gas,Residential,Chicago,69.29,peak,M-1990,Normal,On-Time,1
6151,438,electricity,Commercial,New York,48.62,peak,M-9501,Normal,On-Time,1
6152,96.89,gas,Commercial,Boston,215.98,off-peak,M-1673,Tampered,Late,1
6153,400.6,gas,Residential,Los Angeles,343.5,off-peak,M-7607,Tampered,Late,1
6154,71.63,gas,Residential,Miami,286.54,peak,M-9154,Normal,Late,0
6155,225.46,electricity,Residential,Chicago,448.4,off-peak,M-3283,Tampered,On-Time,1
6156,88.28,electricity,Commercial,Seattle,430.8,peak,M-9976,Tampered,Late,1
6157,223.45,gas,Commercial,Dallas,158.89,off-peak,M-1159,Tampered,Late,1
6158,44.98,gas,Residential,Seattle,244.01,off-peak,M-6782,Normal,Late,0
6159,166.44,electricity,Commercial,Houston,258.47,off-peak,M-7610,Tampered,On-Time,1
6160,427.81,electricity,Residential,Seattle,333.29,peak,M-2832,Tampered,Late,1
6161,196.75,electricity,Commercial,Dallas,103.03,peak,M-9439,Normal,Late,0
6162,85.13,electricity,Commercial,Dallas,134.35,peak,M-9487,Normal,On-Time,0
6163,309.88,gas,Residential,Boston,48.38,peak,M-8792,Normal,On-Time,1
6164,422.35,electricity,Residential,Houston,71.38,off-peak,M-6044,Normal,On-Time,1
6165,236.67,gas,Commercial,Boston,357.41,off-peak,M-9162,Normal,On-Time,0
6166,438.27,gas,Residential,Seattle,306.74,peak,M-7760,Tampered,On-Time,1
6167,264.69,electricity,Residential,Houston,131.55,off-peak,M-2555,Tampered,Late,1
6168,449.94,electricity,Residential,Dallas,190.69,peak,M-6419,Normal,On-Time,1
6169,115.48,electricity,Residential,Chicago,458.96,off-peak,M-7624,Normal,On-Time,0
6170,318.36,gas,Residential,New York,485.06,off-peak,M-9951,Tampered,On-Time,1
6171,237.04,gas,Residential,New York,357.97,off-peak,M-1071,Tampered,On-Time,1
6172,265.42,electricity,Commercial,Houston,379.29,peak,M-7481,Tampered,Late,1
6173,358.35,electricity,Residential,Seattle,459.64,peak,M-2520,Normal,On-Time,0
6174,236.89,electricity,Residential,Boston,400.08,off-peak,M-5882,Tampered,On-Time,1
6175,103.57,gas,Residential,Boston,412.46,off-peak,M-8284,Tampered,Late,1
6176,59.69,electricity,Commercial,Houston,84.93,peak,M-7218,Tampered,On-Time,1
6177,124.71,gas,Commercial,New York,270.29,peak,M-2545,Tampered,Late,1
6178,143.7,gas,Residential,Miami,393.3,off-peak,M-5594,Tampered,Late,1
6179,340.45,electricity,Residential,Boston,382.44,peak,M-1581,Tampered,Late,1
6180,26.41,electricity,Commercial,New York,253.05,off-peak,M-7649,Normal,Late,0
6181,224.47,electricity,Commercial,New York,399.67,off-peak,M-6587,Tampered,Late,1
6182,492.84,electricity,Residential,Miami,107,off-peak,M-4735,Tampered,On-Time,1
6183,298.5,electricity,Residential,New York,221.58,off-peak,M-4994,Tampered,Late,1
6184,49.74,gas,Commercial,Boston,235.19,off-peak,M-8352,Normal,On-Time,0
6185,420.8,gas,Commercial,Chicago,21.54,off-peak,M-5880,Normal,Late,1
6186,87.01,gas,Commercial,Dallas,134.62,peak,M-5648,Normal,On-Time,0
6187,329.04,electricity,Commercial,Seattle,197.43,peak,M-7761,Tampered,On-Time,1
6188,391.65,electricity,Commercial,Miami,389.22,peak,M-9431,Normal,On-Time,0
6189,232.35,gas,Commercial,Boston,467.67,peak,M-1398,Tampered,On-Time,1
6190,243.38,electricity,Commercial,New York,366.56,peak,M-7850,Normal,Late,0
6191,349.53,electricity,Commercial,Houston,489.61,peak,M-4293,Normal,Late,0
6192,305.04,gas,Commercial,Los Angeles,434.07,peak,M-4065,Tampered,Late,1
6193,11.45,gas,Commercial,Los Angeles,401.81,off-peak,M-4864,Tampered,Late,1
6194,298.62,electricity,Residential,Miami,128.71,off-peak,M-7246,Normal,Late,1
6195,313.34,electricity,Commercial,Houston,127.58,off-peak,M-1827,Tampered,Late,1
6196,147.59,electricity,Commercial,Miami,89.79,peak,M-7808,Tampered,Late,1
6197,167.49,electricity,Commercial,Seattle,70.9,off-peak,M-5527,Tampered,Late,1
6198,114.3,electricity,Commercial,Houston,211.47,off-peak,M-3798,Tampered,Late,1
6199,137.44,gas,Commercial,Chicago,57.31,off-peak,M-9886,Normal,Late,1
6200,492.11,electricity,Residential,Dallas,429.37,off-peak,M-2397,Normal,On-Time,0
6201,298.45,gas,Commercial,Houston,100.83,off-peak,M-7137,Tampered,Late,1
6202,104.72,electricity,Residential,Miami,489.14,off-peak,M-3992,Tampered,On-Time,1
6203,70.2,gas,Residential,New York,9.35,peak,M-3450,Normal,Late,1
6204,133.94,gas,Commercial,Seattle,136.29,peak,M-4878,Normal,Late,0
6205,105.91,electricity,Residential,Los Angeles,322.86,off-peak,M-3665,Normal,On-Time,0
6206,432.5,gas,Residential,Dallas,372.69,peak,M-8344,Normal,On-Time,0
6207,476.63,gas,Residential,Seattle,87.62,peak,M-1258,Normal,Late,1
6208,129.42,electricity,Residential,Miami,434.22,peak,M-8585,Normal,On-Time,0
6209,440.81,gas,Commercial,Boston,249.93,peak,M-9601,Tampered,On-Time,1
6210,379.18,electricity,Residential,Los Angeles,14.18,off-peak,M-7606,Normal,Late,1
6211,203.7,gas,Residential,New York,98.11,peak,M-6123,Tampered,Late,1
6212,197.45,electricity,Residential,Los Angeles,54.57,off-peak,M-9389,Tampered,On-Time,1
6213,299.38,electricity,Commercial,Houston,185.49,off-peak,M-3764,Tampered,On-Time,1
6214,139.18,electricity,Residential,Chicago,323.8,peak,M-9846,Tampered,On-Time,1
6215,12.27,electricity,Commercial,New York,273.49,peak,M-4066,Normal,Late,0
6216,95.78,electricity,Residential,Dallas,332.33,off-peak,M-2334,Normal,Late,0
6217,308.37,gas,Commercial,Seattle,433.69,peak,M-5131,Normal,On-Time,0
6218,100.12,gas,Commercial,Seattle,247.28,off-peak,M-9837,Tampered,On-Time,1
6219,351.76,electricity,Commercial,Houston,87.07,off-peak,M-9583,Tampered,On-Time,1
6220,95.15,electricity,Commercial,New York,83.26,off-peak,M-8598,Normal,Late,0
6221,153.28,gas,Commercial,Seattle,269.39,off-peak,M-5998,Normal,On-Time,0
6222,318.12,gas,Residential,New York,145.81,peak,M-7110,Tampered,On-Time,1
6223,212.34,gas,Residential,Dallas,399.7,off-peak,M-7290,Tampered,Late,1
6224,219.19,electricity,Commercial,Chicago,150.89,peak,M-7688,Normal,Late,0
6225,308.88,gas,Commercial,Seattle,19.8,off-peak,M-8820,Tampered,On-Time,1
6226,33.61,gas,Commercial,Seattle,59.54,off-peak,M-6448,Tampered,On-Time,1
6227,200.64,electricity,Residential,Houston,5.48,peak,M-4995,Tampered,Late,1
6228,161.9,gas,Commercial,Chicago,424.32,peak,M-6239,Tampered,Late,1
6229,493.48,electricity,Commercial,Seattle,479.53,off-peak,M-6944,Normal,On-Time,0
6230,72.24,electricity,Commercial,Dallas,380.32,peak,M-5856,Tampered,Late,1
6231,419.14,electricity,Residential,Chicago,10.54,off-peak,M-5451,Tampered,Late,1
6232,324.39,gas,Residential,Houston,453.23,peak,M-5502,Normal,Late,0
6233,474.47,gas,Residential,Seattle,402.93,peak,M-2413,Normal,On-Time,0
6234,163.86,electricity,Commercial,Boston,111.54,peak,M-2839,Normal,Late,0
6235,250.11,electricity,Residential,Houston,227.44,peak,M-8623,Tampered,Late,1
6236,168.09,gas,Residential,Chicago,174.83,peak,M-4135,Tampered,Late,1
6237,497.17,gas,Residential,Miami,356.34,off-peak,M-7032,Tampered,Late,1
6238,485.71,gas,Commercial,Los Angeles,44.83,off-peak,M-9656,Normal,On-Time,1
6239,281.35,gas,Residential,Houston,42.63,off-peak,M-7228,Normal,On-Time,1
6240,77.24,electricity,Commercial,New York,243.43,peak,M-8661,Tampered,Late,1
6241,195.39,electricity,Residential,Dallas,97.52,peak,M-6163,Normal,On-Time,1
6242,447.38,gas,Residential,Dallas,33.13,off-peak,M-4075,Tampered,Late,1
6243,28.67,electricity,Commercial,New York,47.83,peak,M-5331,Tampered,Late,1
6244,175.94,electricity,Residential,Chicago,319.11,peak,M-4650,Tampered,On-Time,1
6245,460.58,gas,Commercial,Los Angeles,407.76,off-peak,M-7833,Normal,On-Time,0
6246,45.35,gas,Residential,Chicago,348.82,peak,M-9733,Tampered,On-Time,1
6247,67.49,gas,Residential,Seattle,372.57,peak,M-5879,Normal,Late,0
6248,494.08,gas,Residential,Houston,413.95,off-peak,M-6430,Tampered,Late,1
6249,129.9,gas,Commercial,Los Angeles,305.03,peak,M-2850,Tampered,Late,1
6250,224.35,electricity,Residential,Los Angeles,161.62,peak,M-8309,Normal,On-Time,0
6251,40.2,electricity,Commercial,Houston,264.42,peak,M-7367,Tampered,On-Time,1
6252,489.59,electricity,Residential,New York,125.87,off-peak,M-8566,Normal,Late,1
6253,386.29,electricity,Residential,Seattle,97.43,peak,M-6690,Tampered,On-Time,1
6254,455.89,gas,Residential,Boston,468.31,peak,M-1116,Tampered,On-Time,1
6255,295.72,electricity,Commercial,Los Angeles,307.2,off-peak,M-8535,Normal,On-Time,0
6256,371.74,gas,Residential,Los Angeles,336.07,peak,M-1541,Tampered,On-Time,1
6257,407.91,gas,Residential,New York,294.09,peak,M-1087,Tampered,Late,1
6258,327.47,gas,Residential,Los Angeles,68.16,off-peak,M-5914,Normal,Late,1
6259,391.95,gas,Commercial,New York,331.09,off-peak,M-7020,Normal,On-Time,0
6260,351.27,gas,Residential,Seattle,31.69,off-peak,M-5225,Normal,On-Time,1
6261,278.31,electricity,Residential,Boston,485.12,peak,M-9326,Tampered,Late,1
6262,400.03,gas,Commercial,New York,202.58,off-peak,M-7148,Tampered,Late,1
6263,471.08,electricity,Residential,Miami,75.64,peak,M-8090,Normal,Late,1
6264,212.5,gas,Commercial,Boston,311.87,peak,M-1839,Tampered,Late,1
6265,116.98,electricity,Residential,Los Angeles,47.42,off-peak,M-2219,Normal,On-Time,1
6266,303.97,gas,Residential,Miami,474.35,peak,M-2978,Tampered,On-Time,1
6267,336.86,electricity,Commercial,Houston,367.63,peak,M-6234,Normal,On-Time,0
6268,407.71,electricity,Residential,Los Angeles,108.3,off-peak,M-1800,Normal,On-Time,1
6269,291.25,electricity,Residential,Miami,39.41,off-peak,M-6919,Normal,Late,1
6270,91.77,gas,Residential,New York,114.94,off-peak,M-4783,Normal,On-Time,0
6271,146.49,gas,Residential,Seattle,5.65,off-peak,M-6470,Normal,Late,1
6272,460.78,electricity,Commercial,Chicago,163.16,off-peak,M-7535,Tampered,On-Time,1
6273,10.95,gas,Residential,Dallas,266.83,peak,M-8670,Normal,Late,0
6274,365.51,electricity,Commercial,Los Angeles,449.81,peak,M-2487,Normal,Late,0
6275,374.66,gas,Residential,Miami,457.79,peak,M-3779,Tampered,On-Time,1
6276,132.03,electricity,Commercial,Boston,137.28,off-peak,M-6659,Tampered,On-Time,1
6277,47.85,gas,Commercial,Chicago,185.87,off-peak,M-8312,Normal,Late,0
6278,444.17,gas,Commercial,Los Angeles,419.02,off-peak,M-9975,Tampered,On-Time,1
6279,166.94,gas,Commercial,Miami,156.77,off-peak,M-2549,Normal,Late,0
6280,323.89,gas,Residential,Dallas,166.07,peak,M-8761,Normal,On-Time,0
6281,29.26,electricity,Residential,Houston,234.92,off-peak,M-3696,Tampered,Late,1
6282,229.6,electricity,Commercial,Dallas,436.13,off-peak,M-9412,Tampered,On-Time,1
6283,334.22,gas,Commercial,Chicago,253.32,peak,M-9001,Normal,On-Time,0
6284,488.71,electricity,Commercial,Houston,244.63,off-peak,M-6444,Normal,On-Time,0
6285,167.28,electricity,Residential,Boston,419.12,peak,M-5730,Tampered,On-Time,1
6286,189.28,gas,Residential,Chicago,234.41,off-peak,M-6805,Tampered,On-Time,1
6287,262.05,electricity,Commercial,Houston,238,off-peak,M-3830,Normal,On-Time,0
6288,318.23,electricity,Residential,Seattle,218.85,peak,M-1046,Normal,Late,0
6289,146.63,electricity,Commercial,New York,164.5,peak,M-9338,Tampered,On-Time,1
6290,36.57,gas,Residential,New York,68.08,off-peak,M-3575,Normal,Late,0
6291,379.19,electricity,Residential,Boston,187.57,off-peak,M-1104,Tampered,Late,1
6292,473.65,gas,Commercial,Boston,296.56,off-peak,M-9848,Tampered,Late,1
6293,32.03,gas,Residential,Boston,240.77,peak,M-6234,Normal,Late,0
6294,352.45,gas,Residential,Seattle,114.17,off-peak,M-4292,Tampered,On-Time,1
6295,278.8,electricity,Residential,New York,91.61,off-peak,M-1604,Normal,Late,1
6296,325.53,electricity,Commercial,Houston,14.46,off-peak,M-8304,Normal,Late,1
6297,145.87,gas,Residential,New York,428.81,peak,M-8096,Normal,Late,0
6298,134.23,electricity,Residential,Seattle,123.87,peak,M-7899,Normal,On-Time,0
6299,26.57,gas,Residential,Dallas,2.04,peak,M-2095,Normal,Late,1
6300,76.62,gas,Residential,New York,107.34,peak,M-4747,Tampered,Late,1
6301,201.04,electricity,Residential,New York,319.58,off-peak,M-7463,Tampered,Late,1
6302,78.09,electricity,Residential,New York,216.09,peak,M-5515,Normal,Late,0
6303,31.83,gas,Residential,Houston,414.97,off-peak,M-1085,Normal,Late,0
6304,49.55,gas,Commercial,Houston,65.99,peak,M-3860,Tampered,On-Time,1
6305,239.8,electricity,Residential,Dallas,465.27,off-peak,M-6218,Normal,Late,0
6306,249.67,electricity,Commercial,Boston,429.22,peak,M-9342,Normal,Late,0
6307,274.34,electricity,Commercial,Boston,70.12,peak,M-7533,Tampered,On-Time,1
6308,411.59,gas,Residential,Houston,366.76,off-peak,M-9167,Tampered,On-Time,1
6309,403.57,electricity,Residential,Seattle,205.18,peak,M-9375,Tampered,On-Time,1
6310,92.42,electricity,Residential,Miami,336.63,off-peak,M-2313,Tampered,On-Time,1
6311,147.44,gas,Commercial,Houston,145.43,off-peak,M-4742,Normal,Late,0
6312,155.58,gas,Commercial,Dallas,102.44,off-peak,M-6787,Normal,Late,0
6313,406.71,gas,Commercial,Houston,127.76,peak,M-8665,Tampered,On-Time,1
6314,144.56,electricity,Residential,Miami,382.79,peak,M-5064,Normal,On-Time,0
6315,395.82,electricity,Residential,Chicago,306.8,peak,M-7319,Normal,On-Time,0
6316,272.7,gas,Commercial,Dallas,96.36,off-peak,M-7019,Tampered,Late,1
6317,80.35,electricity,Residential,Chicago,300.56,peak,M-7302,Tampered,Late,1
6318,28.53,electricity,Residential,Seattle,437.03,peak,M-6767,Normal,Late,0
6319,80.51,gas,Commercial,Seattle,407.02,peak,M-1397,Normal,Late,0
6320,218.4,electricity,Commercial,Seattle,0.19,peak,M-9271,Tampered,Late,1
6321,378.82,gas,Commercial,Chicago,122.87,peak,M-2754,Normal,Late,1
6322,448.92,electricity,Residential,Miami,291.28,off-peak,M-7819,Normal,On-Time,0
6323,27.85,electricity,Commercial,Boston,156.29,peak,M-3747,Tampered,On-Time,1
6324,293.02,gas,Residential,Chicago,325.52,peak,M-7303,Normal,Late,0
6325,242.39,electricity,Residential,Miami,67.07,off-peak,M-3655,Tampered,Late,1
6326,126.33,electricity,Residential,Chicago,224.19,off-peak,M-1572,Normal,Late,0
6327,114.11,gas,Commercial,Dallas,200.11,peak,M-5074,Tampered,On-Time,1
6328,295.05,electricity,Commercial,Chicago,158.24,off-peak,M-5749,Normal,On-Time,0
6329,303.15,gas,Residential,Boston,451.81,peak,M-9476,Normal,Late,0
6330,413.14,electricity,Residential,Chicago,333.69,off-peak,M-4882,Tampered,On-Time,1
6331,237.86,electricity,Residential,Dallas,160.08,peak,M-2943,Normal,On-Time,0
6332,443.79,gas,Commercial,Chicago,236.25,off-peak,M-4482,Tampered,Late,1
6333,107.17,electricity,Residential,Dallas,416.56,off-peak,M-2901,Tampered,On-Time,1
6334,255.16,electricity,Residential,Seattle,356.68,peak,M-3610,Tampered,On-Time,1
6335,54.66,gas,Residential,Dallas,58.07,peak,M-2411,Tampered,On-Time,1
6336,368.76,electricity,Residential,Los Angeles,408.48,off-peak,M-3186,Normal,On-Time,0
6337,223.66,electricity,Residential,Miami,289.67,off-peak,M-3855,Normal,On-Time,0
6338,244.97,gas,Commercial,Miami,350.14,off-peak,M-2066,Tampered,On-Time,1
6339,413.21,gas,Residential,Houston,336.9,off-peak,M-5602,Normal,Late,0
6340,472.83,gas,Commercial,Miami,124.17,off-peak,M-8945,Normal,On-Time,1
6341,480.95,electricity,Commercial,Dallas,316.08,peak,M-9379,Normal,On-Time,0
6342,469.59,gas,Commercial,Houston,190.34,peak,M-2906,Tampered,On-Time,1
6343,225.59,electricity,Commercial,Houston,8.81,off-peak,M-9614,Tampered,Late,1
6344,298.85,gas,Commercial,Boston,93.6,off-peak,M-3303,Normal,Late,1
6345,329.88,electricity,Commercial,Seattle,279.27,off-peak,M-1593,Tampered,On-Time,1
6346,404.3,gas,Residential,Boston,61.62,peak,M-2653,Normal,On-Time,1
6347,155.73,electricity,Commercial,Boston,186.79,peak,M-9705,Normal,On-Time,0
6348,200.26,gas,Residential,Los Angeles,67.65,off-peak,M-6178,Normal,Late,1
6349,36.86,electricity,Commercial,Los Angeles,490.97,off-peak,M-2186,Tampered,On-Time,1
6350,129.53,electricity,Commercial,Houston,93.68,peak,M-4874,Normal,On-Time,0
6351,81.3,gas,Residential,Houston,330.12,peak,M-8199,Normal,On-Time,0
6352,226.32,gas,Commercial,Miami,178.51,peak,M-2404,Normal,Late,0
6353,431.86,gas,Commercial,Miami,11.09,off-peak,M-8438,Tampered,Late,1
6354,395.83,gas,Commercial,Chicago,455.14,off-peak,M-3233,Normal,Late,0
6355,332.92,gas,Residential,Los Angeles,301.5,off-peak,M-2177,Tampered,On-Time,1
6356,7.95,electricity,Commercial,New York,485.62,peak,M-1203,Tampered,On-Time,1
6357,156.09,electricity,Commercial,Houston,343.17,off-peak,M-8440,Tampered,On-Time,1
6358,438.21,electricity,Commercial,Chicago,480.71,off-peak,M-2928,Normal,On-Time,0
6359,85.86,electricity,Residential,New York,74.55,off-peak,M-1860,Tampered,Late,1
6360,316.88,gas,Commercial,Houston,332.08,off-peak,M-6278,Normal,On-Time,0
6361,311.06,gas,Residential,Los Angeles,274.11,peak,M-7228,Tampered,Late,1
6362,441.02,electricity,Commercial,Los Angeles,208.88,off-peak,M-9807,Normal,Late,1
6363,195.23,gas,Commercial,Miami,289.49,off-peak,M-7856,Tampered,Late,1
6364,114.75,electricity,Residential,New York,67.07,off-peak,M-6691,Tampered,On-Time,1
6365,58.2,electricity,Residential,New York,313.81,off-peak,M-5858,Normal,Late,0
6366,499.87,electricity,Commercial,Boston,494.7,peak,M-1899,Normal,On-Time,0
6367,35.3,gas,Commercial,Los Angeles,75.31,off-peak,M-9003,Normal,Late,0
6368,461.17,electricity,Residential,Los Angeles,48.24,off-peak,M-9889,Tampered,On-Time,1
6369,30.54,gas,Residential,Chicago,137.66,off-peak,M-8011,Tampered,Late,1
6370,439.43,electricity,Commercial,Miami,352.33,off-peak,M-5977,Normal,Late,0
6371,330.01,electricity,Commercial,New York,429.72,peak,M-6161,Tampered,On-Time,1
6372,471.49,electricity,Commercial,Miami,390.53,peak,M-6994,Normal,Late,0
6373,393.32,gas,Commercial,Los Angeles,60.22,peak,M-6587,Tampered,Late,1
6374,17.35,electricity,Commercial,Houston,416.81,peak,M-6468,Tampered,On-Time,1
6375,357.55,gas,Residential,Dallas,121.66,peak,M-2207,Tampered,Late,1
6376,401.01,gas,Residential,Houston,30,off-peak,M-1785,Normal,Late,1
6377,425.1,electricity,Residential,Boston,286.56,peak,M-9774,Normal,Late,0
6378,175.89,electricity,Commercial,Boston,467.9,peak,M-5365,Normal,Late,0
6379,419.6,gas,Commercial,Boston,337.35,off-peak,M-5630,Normal,Late,0
6380,495.52,electricity,Residential,Dallas,222.14,peak,M-5908,Normal,Late,1
6381,51.12,gas,Residential,Seattle,404.69,peak,M-3780,Tampered,Late,1
6382,193.78,electricity,Commercial,Boston,498.65,off-peak,M-9224,Tampered,On-Time,1
6383,344,electricity,Residential,Los Angeles,447.07,off-peak,M-3674,Tampered,Late,1
6384,357.31,electricity,Commercial,Chicago,60.92,peak,M-4762,Tampered,On-Time,1
6385,336.53,electricity,Residential,Dallas,474.99,off-peak,M-8746,Normal,Late,0
6386,287.6,electricity,Residential,Dallas,441.37,off-peak,M-2078,Normal,Late,0
6387,269.01,electricity,Residential,Boston,189.35,off-peak,M-6195,Tampered,Late,1
6388,483.11,electricity,Commercial,Boston,457.12,off-peak,M-6445,Normal,On-Time,0
6389,114.27,gas,Commercial,Dallas,300.54,off-peak,M-4283,Normal,Late,0
6390,480.64,electricity,Residential,Boston,268.89,off-peak,M-9201,Normal,On-Time,0
6391,247.68,gas,Commercial,Dallas,12.33,peak,M-2377,Tampered,On-Time,1
6392,28.51,gas,Residential,Miami,342.65,peak,M-2820,Normal,On-Time,0
6393,201.8,gas,Commercial,Miami,48.52,peak,M-8441,Tampered,Late,1
6394,49.65,gas,Residential,Seattle,452.11,off-peak,M-2216,Normal,Late,0
6395,350.49,electricity,Commercial,Boston,19.37,peak,M-5025,Normal,On-Time,1
6396,32.58,gas,Commercial,Houston,122.1,off-peak,M-6213,Normal,On-Time,0
6397,281.07,gas,Commercial,Boston,489.91,off-peak,M-6444,Normal,Late,0
6398,162.44,gas,Residential,Dallas,91.94,peak,M-8341,Tampered,On-Time,1
6399,455.31,electricity,Commercial,Chicago,123.96,peak,M-9304,Normal,On-Time,1
6400,420.99,electricity,Commercial,Los Angeles,16.78,off-peak,M-2173,Normal,On-Time,1
6401,58.75,gas,Residential,Seattle,264.26,off-peak,M-2354,Tampered,On-Time,1
6402,313.32,gas,Commercial,Boston,497.39,off-peak,M-6821,Tampered,On-Time,1
6403,448.04,electricity,Residential,Seattle,0.03,off-peak,M-5155,Tampered,Late,1
6404,375.66,electricity,Commercial,Chicago,386.95,off-peak,M-2009,Normal,On-Time,0
6405,423.9,electricity,Residential,Boston,273.88,peak,M-7499,Normal,Late,0
6406,172.17,gas,Commercial,Miami,482.87,off-peak,M-6773,Tampered,On-Time,1
6407,360.97,electricity,Commercial,Seattle,127.98,off-peak,M-7993,Normal,Late,1
6408,415.76,electricity,Residential,New York,256.76,off-peak,M-1387,Tampered,Late,1
6409,453.27,electricity,Commercial,Boston,168.56,off-peak,M-4821,Tampered,Late,1
6410,45.9,electricity,Residential,Houston,478.99,off-peak,M-1449,Tampered,Late,1
6411,222.17,electricity,Commercial,Houston,311.03,off-peak,M-9519,Normal,Late,0
6412,235.16,gas,Commercial,New York,16.14,peak,M-1367,Tampered,On-Time,1
6413,492.45,electricity,Commercial,Dallas,456.42,peak,M-5509,Tampered,Late,1
6414,416.62,electricity,Commercial,Los Angeles,393.54,peak,M-4706,Tampered,On-Time,1
6415,35.45,electricity,Residential,Dallas,8.65,peak,M-8323,Normal,Late,1
6416,7.25,electricity,Residential,Chicago,278.08,off-peak,M-8335,Normal,On-Time,0
6417,289.44,electricity,Residential,Chicago,211.87,peak,M-9991,Tampered,On-Time,1
6418,204.63,gas,Residential,Los Angeles,129.58,off-peak,M-1422,Normal,Late,0
6419,77.52,electricity,Residential,Boston,386.77,off-peak,M-1861,Tampered,On-Time,1
6420,453.85,electricity,Commercial,Los Angeles,5.41,off-peak,M-7655,Normal,On-Time,1
6421,330.75,gas,Residential,Chicago,153.3,off-peak,M-8558,Normal,Late,1
6422,101.25,electricity,Commercial,Los Angeles,357.19,peak,M-5246,Tampered,On-Time,1
6423,395.59,gas,Commercial,Miami,398.22,off-peak,M-8069,Tampered,On-Time,1
6424,391.37,gas,Residential,Chicago,361.09,off-peak,M-4274,Tampered,Late,1
6425,85.22,electricity,Commercial,Seattle,152.96,off-peak,M-8118,Normal,On-Time,0
6426,392.25,gas,Residential,New York,217.29,off-peak,M-7324,Tampered,On-Time,1
6427,228.18,gas,Commercial,New York,455.98,off-peak,M-5344,Tampered,Late,1
6428,441.58,gas,Commercial,New York,250.92,peak,M-2149,Normal,Late,0
6429,369.2,electricity,Commercial,Seattle,141.16,peak,M-8944,Tampered,On-Time,1
6430,289.98,gas,Residential,Los Angeles,155.29,peak,M-8549,Tampered,On-Time,1
6431,369.49,electricity,Residential,Los Angeles,428.39,off-peak,M-2424,Normal,Late,0
6432,165.45,gas,Commercial,Boston,273.73,peak,M-5585,Tampered,On-Time,1
6433,69.26,electricity,Commercial,Boston,269.37,off-peak,M-1574,Normal,On-Time,0
6434,7.94,gas,Commercial,Los Angeles,400.14,peak,M-2881,Normal,Late,0
6435,26.29,electricity,Commercial,Los Angeles,25.74,off-peak,M-1801,Tampered,Late,1
6436,71.16,electricity,Commercial,Miami,51.14,peak,M-5357,Normal,On-Time,0
6437,451.86,electricity,Residential,Boston,286.39,off-peak,M-9665,Normal,Late,0
6438,159,electricity,Residential,Boston,339.17,peak,M-5195,Normal,On-Time,0
6439,377.03,gas,Commercial,Los Angeles,8.07,peak,M-2881,Tampered,On-Time,1
6440,71.33,electricity,Commercial,Seattle,60.79,off-peak,M-9538,Normal,Late,0
6441,301.54,electricity,Residential,New York,281.98,peak,M-4037,Tampered,Late,1
6442,124.77,electricity,Commercial,Los Angeles,210.36,peak,M-6503,Tampered,Late,1
6443,55.68,electricity,Commercial,Houston,10.02,peak,M-9556,Normal,On-Time,1
6444,7.88,electricity,Residential,Chicago,336.19,peak,M-9220,Tampered,Late,1
6445,112.29,electricity,Commercial,Dallas,422.94,off-peak,M-4726,Tampered,On-Time,1
6446,371.51,electricity,Residential,Houston,213.46,off-peak,M-1061,Tampered,On-Time,1
6447,405.2,electricity,Residential,Chicago,406.56,peak,M-9900,Tampered,On-Time,1
6448,343.24,electricity,Commercial,Los Angeles,352.67,peak,M-2580,Normal,Late,0
6449,34.38,electricity,Residential,New York,314.14,peak,M-4048,Normal,On-Time,0
6450,329.15,gas,Residential,Miami,140.41,peak,M-2603,Tampered,Late,1
6451,302.12,electricity,Commercial,Boston,153.03,off-peak,M-2134,Normal,Late,0
6452,21.66,electricity,Commercial,Seattle,50.78,off-peak,M-8429,Tampered,On-Time,1
6453,171.47,electricity,Residential,Chicago,148.81,peak,M-5825,Normal,On-Time,0
6454,490.7,gas,Commercial,Miami,236.56,off-peak,M-9231,Tampered,On-Time,1
6455,421.79,gas,Residential,Miami,485.93,peak,M-9763,Tampered,Late,1
6456,273.18,electricity,Commercial,Houston,469.52,off-peak,M-4695,Tampered,Late,1
6457,456.63,electricity,Residential,Chicago,394.61,off-peak,M-4949,Normal,On-Time,0
6458,278.73,electricity,Residential,Boston,326.12,peak,M-6259,Tampered,Late,1
6459,373.71,gas,Commercial,Miami,415.67,peak,M-5937,Normal,Late,0
6460,187.32,gas,Residential,Chicago,275.19,peak,M-4836,Tampered,Late,1
6461,195.18,gas,Residential,Boston,153.11,off-peak,M-5583,Normal,Late,0
6462,5.2,electricity,Residential,Boston,22.13,peak,M-3796,Tampered,On-Time,1
6463,363.46,electricity,Commercial,Chicago,307.35,peak,M-3334,Tampered,On-Time,1
6464,364.14,gas,Commercial,Boston,366.14,peak,M-2088,Tampered,Late,1
6465,48.58,gas,Commercial,New York,433.41,off-peak,M-3899,Normal,Late,0
6466,376.52,electricity,Commercial,Dallas,479.69,peak,M-4465,Normal,Late,0
6467,46.87,electricity,Residential,Boston,94.96,peak,M-5050,Tampered,Late,1
6468,33.8,gas,Commercial,Chicago,257.88,off-peak,M-4033,Normal,Late,0
6469,275.97,electricity,Residential,Houston,380.52,off-peak,M-6929,Normal,Late,0
6470,99.03,gas,Commercial,Chicago,193.58,peak,M-8876,Normal,Late,0
6471,498.91,gas,Commercial,Los Angeles,348.93,peak,M-8202,Normal,Late,0
6472,275.63,electricity,Commercial,Los Angeles,107.91,peak,M-8449,Normal,Late,1
6473,286.53,electricity,Residential,Chicago,35.94,off-peak,M-9974,Tampered,Late,1
6474,378.48,electricity,Residential,Dallas,48.47,off-peak,M-4550,Normal,On-Time,1
6475,489.62,electricity,Residential,Los Angeles,324.33,peak,M-5464,Normal,Late,0
6476,6.72,gas,Residential,Los Angeles,80.45,off-peak,M-8806,Tampered,On-Time,1
6477,213.36,gas,Commercial,Seattle,167.54,off-peak,M-4101,Normal,Late,0
6478,258.92,electricity,Commercial,New York,366.29,peak,M-9793,Normal,Late,0
6479,494.71,gas,Commercial,Chicago,247.16,off-peak,M-9815,Tampered,On-Time,1
6480,168.69,electricity,Commercial,Houston,77.71,peak,M-2795,Normal,On-Time,1
6481,341.9,electricity,Commercial,Houston,124.64,peak,M-5602,Normal,On-Time,1
6482,224.39,electricity,Residential,Miami,64.25,peak,M-1031,Tampered,Late,1
6483,346.73,gas,Residential,Boston,452.5,off-peak,M-8025,Normal,Late,0
6484,417.3,electricity,Residential,Chicago,209.23,off-peak,M-5003,Tampered,Late,1
6485,43.7,electricity,Commercial,Seattle,413.49,peak,M-9522,Normal,On-Time,0
6486,60.53,gas,Commercial,Boston,64.59,off-peak,M-9408,Tampered,Late,1
6487,187.57,electricity,Commercial,Dallas,151.38,peak,M-4638,Tampered,Late,1
6488,450.16,electricity,Residential,Seattle,255.8,peak,M-3879,Tampered,Late,1
6489,452.22,electricity,Commercial,New York,301.41,peak,M-8486,Normal,On-Time,0
6490,411.98,electricity,Commercial,Miami,323.65,peak,M-8834,Normal,Late,0
6491,284.05,gas,Commercial,Seattle,248.1,peak,M-8298,Normal,On-Time,0
6492,241.94,gas,Residential,Dallas,327.74,peak,M-4999,Tampered,On-Time,1
6493,238.24,electricity,Commercial,Miami,347.36,peak,M-3053,Tampered,Late,1
6494,106.77,gas,Residential,Seattle,287.66,off-peak,M-2960,Tampered,On-Time,1
6495,277.86,electricity,Commercial,Miami,141.53,off-peak,M-5132,Normal,On-Time,0
6496,57,gas,Residential,Los Angeles,357.65,off-peak,M-5151,Tampered,On-Time,1
6497,238.05,electricity,Commercial,Boston,338.22,off-peak,M-1253,Tampered,On-Time,1
6498,184.6,gas,Commercial,Houston,122.97,peak,M-7844,Tampered,On-Time,1
6499,410.9,gas,Commercial,Dallas,418.78,peak,M-8248,Tampered,On-Time,1
6500,11.46,gas,Residential,Dallas,262.03,off-peak,M-7765,Normal,Late,0
6501,282.46,electricity,Commercial,Miami,120.85,peak,M-8206,Tampered,Late,1
6502,119.51,electricity,Residential,New York,357.08,peak,M-1736,Tampered,On-Time,1
6503,135.7,gas,Residential,Boston,327.23,peak,M-2055,Normal,Late,0
6504,301.21,gas,Residential,Los Angeles,298.1,off-peak,M-7838,Normal,Late,0
6505,313.55,gas,Residential,Seattle,278.64,off-peak,M-9612,Normal,Late,0
6506,484.42,electricity,Commercial,Dallas,273.72,off-peak,M-6329,Normal,On-Time,0
6507,17.8,electricity,Commercial,Los Angeles,396.99,peak,M-9543,Tampered,On-Time,1
6508,132.44,electricity,Commercial,Seattle,421.51,off-peak,M-8661,Tampered,On-Time,1
6509,299.27,gas,Residential,Dallas,250.75,peak,M-7103,Normal,Late,0
6510,97.72,electricity,Commercial,Boston,229.07,off-peak,M-2763,Tampered,On-Time,1
6511,160.18,electricity,Commercial,Dallas,222.01,peak,M-1431,Tampered,Late,1
6512,267.4,electricity,Commercial,Dallas,322.37,off-peak,M-1976,Normal,On-Time,0
6513,102.62,electricity,Residential,Miami,37.75,off-peak,M-1171,Normal,On-Time,1
6514,55.22,gas,Residential,New York,391.35,peak,M-4277,Tampered,Late,1
6515,154.39,gas,Commercial,Houston,418.9,peak,M-8781,Tampered,On-Time,1
6516,201.4,electricity,Commercial,Miami,183.58,peak,M-8812,Tampered,On-Time,1
6517,413.6,electricity,Residential,Boston,333.13,peak,M-2056,Tampered,On-Time,1
6518,193.98,electricity,Commercial,New York,423.19,peak,M-9960,Tampered,Late,1
6519,418.47,gas,Commercial,Boston,188.15,off-peak,M-3303,Normal,Late,1
6520,248.6,gas,Residential,Los Angeles,391.31,off-peak,M-8518,Normal,On-Time,0
6521,278.64,gas,Commercial,Chicago,442.86,off-peak,M-9360,Normal,Late,0
6522,189.75,gas,Residential,New York,290.64,off-peak,M-7267,Normal,On-Time,0
6523,327.94,electricity,Commercial,Miami,73.33,off-peak,M-3493,Normal,Late,1
6524,209.02,electricity,Residential,Chicago,339.45,off-peak,M-7325,Normal,Late,0
6525,311.19,electricity,Commercial,Dallas,248.9,off-peak,M-2209,Tampered,Late,1
6526,236.48,gas,Residential,Seattle,10.2,peak,M-1126,Tampered,On-Time,1
6527,370.64,electricity,Commercial,Chicago,329.44,peak,M-8960,Normal,Late,0
6528,217.67,gas,Residential,Miami,248.86,peak,M-3518,Tampered,Late,1
6529,21.57,gas,Residential,New York,453.24,off-peak,M-4046,Tampered,On-Time,1
6530,167.42,electricity,Residential,Miami,50.29,peak,M-2496,Normal,Late,1
6531,196.87,gas,Residential,Miami,304.64,peak,M-8895,Normal,Late,0
6532,373.27,electricity,Residential,Houston,489.02,peak,M-8533,Tampered,On-Time,1
6533,172.65,electricity,Residential,Seattle,263.71,off-peak,M-4202,Normal,On-Time,0
6534,333.32,electricity,Commercial,Miami,491.78,off-peak,M-9049,Normal,Late,0
6535,310.75,gas,Residential,New York,139.32,off-peak,M-1800,Tampered,On-Time,1
6536,315.41,electricity,Residential,Boston,368.02,peak,M-2614,Normal,On-Time,0
6537,244.83,electricity,Residential,Seattle,288.96,off-peak,M-8318,Tampered,On-Time,1
6538,237.45,electricity,Residential,Chicago,274.16,off-peak,M-4924,Tampered,Late,1
6539,125.43,gas,Commercial,Seattle,126.77,peak,M-2681,Tampered,On-Time,1
6540,113.19,electricity,Commercial,Chicago,154.78,peak,M-4973,Tampered,On-Time,1
6541,482.76,electricity,Residential,Houston,430.84,peak,M-9014,Normal,On-Time,0
6542,277.85,gas,Residential,Seattle,495.57,off-peak,M-4575,Normal,On-Time,0
6543,449.97,electricity,Commercial,Seattle,145.6,off-peak,M-3719,Tampered,Late,1
6544,418.74,gas,Residential,Los Angeles,98.58,peak,M-1279,Normal,Late,1
6545,193.64,electricity,Residential,Miami,19.96,peak,M-9565,Tampered,Late,1
6546,80.18,electricity,Commercial,Houston,333.48,off-peak,M-7931,Normal,Late,0
6547,295.39,electricity,Commercial,New York,392.56,peak,M-8589,Normal,Late,0
6548,261.32,electricity,Residential,Dallas,238.43,peak,M-5665,Tampered,Late,1
6549,344.97,gas,Residential,Dallas,369.07,peak,M-9863,Normal,Late,0
6550,404.68,electricity,Residential,Miami,223.35,off-peak,M-5239,Tampered,On-Time,1
6551,438.47,gas,Residential,Dallas,245.83,peak,M-2915,Normal,On-Time,0
6552,251.28,electricity,Residential,Dallas,260.18,peak,M-3685,Normal,On-Time,0
6553,317.88,gas,Residential,New York,48.17,peak,M-3254,Normal,On-Time,1
6554,162.23,electricity,Residential,New York,433.66,peak,M-2907,Normal,On-Time,0
6555,446.3,gas,Residential,Seattle,17.85,peak,M-2318,Tampered,Late,1
6556,112.57,gas,Residential,Houston,280.29,off-peak,M-9767,Normal,On-Time,0
6557,463.64,electricity,Commercial,Dallas,181.14,peak,M-3416,Tampered,On-Time,1
6558,404.24,electricity,Residential,Dallas,211.85,peak,M-2070,Normal,On-Time,0
6559,9.16,gas,Commercial,Chicago,40.27,off-peak,M-4222,Normal,On-Time,0
6560,15.87,gas,Commercial,New York,116.63,peak,M-4303,Normal,Late,0
6561,210.49,electricity,Residential,Houston,378.74,peak,M-5221,Tampered,On-Time,1
6562,176.73,gas,Residential,Dallas,86.45,off-peak,M-1717,Normal,Late,1
6563,349.51,electricity,Commercial,Dallas,194.05,off-peak,M-1690,Normal,Late,0
6564,237.32,gas,Residential,Seattle,326.41,off-peak,M-7267,Tampered,Late,1
6565,360.96,gas,Residential,Boston,111.53,peak,M-9963,Tampered,On-Time,1
6566,286.51,electricity,Residential,Chicago,382.32,peak,M-7291,Normal,On-Time,0
6567,383.52,electricity,Commercial,Seattle,5.88,off-peak,M-7660,Normal,On-Time,1
6568,230.55,gas,Residential,Los Angeles,425.73,peak,M-2132,Normal,On-Time,0
6569,396.83,electricity,Residential,Seattle,447.13,peak,M-7788,Tampered,On-Time,1
6570,277.44,gas,Residential,Dallas,275.73,peak,M-5055,Normal,On-Time,0
6571,170.78,electricity,Commercial,Chicago,1.36,off-peak,M-9829,Normal,Late,1
6572,409.53,gas,Commercial,Boston,99.94,peak,M-9440,Tampered,On-Time,1
6573,363.46,electricity,Residential,Miami,421.88,off-peak,M-7837,Normal,Late,0
6574,155.72,gas,Commercial,Seattle,27.96,off-peak,M-5675,Tampered,On-Time,1
6575,148.34,electricity,Residential,Miami,54.73,off-peak,M-8388,Tampered,On-Time,1
6576,417.16,electricity,Commercial,Houston,86.69,off-peak,M-6308,Normal,Late,1
6577,49.01,electricity,Commercial,Seattle,27.3,peak,M-9546,Normal,Late,0
6578,421.21,gas,Residential,Seattle,141,off-peak,M-9642,Tampered,Late,1
6579,58.95,electricity,Residential,Miami,274.93,off-peak,M-2502,Tampered,Late,1
6580,0.88,electricity,Residential,Boston,264.08,peak,M-4271,Tampered,On-Time,1
6581,57.97,gas,Residential,Seattle,310.52,peak,M-1344,Normal,On-Time,0
6582,115.77,electricity,Residential,Boston,268.1,off-peak,M-2266,Tampered,Late,1
6583,493.22,electricity,Commercial,Houston,422.99,off-peak,M-6886,Tampered,Late,1
6584,311.99,electricity,Commercial,Miami,31.25,off-peak,M-1501,Normal,Late,1
6585,499.4,electricity,Residential,New York,296.07,peak,M-3175,Tampered,Late,1
6586,375.6,electricity,Commercial,New York,23.27,off-peak,M-4198,Tampered,On-Time,1
6587,179.17,gas,Commercial,New York,48.56,off-peak,M-1307,Normal,Late,1
6588,78.84,gas,Residential,Boston,378.47,peak,M-3680,Tampered,Late,1
6589,82.06,electricity,Residential,Seattle,341.32,peak,M-3395,Normal,Late,0
6590,469.28,gas,Commercial,Houston,67.15,peak,M-6426,Normal,On-Time,1
6591,119.77,gas,Residential,New York,351.57,off-peak,M-4364,Normal,On-Time,0
6592,280.79,gas,Commercial,Chicago,461.04,peak,M-4563,Tampered,On-Time,1
6593,179.31,electricity,Residential,New York,264.45,peak,M-6598,Normal,On-Time,0
6594,297.19,gas,Residential,Miami,59.48,off-peak,M-7919,Normal,On-Time,1
6595,26.73,gas,Commercial,Chicago,143.08,off-peak,M-8408,Normal,Late,0
6596,481.7,gas,Commercial,Houston,259.37,peak,M-8403,Tampered,Late,1
6597,489.83,gas,Commercial,Los Angeles,329.23,peak,M-2604,Tampered,On-Time,1
6598,166.62,electricity,Commercial,Houston,125.43,off-peak,M-9657,Normal,Late,0
6599,97.43,electricity,Residential,Seattle,128.2,peak,M-8758,Tampered,Late,1
6600,239.71,electricity,Residential,Los Angeles,201.42,peak,M-2822,Normal,Late,0
6601,155.13,gas,Commercial,New York,270.04,peak,M-6318,Tampered,On-Time,1
6602,300.09,electricity,Residential,Chicago,216.86,peak,M-4635,Normal,On-Time,0
6603,358.98,electricity,Residential,Dallas,226.46,off-peak,M-6380,Tampered,On-Time,1
6604,201.43,gas,Commercial,Seattle,264.9,off-peak,M-3861,Tampered,Late,1
6605,287.17,gas,Residential,Los Angeles,409.79,off-peak,M-4986,Tampered,On-Time,1
6606,172.39,gas,Residential,Los Angeles,94.72,peak,M-4100,Normal,On-Time,0
6607,196.24,electricity,Commercial,Houston,248.67,peak,M-3246,Normal,On-Time,0
6608,392.27,electricity,Residential,Houston,73.76,off-peak,M-4896,Normal,On-Time,1
6609,317.83,gas,Commercial,Miami,134.16,peak,M-1586,Normal,Late,1
6610,332.99,gas,Residential,Chicago,240.81,off-peak,M-4667,Normal,On-Time,0
6611,314.96,electricity,Residential,Chicago,469.03,peak,M-7202,Normal,Late,0
6612,350.81,gas,Commercial,Boston,249.42,off-peak,M-2603,Tampered,Late,1
6613,283.38,electricity,Residential,Dallas,277.49,peak,M-2712,Tampered,On-Time,1
6614,88.82,gas,Commercial,Seattle,60.14,peak,M-8226,Normal,Late,0
6615,171.82,gas,Commercial,Miami,19.8,peak,M-4143,Tampered,Late,1
6616,280.64,gas,Residential,Dallas,490.55,peak,M-5807,Tampered,Late,1
6617,91.75,gas,Commercial,Los Angeles,142.46,off-peak,M-9766,Tampered,Late,1
6618,102.75,gas,Commercial,Chicago,159.8,peak,M-1854,Tampered,Late,1
6619,366.43,electricity,Residential,Miami,88.03,off-peak,M-1889,Tampered,On-Time,1
6620,344.21,electricity,Commercial,Houston,285.42,peak,M-7678,Tampered,On-Time,1
6621,66.79,electricity,Residential,Chicago,192.97,off-peak,M-2651,Normal,On-Time,0
6622,345.11,electricity,Residential,Chicago,480.64,peak,M-6810,Tampered,On-Time,1
6623,214.83,gas,Residential,New York,106.24,peak,M-9414,Normal,Late,1
6624,485.37,electricity,Commercial,Houston,112.58,peak,M-9189,Normal,On-Time,1
6625,215.65,gas,Commercial,Los Angeles,84.62,peak,M-6175,Normal,Late,1
6626,147.13,electricity,Residential,Boston,360.76,peak,M-3847,Tampered,On-Time,1
6627,476.1,gas,Residential,Chicago,363.86,peak,M-8664,Normal,On-Time,0
6628,202.56,gas,Residential,Houston,52.95,off-peak,M-8759,Tampered,On-Time,1
6629,256.66,electricity,Commercial,Dallas,54.16,peak,M-3717,Normal,On-Time,1
6630,351.8,gas,Residential,Boston,147,off-peak,M-2112,Tampered,On-Time,1
6631,81.03,gas,Residential,Miami,277.62,off-peak,M-6518,Normal,On-Time,0
6632,297.2,gas,Residential,Dallas,163.27,off-peak,M-9572,Normal,Late,0
6633,404.36,gas,Residential,Los Angeles,120.28,peak,M-2441,Tampered,On-Time,1
6634,298.67,electricity,Commercial,Boston,58.38,peak,M-7374,Normal,On-Time,1
6635,234.03,gas,Residential,Seattle,293.3,off-peak,M-8442,Tampered,On-Time,1
6636,316.42,electricity,Commercial,Boston,303.64,peak,M-3188,Tampered,On-Time,1
6637,293.35,gas,Commercial,Dallas,109.03,off-peak,M-2982,Normal,Late,1
6638,71.6,gas,Commercial,Miami,125.04,peak,M-2611,Tampered,Late,1
6639,311.44,gas,Commercial,Houston,184.86,peak,M-6529,Tampered,On-Time,1
6640,392.09,electricity,Commercial,Seattle,231.21,peak,M-8201,Tampered,Late,1
6641,384.16,electricity,Commercial,Los Angeles,165.97,off-peak,M-2032,Normal,On-Time,1
6642,129.07,electricity,Residential,Miami,345.15,off-peak,M-5193,Normal,On-Time,0
6643,349.43,gas,Residential,Chicago,256.4,off-peak,M-3464,Normal,On-Time,0
6644,235.82,electricity,Commercial,Miami,184.51,off-peak,M-1918,Normal,Late,0
6645,58.42,electricity,Commercial,Miami,369.57,off-peak,M-5310,Normal,Late,0
6646,406.66,gas,Commercial,Seattle,403.89,off-peak,M-9455,Tampered,Late,1
6647,181.73,electricity,Commercial,Miami,388.35,peak,M-5472,Normal,On-Time,0
6648,231.67,gas,Commercial,Miami,454.53,peak,M-1411,Normal,Late,0
6649,369.74,electricity,Commercial,Houston,81.88,off-peak,M-2945,Tampered,On-Time,1
6650,458.78,gas,Commercial,Los Angeles,65.82,off-peak,M-5500,Normal,Late,1
6651,474.99,electricity,Commercial,Los Angeles,220.85,peak,M-6672,Tampered,Late,1
6652,190.47,electricity,Residential,New York,293.51,off-peak,M-8974,Normal,On-Time,0
6653,75.97,electricity,Commercial,New York,357.47,off-peak,M-6265,Tampered,On-Time,1
6654,313.77,gas,Residential,Boston,58.51,off-peak,M-2675,Tampered,Late,1
6655,27.64,gas,Residential,Houston,472.67,peak,M-1774,Normal,On-Time,0
6656,13.41,electricity,Residential,Miami,29.87,off-peak,M-7889,Tampered,On-Time,1
6657,31.93,electricity,Commercial,New York,312.56,peak,M-2930,Tampered,Late,1
6658,191.65,electricity,Commercial,Houston,9.24,peak,M-7010,Tampered,Late,1
6659,372.72,electricity,Commercial,Dallas,71.77,peak,M-1653,Tampered,On-Time,1
6660,107.99,electricity,Residential,Boston,479.2,off-peak,M-9783,Normal,Late,0
6661,9.45,gas,Commercial,Los Angeles,442.31,peak,M-5583,Normal,Late,0
6662,325.04,gas,Commercial,New York,25.15,off-peak,M-7185,Normal,On-Time,1
6663,55.63,electricity,Residential,Los Angeles,380.63,peak,M-1201,Tampered,On-Time,1
6664,290.53,gas,Commercial,Miami,239.32,off-peak,M-2373,Normal,On-Time,0
6665,359.75,gas,Residential,Seattle,431.51,peak,M-2320,Normal,On-Time,0
6666,260.13,gas,Residential,Miami,60.84,off-peak,M-7606,Tampered,Late,1
6667,117.97,gas,Residential,New York,423.26,off-peak,M-2088,Normal,Late,0
6668,440,electricity,Commercial,Houston,8.27,peak,M-3200,Tampered,Late,1
6669,100.28,gas,Residential,Los Angeles,357.81,off-peak,M-2292,Normal,Late,0
6670,201.39,gas,Residential,Dallas,344.14,peak,M-5922,Tampered,Late,1
6671,294.82,gas,Residential,Los Angeles,262.92,off-peak,M-5748,Normal,Late,0
6672,259.35,gas,Commercial,Boston,413.73,off-peak,M-4694,Normal,On-Time,0
6673,198.84,gas,Residential,Chicago,87.2,peak,M-2205,Normal,On-Time,1
6674,368.81,gas,Residential,Boston,322.05,peak,M-6291,Tampered,Late,1
6675,355.93,electricity,Commercial,Seattle,104.96,peak,M-5573,Normal,Late,1
6676,6.25,electricity,Residential,Houston,68.7,off-peak,M-3678,Normal,Late,0
6677,379.97,electricity,Residential,Dallas,3.62,off-peak,M-4859,Tampered,Late,1
6678,418.71,electricity,Commercial,Houston,223.23,peak,M-5501,Normal,Late,0
6679,491.93,electricity,Commercial,Boston,80.42,off-peak,M-8675,Tampered,Late,1
6680,133.35,gas,Residential,Los Angeles,215.77,off-peak,M-5471,Normal,On-Time,0
6681,109.1,gas,Residential,Houston,146.47,off-peak,M-4780,Tampered,Late,1
6682,321.38,gas,Residential,Miami,25.34,off-peak,M-4485,Tampered,Late,1
6683,6.9,electricity,Commercial,Seattle,250.91,peak,M-7370,Tampered,On-Time,1
6684,188.99,gas,Commercial,Los Angeles,440.43,off-peak,M-4994,Tampered,Late,1
6685,361.88,electricity,Commercial,Seattle,367.69,peak,M-3291,Normal,On-Time,0
6686,256.29,electricity,Commercial,Los Angeles,6.16,peak,M-9258,Normal,Late,1
6687,195.2,electricity,Commercial,Boston,95.25,off-peak,M-3111,Tampered,On-Time,1
6688,395.88,electricity,Commercial,Boston,164.55,peak,M-8117,Tampered,Late,1
6689,358.53,electricity,Residential,New York,144.79,peak,M-2802,Normal,Late,1
6690,328.07,electricity,Commercial,Boston,345.43,off-peak,M-8142,Normal,Late,0
6691,328.21,electricity,Residential,Seattle,74.29,peak,M-7077,Normal,On-Time,1
6692,361.81,electricity,Commercial,Chicago,400.16,peak,M-1405,Tampered,On-Time,1
6693,66.47,electricity,Commercial,Houston,21.48,off-peak,M-4817,Tampered,Late,1
6694,3.19,electricity,Residential,Los Angeles,450.26,peak,M-3205,Tampered,Late,1
6695,180.96,electricity,Residential,Los Angeles,150.53,off-peak,M-2630,Normal,Late,0
6696,134.49,gas,Residential,Chicago,419.37,off-peak,M-6321,Normal,On-Time,0
6697,220.5,electricity,Commercial,Boston,92.26,off-peak,M-9008,Normal,Late,1
6698,187.74,electricity,Residential,New York,131.68,peak,M-7896,Tampered,On-Time,1
6699,246.9,electricity,Residential,Miami,189.87,off-peak,M-6322,Normal,Late,0
6700,310.77,gas,Commercial,Seattle,86.93,off-peak,M-9725,Normal,On-Time,1
6701,218.26,gas,Residential,Houston,74.1,off-peak,M-5653,Tampered,Late,1
6702,298.83,gas,Commercial,Los Angeles,58.14,off-peak,M-7217,Tampered,On-Time,1
6703,321.18,gas,Commercial,Miami,403.53,off-peak,M-3650,Tampered,On-Time,1
6704,359.91,gas,Commercial,New York,191.1,off-peak,M-7400,Normal,Late,0
6705,356.42,electricity,Residential,Boston,248.16,off-peak,M-2504,Normal,Late,0
6706,209.07,gas,Residential,Seattle,250.52,off-peak,M-5984,Tampered,On-Time,1
6707,493.69,electricity,Commercial,Los Angeles,368.62,off-peak,M-7107,Normal,Late,0
6708,116.64,electricity,Residential,Seattle,195.72,off-peak,M-6966,Tampered,Late,1
6709,272.18,gas,Commercial,Los Angeles,223.83,off-peak,M-8607,Normal,Late,0
6710,47.26,gas,Residential,New York,197.98,off-peak,M-6609,Normal,Late,0
6711,86.44,electricity,Commercial,Boston,449.36,peak,M-1127,Tampered,On-Time,1
6712,216.04,electricity,Residential,New York,19.19,peak,M-3689,Tampered,On-Time,1
6713,125.92,gas,Residential,Seattle,276.27,off-peak,M-6198,Tampered,Late,1
6714,61.2,electricity,Commercial,Boston,189.63,off-peak,M-7153,Tampered,On-Time,1
6715,311.97,gas,Residential,Boston,212.91,peak,M-6732,Normal,Late,0
6716,476.11,electricity,Residential,Dallas,48.82,off-peak,M-7696,Tampered,On-Time,1
6717,51.48,electricity,Residential,Seattle,31.45,off-peak,M-7658,Tampered,Late,1
6718,365.77,gas,Commercial,Los Angeles,161.68,peak,M-2481,Tampered,On-Time,1
6719,472.33,gas,Commercial,New York,20.55,peak,M-4438,Tampered,On-Time,1
6720,261.39,gas,Commercial,Seattle,474.07,peak,M-4809,Normal,Late,0
6721,79.26,gas,Residential,New York,79.59,off-peak,M-3921,Normal,On-Time,0
6722,12.02,gas,Commercial,Houston,151.12,peak,M-6869,Tampered,On-Time,1
6723,407.8,electricity,Commercial,Los Angeles,27.44,peak,M-3652,Normal,Late,1
6724,68.8,gas,Residential,Miami,343.02,off-peak,M-5841,Tampered,On-Time,1
6725,347.96,electricity,Commercial,Miami,385.85,off-peak,M-7890,Normal,On-Time,0
6726,325.47,electricity,Residential,Miami,79.53,off-peak,M-6593,Tampered,Late,1
6727,452.47,gas,Commercial,New York,173.01,peak,M-5399,Normal,On-Time,1
6728,191.23,electricity,Residential,Seattle,199.32,peak,M-8244,Normal,Late,0
6729,423.58,electricity,Residential,Dallas,492.57,peak,M-5607,Normal,Late,0
6730,405.32,gas,Commercial,New York,162.33,peak,M-2524,Normal,On-Time,1
6731,28.97,gas,Residential,Dallas,73.94,off-peak,M-8869,Normal,Late,0
6732,223,gas,Commercial,Dallas,205.83,off-peak,M-8706,Normal,Late,0
6733,150.39,gas,Residential,Los Angeles,258.21,peak,M-3694,Tampered,On-Time,1
6734,45.43,electricity,Commercial,Miami,407.39,off-peak,M-3620,Normal,Late,0
6735,335.67,gas,Commercial,Miami,476.46,off-peak,M-8196,Normal,Late,0
6736,325.18,electricity,Residential,Seattle,238.43,peak,M-1866,Normal,Late,0
6737,191.25,gas,Commercial,Seattle,480.55,peak,M-9438,Tampered,Late,1
6738,228.25,gas,Residential,Dallas,51.99,peak,M-2212,Normal,On-Time,1
6739,61.43,gas,Commercial,Chicago,156.65,off-peak,M-2667,Tampered,Late,1
6740,58.06,electricity,Residential,Miami,398.95,off-peak,M-5915,Normal,On-Time,0
6741,272.98,electricity,Residential,Houston,223.86,peak,M-5761,Tampered,On-Time,1
6742,369.8,electricity,Commercial,New York,444.18,off-peak,M-1363,Normal,Late,0
6743,364.21,gas,Residential,Seattle,343.19,off-peak,M-1950,Normal,On-Time,0
6744,343.28,gas,Residential,Boston,144.08,peak,M-5128,Tampered,On-Time,1
6745,70.27,gas,Residential,Dallas,206.36,peak,M-7458,Normal,Late,0
6746,363.63,electricity,Commercial,New York,272.24,peak,M-1790,Tampered,Late,1
6747,339.46,electricity,Residential,Chicago,173.51,off-peak,M-5865,Tampered,Late,1
6748,276.7,gas,Residential,Seattle,8.24,off-peak,M-1779,Normal,On-Time,1
6749,307.91,gas,Commercial,Chicago,289.55,peak,M-5151,Normal,Late,0
6750,361.93,electricity,Residential,Chicago,377.02,off-peak,M-4399,Tampered,On-Time,1
6751,353.86,gas,Residential,Miami,334.32,off-peak,M-2383,Tampered,Late,1
6752,85,electricity,Residential,New York,401.71,off-peak,M-7246,Normal,On-Time,0
6753,327.29,gas,Residential,Dallas,319.36,off-peak,M-5285,Normal,On-Time,0
6754,224.83,electricity,Commercial,Los Angeles,486.96,off-peak,M-6294,Normal,Late,0
6755,136.38,electricity,Residential,Boston,362.17,peak,M-8825,Tampered,Late,1
6756,149.16,gas,Residential,Miami,27.98,peak,M-3978,Normal,On-Time,1
6757,18.67,gas,Commercial,Miami,16,off-peak,M-1636,Tampered,On-Time,1
6758,482.78,gas,Residential,New York,10.86,off-peak,M-8056,Tampered,On-Time,1
6759,213.02,gas,Residential,Dallas,321.75,peak,M-8633,Normal,On-Time,0
6760,275.48,electricity,Residential,Boston,192.86,peak,M-4000,Normal,On-Time,0
6761,176.54,electricity,Residential,Boston,275.48,peak,M-8493,Normal,On-Time,0
6762,421.95,electricity,Commercial,Houston,197.06,peak,M-6788,Normal,Late,1
6763,371.13,electricity,Commercial,Miami,427.14,off-peak,M-9011,Normal,On-Time,0
6764,121.26,gas,Commercial,Dallas,214.93,peak,M-3019,Tampered,Late,1
6765,452.49,electricity,Commercial,Boston,433.54,peak,M-9765,Tampered,On-Time,1
6766,410.81,gas,Residential,Houston,74.68,off-peak,M-6525,Normal,On-Time,1
6767,321.64,electricity,Commercial,Boston,396.27,off-peak,M-8731,Normal,On-Time,0
6768,108.77,electricity,Residential,Boston,14.35,peak,M-1183,Tampered,On-Time,1
6769,440.51,electricity,Residential,Boston,314.67,peak,M-8754,Tampered,Late,1
6770,63.85,gas,Commercial,Los Angeles,25.47,off-peak,M-6291,Tampered,On-Time,1
6771,41.81,electricity,Residential,Seattle,214.27,peak,M-1859,Normal,Late,0
6772,288.61,gas,Commercial,Los Angeles,24.39,peak,M-5921,Normal,Late,1
6773,291.45,gas,Residential,New York,2.54,off-peak,M-3490,Tampered,Late,1
6774,20.82,gas,Commercial,Seattle,2.49,peak,M-4081,Tampered,On-Time,1
6775,161.89,gas,Residential,Seattle,471.53,peak,M-5346,Normal,On-Time,0
6776,291.15,gas,Residential,Seattle,243.43,peak,M-3537,Normal,Late,0
6777,103.49,electricity,Commercial,Miami,385.79,peak,M-6994,Normal,Late,0
6778,398.01,electricity,Commercial,Boston,173.43,off-peak,M-7721,Tampered,On-Time,1
6779,404.21,electricity,Commercial,Seattle,411.87,peak,M-5884,Normal,Late,0
6780,60.45,gas,Commercial,Chicago,364.02,off-peak,M-8514,Normal,Late,0
6781,20.61,electricity,Residential,New York,124.45,peak,M-9881,Tampered,On-Time,1
6782,46.66,electricity,Commercial,Dallas,405.73,peak,M-2120,Tampered,On-Time,1
6783,176.52,electricity,Commercial,Miami,423.66,peak,M-1915,Normal,On-Time,0
6784,149.56,electricity,Commercial,Boston,186.58,off-peak,M-6096,Normal,On-Time,0
6785,292.94,gas,Residential,Houston,51.61,peak,M-3139,Tampered,On-Time,1
6786,155.51,electricity,Residential,Chicago,285.77,peak,M-6893,Normal,On-Time,0
6787,263.32,electricity,Residential,Seattle,455.12,off-peak,M-5576,Tampered,On-Time,1
6788,188.64,electricity,Commercial,Chicago,200.49,off-peak,M-9436,Tampered,On-Time,1
6789,94.1,gas,Commercial,Dallas,41.11,off-peak,M-9273,Normal,Late,1
6790,273.99,electricity,Commercial,Seattle,261.49,peak,M-6541,Tampered,On-Time,1
6791,240.48,electricity,Commercial,Boston,364.49,off-peak,M-8911,Normal,On-Time,0
6792,404.12,gas,Commercial,Miami,290.5,peak,M-9448,Tampered,Late,1
6793,457.13,gas,Commercial,Seattle,81.66,off-peak,M-1246,Tampered,On-Time,1
6794,83.18,electricity,Residential,Los Angeles,150.69,peak,M-9870,Tampered,On-Time,1
6795,234.76,gas,Commercial,Miami,335.44,off-peak,M-1799,Tampered,On-Time,1
6796,272.87,gas,Commercial,New York,340.14,off-peak,M-9071,Normal,Late,0
6797,70.72,electricity,Residential,Houston,378.05,peak,M-2591,Normal,Late,0
6798,154.32,gas,Residential,Boston,430.59,peak,M-4977,Normal,On-Time,0
6799,423.59,electricity,Residential,Los Angeles,375.94,peak,M-4802,Tampered,On-Time,1
6800,377.55,gas,Residential,Chicago,328.27,peak,M-1177,Normal,Late,0
6801,320.21,electricity,Residential,Houston,396.77,peak,M-2241,Normal,Late,0
6802,331.53,electricity,Residential,Boston,98.52,peak,M-1538,Normal,Late,1
6803,421.08,gas,Commercial,Houston,388.21,off-peak,M-3609,Tampered,Late,1
6804,350.05,electricity,Residential,Los Angeles,288.23,off-peak,M-4886,Tampered,Late,1
6805,252.38,gas,Residential,Miami,214.71,off-peak,M-1179,Normal,On-Time,0
6806,310.62,gas,Commercial,Houston,423.29,off-peak,M-8046,Tampered,Late,1
6807,43.78,gas,Residential,Houston,124.93,off-peak,M-7109,Normal,On-Time,0
6808,224.73,gas,Residential,Dallas,438.78,peak,M-7610,Normal,Late,0
6809,89.97,gas,Commercial,Boston,441.82,off-peak,M-6827,Normal,On-Time,0
6810,420.6,gas,Commercial,Boston,406.37,off-peak,M-2646,Normal,On-Time,0
6811,3.67,gas,Commercial,Chicago,380.34,peak,M-4294,Tampered,On-Time,1
6812,214.3,gas,Residential,Chicago,339.19,off-peak,M-1614,Tampered,On-Time,1
6813,212.86,electricity,Residential,Miami,155.16,peak,M-6385,Tampered,Late,1
6814,354.23,gas,Residential,Los Angeles,354.37,peak,M-6875,Tampered,Late,1
6815,59.52,electricity,Commercial,Los Angeles,438.22,peak,M-3414,Normal,On-Time,0
6816,459.5,gas,Commercial,New York,3.32,peak,M-9024,Normal,On-Time,1
6817,109.45,gas,Commercial,Boston,240.37,off-peak,M-7489,Tampered,On-Time,1
6818,445.05,gas,Commercial,New York,103.02,peak,M-7230,Tampered,Late,1
6819,180.39,gas,Commercial,New York,348.9,peak,M-3097,Normal,On-Time,0
6820,450.22,electricity,Commercial,Los Angeles,408.86,off-peak,M-6952,Tampered,On-Time,1
6821,11.77,gas,Residential,Miami,474.03,peak,M-7700,Normal,On-Time,0
6822,85.48,electricity,Commercial,Los Angeles,353.86,peak,M-9381,Tampered,On-Time,1
6823,141.46,electricity,Commercial,Houston,382.14,peak,M-5991,Tampered,On-Time,1
6824,453.27,electricity,Commercial,Dallas,279.45,peak,M-7506,Tampered,Late,1
6825,44.58,electricity,Commercial,Miami,92.13,peak,M-5687,Tampered,On-Time,1
6826,434.29,gas,Commercial,Seattle,419.7,peak,M-1802,Normal,Late,0
6827,275.69,gas,Commercial,Los Angeles,305.86,peak,M-6076,Normal,Late,0
6828,414.93,gas,Residential,Los Angeles,387,peak,M-8126,Tampered,Late,1
6829,471.65,electricity,Commercial,Houston,349.54,peak,M-7402,Normal,On-Time,0
6830,24.07,electricity,Commercial,Houston,183.43,off-peak,M-2804,Normal,On-Time,0
6831,174.23,electricity,Commercial,Dallas,388.34,off-peak,M-5745,Normal,On-Time,0
6832,184.68,gas,Commercial,Chicago,124.76,off-peak,M-3254,Normal,Late,0
6833,337.32,gas,Commercial,Boston,219.44,peak,M-4485,Normal,Late,0
6834,104.17,gas,Commercial,Miami,113.99,peak,M-1128,Normal,Late,0
6835,142.39,gas,Residential,Houston,132.28,off-peak,M-2162,Normal,On-Time,0
6836,358.98,gas,Commercial,Dallas,320.54,off-peak,M-4669,Normal,Late,0
6837,36.61,electricity,Residential,Los Angeles,144.07,peak,M-4817,Tampered,On-Time,1
6838,148.97,gas,Residential,Boston,7.88,off-peak,M-4780,Tampered,Late,1
6839,69.48,gas,Commercial,Seattle,473.87,off-peak,M-1318,Normal,On-Time,0
6840,109.47,electricity,Commercial,Boston,223.62,peak,M-5685,Normal,Late,0
6841,284.6,gas,Residential,Dallas,437.14,off-peak,M-3195,Tampered,Late,1
6842,187.22,gas,Residential,Boston,466.22,off-peak,M-3666,Tampered,On-Time,1
6843,55.15,electricity,Residential,Houston,48.07,off-peak,M-7120,Tampered,On-Time,1
6844,112.71,electricity,Residential,New York,215.75,off-peak,M-5275,Tampered,On-Time,1
6845,386.99,gas,Commercial,Los Angeles,277.3,peak,M-1600,Tampered,On-Time,1
6846,388.66,gas,Commercial,Boston,398.48,peak,M-2383,Tampered,Late,1
6847,47.26,gas,Commercial,Los Angeles,100.02,peak,M-6248,Normal,Late,0
6848,104.7,electricity,Commercial,Boston,325.55,peak,M-8367,Normal,Late,0
6849,23.52,gas,Commercial,Dallas,257.25,peak,M-9599,Normal,On-Time,0
6850,179.34,electricity,Residential,Los Angeles,237.94,peak,M-8868,Tampered,Late,1
6851,16.53,electricity,Commercial,Dallas,289.87,off-peak,M-4522,Normal,Late,0
6852,115.31,electricity,Commercial,Chicago,246.92,off-peak,M-9607,Tampered,On-Time,1
6853,296.36,gas,Commercial,Dallas,42.84,peak,M-2788,Tampered,Late,1
6854,450.63,electricity,Commercial,Dallas,103.65,peak,M-7489,Normal,Late,1
6855,423.62,gas,Commercial,Chicago,473.87,peak,M-6037,Tampered,Late,1
6856,271.42,electricity,Commercial,Houston,383.09,peak,M-6534,Tampered,On-Time,1
6857,47.01,gas,Residential,Houston,492.09,peak,M-4452,Normal,Late,0
6858,495.09,electricity,Residential,Seattle,9.68,peak,M-5317,Tampered,On-Time,1
6859,335.95,gas,Commercial,Los Angeles,447.21,peak,M-6388,Normal,On-Time,0
6860,411.13,gas,Commercial,Seattle,419.63,off-peak,M-6925,Normal,On-Time,0
6861,173.85,electricity,Residential,Houston,179.08,off-peak,M-1661,Normal,On-Time,0
6862,460.81,gas,Residential,Seattle,278.53,off-peak,M-4482,Normal,Late,0
6863,389.92,electricity,Commercial,Seattle,304.44,peak,M-9626,Tampered,On-Time,1
6864,98.47,electricity,Residential,Miami,330.38,off-peak,M-8261,Normal,Late,0
6865,337.32,gas,Commercial,New York,357.07,off-peak,M-9381,Tampered,On-Time,1
6866,53.45,electricity,Residential,Chicago,259.63,peak,M-6691,Tampered,On-Time,1
6867,260.7,gas,Commercial,Houston,176.74,off-peak,M-4385,Normal,On-Time,0
6868,175.26,electricity,Commercial,New York,172.23,peak,M-3550,Normal,Late,0
6869,424.45,electricity,Commercial,New York,256.2,peak,M-2809,Tampered,On-Time,1
6870,31.45,gas,Commercial,Los Angeles,294.29,peak,M-8282,Normal,On-Time,0
6871,134.46,electricity,Commercial,Boston,82.59,peak,M-4411,Tampered,On-Time,1
6872,455.43,electricity,Commercial,Seattle,63.87,peak,M-8224,Normal,Late,1
6873,326.75,electricity,Residential,Miami,398.57,peak,M-8679,Tampered,Late,1
6874,266.66,gas,Residential,New York,488.8,off-peak,M-9713,Normal,On-Time,0
6875,135.81,electricity,Commercial,Miami,14.28,off-peak,M-3365,Normal,Late,1
6876,66.39,electricity,Commercial,Dallas,44.33,peak,M-1946,Normal,Late,0
6877,149.22,gas,Residential,Boston,395.38,off-peak,M-8083,Tampered,On-Time,1
6878,385.15,gas,Residential,Miami,253.2,off-peak,M-8079,Tampered,Late,1
6879,264.95,electricity,Commercial,Seattle,269.31,off-peak,M-4453,Normal,Late,0
6880,391.8,electricity,Commercial,Miami,232.11,off-peak,M-6022,Tampered,On-Time,1
6881,232.9,gas,Residential,Seattle,106.42,off-peak,M-5624,Normal,Late,1
6882,274.35,electricity,Commercial,Seattle,142.36,off-peak,M-5765,Normal,Late,0
6883,53.46,gas,Commercial,New York,54.3,off-peak,M-7302,Normal,Late,0
6884,3.16,gas,Commercial,Miami,401.67,peak,M-7766,Normal,On-Time,0
6885,111.53,electricity,Commercial,Boston,281.67,peak,M-2096,Tampered,Late,1
6886,45.44,gas,Commercial,Houston,244.11,off-peak,M-5776,Normal,On-Time,0
6887,115.27,gas,Residential,Houston,302.65,peak,M-3141,Normal,Late,0
6888,424.45,electricity,Commercial,New York,85.17,off-peak,M-6618,Normal,Late,1
6889,214.83,electricity,Residential,Boston,237.7,off-peak,M-9528,Tampered,On-Time,1
6890,354.28,gas,Residential,New York,263.72,peak,M-5369,Normal,On-Time,0
6891,4.43,electricity,Commercial,Chicago,184.19,off-peak,M-6899,Tampered,On-Time,1
6892,80.98,gas,Residential,Chicago,151.65,peak,M-7105,Normal,On-Time,0
6893,356.97,electricity,Commercial,Boston,222.52,peak,M-7673,Normal,On-Time,0
6894,241.48,electricity,Commercial,New York,30.05,off-peak,M-5942,Normal,Late,1
6895,420.35,gas,Residential,Los Angeles,396.67,off-peak,M-9997,Normal,Late,0
6896,260.44,gas,Commercial,Seattle,287.81,off-peak,M-9836,Normal,On-Time,0
6897,397.91,gas,Commercial,New York,256.25,off-peak,M-5664,Normal,Late,0
6898,53.16,gas,Commercial,Seattle,142.29,peak,M-9786,Tampered,Late,1
6899,2.68,electricity,Commercial,Seattle,241.47,off-peak,M-2689,Tampered,Late,1
6900,285.56,electricity,Residential,Houston,265.74,peak,M-2904,Tampered,Late,1
6901,363.35,electricity,Commercial,Dallas,497.31,peak,M-4924,Normal,Late,0
6902,439.4,gas,Residential,Houston,465.07,off-peak,M-4567,Normal,Late,0
6903,193.19,gas,Residential,Miami,104.75,off-peak,M-2931,Tampered,Late,1
6904,38.66,gas,Commercial,Chicago,495.93,off-peak,M-6888,Normal,Late,0
6905,122.22,electricity,Commercial,Chicago,288,off-peak,M-8647,Normal,On-Time,0
6906,183.21,electricity,Commercial,Los Angeles,325.08,peak,M-7922,Tampered,Late,1
6907,144.27,electricity,Commercial,Boston,363.29,off-peak,M-3200,Normal,Late,0
6908,68,gas,Commercial,Dallas,260.7,off-peak,M-9177,Tampered,Late,1
6909,368.82,electricity,Residential,Chicago,1.7,peak,M-2982,Normal,Late,1
6910,367.78,electricity,Residential,Seattle,173.67,peak,M-3295,Tampered,On-Time,1
6911,200.24,electricity,Commercial,Houston,70.14,peak,M-2702,Normal,On-Time,1
6912,212.6,gas,Residential,Seattle,292.61,peak,M-5102,Tampered,Late,1
6913,120.32,gas,Residential,Chicago,41.49,off-peak,M-9114,Tampered,On-Time,1
6914,442.67,gas,Commercial,Seattle,184.74,peak,M-9516,Tampered,On-Time,1
6915,167.29,electricity,Residential,Houston,360.52,peak,M-4436,Tampered,On-Time,1
6916,69.38,gas,Commercial,New York,331.98,peak,M-4606,Tampered,Late,1
6917,395.71,gas,Commercial,Chicago,208.96,off-peak,M-1753,Normal,Late,0
6918,133.95,gas,Residential,New York,189.31,peak,M-5801,Normal,Late,0
6919,476,electricity,Commercial,Miami,15.17,off-peak,M-6946,Tampered,On-Time,1
6920,113.77,electricity,Residential,Houston,113.05,peak,M-5675,Tampered,Late,1
6921,165.64,electricity,Residential,Miami,113.35,peak,M-3690,Tampered,On-Time,1
6922,82.7,electricity,Commercial,Seattle,307.48,peak,M-4403,Normal,On-Time,0
6923,6.22,gas,Commercial,Seattle,96.5,off-peak,M-1379,Tampered,On-Time,1
6924,300.85,electricity,Commercial,Houston,234.47,peak,M-2383,Normal,On-Time,0
6925,24.06,electricity,Residential,Dallas,56.7,off-peak,M-4669,Tampered,On-Time,1
6926,10.49,electricity,Residential,Dallas,159.53,off-peak,M-7450,Tampered,Late,1
6927,162.34,gas,Residential,Dallas,75.37,peak,M-7056,Tampered,On-Time,1
6928,322.97,electricity,Residential,New York,12.12,peak,M-5594,Tampered,On-Time,1
6929,20.17,gas,Commercial,Seattle,269.03,peak,M-7902,Tampered,On-Time,1
6930,345.13,electricity,Residential,Boston,200.25,peak,M-4622,Normal,Late,0
6931,479.94,electricity,Residential,New York,56.95,off-peak,M-4328,Normal,Late,1
6932,296.13,electricity,Commercial,New York,384.93,off-peak,M-9931,Tampered,Late,1
6933,464.65,gas,Commercial,Miami,185.24,off-peak,M-6868,Tampered,On-Time,1
6934,226.12,gas,Residential,Boston,180.67,peak,M-4181,Tampered,Late,1
6935,440.06,gas,Residential,Dallas,104.9,off-peak,M-6998,Normal,On-Time,1
6936,404.11,gas,Commercial,Dallas,254.15,peak,M-7517,Normal,On-Time,0
6937,148.19,gas,Commercial,Miami,467.69,peak,M-9851,Tampered,Late,1
6938,224.71,gas,Residential,Dallas,198.76,off-peak,M-3158,Tampered,On-Time,1
6939,440.49,electricity,Residential,Miami,178.1,peak,M-3333,Normal,Late,1
6940,494.25,gas,Residential,Chicago,312.72,peak,M-9492,Tampered,Late,1
6941,279.49,electricity,Commercial,Houston,398.97,off-peak,M-1056,Normal,Late,0
6942,34.02,electricity,Commercial,Chicago,143.7,peak,M-6586,Tampered,On-Time,1
6943,164.75,electricity,Commercial,Miami,223.25,peak,M-8690,Tampered,On-Time,1
6944,78.59,gas,Residential,Houston,219.88,off-peak,M-7863,Tampered,Late,1
6945,185.33,electricity,Residential,Seattle,157.41,peak,M-7308,Normal,Late,0
6946,86.67,electricity,Residential,Boston,240.73,off-peak,M-1193,Tampered,Late,1
6947,150.67,gas,Residential,Seattle,310.35,peak,M-6399,Normal,Late,0
6948,468.35,gas,Commercial,Seattle,173.64,off-peak,M-1416,Normal,On-Time,1
6949,366.51,gas,Residential,Los Angeles,407.23,off-peak,M-6349,Normal,On-Time,0
6950,321.17,gas,Residential,Los Angeles,479.87,off-peak,M-9423,Normal,Late,0
6951,117.87,gas,Residential,Chicago,224.51,peak,M-4448,Normal,Late,0
6952,192.79,gas,Commercial,Houston,317.1,peak,M-7440,Tampered,On-Time,1
6953,183.19,gas,Residential,Dallas,376.92,off-peak,M-4964,Tampered,Late,1
6954,481.51,electricity,Commercial,Chicago,223.86,peak,M-3808,Tampered,Late,1
6955,170.24,gas,Commercial,Boston,216.21,peak,M-8710,Normal,Late,0
6956,45.78,electricity,Commercial,Dallas,253.34,peak,M-3161,Tampered,Late,1
6957,238.82,electricity,Commercial,Dallas,385.87,peak,M-4665,Tampered,Late,1
6958,3.85,electricity,Residential,Chicago,305.15,off-peak,M-6489,Normal,Late,0
6959,203.9,electricity,Residential,Boston,155.8,peak,M-8974,Normal,On-Time,0
6960,391.65,gas,Commercial,Miami,181.42,off-peak,M-9312,Normal,Late,1
6961,495.39,electricity,Residential,Boston,378.7,peak,M-4202,Normal,Late,0
6962,64.16,gas,Commercial,New York,490.87,peak,M-9713,Tampered,Late,1
6963,399.98,electricity,Commercial,Dallas,286.39,off-peak,M-1013,Tampered,Late,1
6964,401.48,gas,Residential,Boston,103.88,peak,M-7594,Normal,Late,1
6965,406.06,gas,Residential,Houston,37.83,off-peak,M-7340,Normal,Late,1
6966,282.73,electricity,Commercial,Dallas,288.7,peak,M-5459,Normal,On-Time,0
6967,59.21,electricity,Residential,Boston,223.03,peak,M-6040,Tampered,On-Time,1
6968,348.67,gas,Residential,Houston,279.54,off-peak,M-8614,Normal,Late,0
6969,242.08,gas,Commercial,Miami,147.79,peak,M-1356,Normal,On-Time,0
6970,452.58,electricity,Residential,New York,74.89,peak,M-7745,Normal,On-Time,1
6971,54.05,electricity,Residential,Houston,205.71,off-peak,M-9742,Tampered,Late,1
6972,238.79,electricity,Residential,Los Angeles,281.96,off-peak,M-1974,Normal,On-Time,0
6973,215.37,electricity,Commercial,New York,319.14,off-peak,M-4095,Normal,On-Time,0
6974,399.7,gas,Commercial,Chicago,155.37,peak,M-9554,Normal,Late,1
6975,62.88,gas,Commercial,Houston,236.26,peak,M-5661,Tampered,On-Time,1
6976,486.87,electricity,Residential,Chicago,90.28,off-peak,M-5744,Normal,Late,1
6977,214.32,gas,Residential,Los Angeles,396.41,peak,M-7964,Normal,Late,0
6978,499.85,electricity,Commercial,Chicago,240.55,peak,M-5006,Tampered,On-Time,1
6979,412.39,gas,Commercial,New York,265.41,off-peak,M-1101,Tampered,On-Time,1
6980,420.57,gas,Residential,Chicago,497.45,peak,M-7975,Tampered,Late,1
6981,201.79,electricity,Residential,Miami,89.62,off-peak,M-9427,Tampered,On-Time,1
6982,351.36,gas,Commercial,Los Angeles,336.39,peak,M-3210,Tampered,On-Time,1
6983,313.89,gas,Commercial,Boston,487.25,peak,M-8811,Tampered,Late,1
6984,312.66,gas,Commercial,New York,77.43,peak,M-8473,Normal,On-Time,1
6985,28.79,electricity,Residential,Houston,389.09,peak,M-9841,Tampered,Late,1
6986,232.45,electricity,Residential,Miami,247.8,off-peak,M-2314,Tampered,Late,1
6987,496.94,gas,Commercial,Boston,252.22,off-peak,M-6291,Tampered,Late,1
6988,426.55,gas,Commercial,Boston,345.14,off-peak,M-8230,Normal,Late,0
6989,137.24,gas,Residential,Chicago,44.49,peak,M-1204,Tampered,On-Time,1
6990,226.14,electricity,Commercial,New York,410.82,off-peak,M-2316,Tampered,Late,1
6991,192.39,electricity,Commercial,Houston,85.43,peak,M-6486,Normal,On-Time,1
6992,211.47,gas,Commercial,Houston,104.33,off-peak,M-6681,Normal,On-Time,1
6993,167.03,gas,Commercial,New York,425.51,off-peak,M-8618,Normal,On-Time,0
6994,47.23,electricity,Residential,Seattle,261.02,off-peak,M-5335,Normal,Late,0
6995,325.08,gas,Commercial,Miami,363.82,off-peak,M-5863,Tampered,Late,1
6996,350.42,gas,Residential,Houston,391.27,peak,M-9930,Normal,On-Time,0
6997,345.26,gas,Residential,New York,164.48,peak,M-2461,Normal,On-Time,1
6998,228.36,gas,Commercial,Dallas,116.38,off-peak,M-8933,Tampered,Late,1
6999,228.78,electricity,Commercial,Houston,124.84,peak,M-3245,Tampered,Late,1
7000,213.86,electricity,Residential,Los Angeles,98.31,peak,M-6657,Normal,Late,1
7001,469.03,gas,Commercial,Seattle,127.66,off-peak,M-4252,Tampered,On-Time,1
7002,269.25,electricity,Commercial,Los Angeles,95.96,off-peak,M-8321,Tampered,Late,1
7003,374.69,gas,Residential,Boston,480.27,peak,M-9968,Normal,Late,0
7004,441.56,electricity,Commercial,Los Angeles,464.62,peak,M-7446,Normal,Late,0
7005,374.76,gas,Residential,Miami,148,off-peak,M-6259,Normal,On-Time,1
7006,173.43,gas,Commercial,Dallas,430.98,off-peak,M-9100,Tampered,Late,1
7007,199.64,electricity,Residential,Los Angeles,17.05,off-peak,M-8745,Normal,Late,1
7008,498.14,electricity,Residential,Chicago,461.17,peak,M-2599,Tampered,On-Time,1
7009,199.45,gas,Commercial,Miami,197.63,peak,M-1401,Tampered,Late,1
7010,14.08,electricity,Commercial,Houston,187.92,peak,M-3463,Tampered,Late,1
7011,464.92,gas,Residential,Houston,162.99,peak,M-1649,Tampered,Late,1
7012,444.92,gas,Commercial,Dallas,238.11,peak,M-3605,Tampered,Late,1
7013,375.05,gas,Commercial,New York,66.73,off-peak,M-7323,Tampered,Late,1
7014,296.15,gas,Commercial,Chicago,460.63,off-peak,M-7339,Tampered,Late,1
7015,112.39,gas,Commercial,Seattle,226.14,off-peak,M-3395,Normal,Late,0
7016,54.02,gas,Commercial,Houston,377.81,peak,M-6833,Tampered,On-Time,1
7017,393.12,electricity,Commercial,Dallas,163.37,off-peak,M-1832,Normal,On-Time,1
7018,398.28,gas,Commercial,Houston,266.61,peak,M-9964,Tampered,Late,1
7019,474.64,gas,Commercial,New York,366.05,peak,M-2695,Tampered,On-Time,1
7020,221.76,electricity,Commercial,Boston,215.17,peak,M-2773,Tampered,On-Time,1
7021,319.92,electricity,Commercial,Houston,167.79,peak,M-6087,Tampered,Late,1
7022,353.77,electricity,Residential,Seattle,361.39,off-peak,M-9470,Tampered,On-Time,1
7023,423.99,electricity,Commercial,Boston,225.67,off-peak,M-9329,Tampered,On-Time,1
7024,268.45,gas,Residential,Seattle,280.58,off-peak,M-7211,Tampered,On-Time,1
7025,315.11,gas,Residential,Miami,254.97,peak,M-7773,Normal,Late,0
7026,165.45,electricity,Commercial,Miami,404.34,peak,M-5802,Normal,Late,0
7027,210.26,gas,Residential,Seattle,105.58,peak,M-2197,Tampered,On-Time,1
7028,128.11,electricity,Commercial,Los Angeles,277.25,peak,M-5407,Tampered,On-Time,1
7029,12.11,gas,Commercial,Chicago,385.68,off-peak,M-9634,Normal,On-Time,0
7030,348.85,electricity,Commercial,Boston,221.64,peak,M-9061,Tampered,On-Time,1
7031,496.37,gas,Residential,Miami,81.68,peak,M-6885,Normal,On-Time,1
7032,299.45,gas,Commercial,Seattle,263.59,peak,M-2319,Normal,On-Time,0
7033,474.19,electricity,Commercial,Dallas,55.92,peak,M-4689,Normal,On-Time,1
7034,222.68,gas,Commercial,Chicago,171.48,peak,M-7988,Tampered,On-Time,1
7035,427.6,electricity,Residential,Miami,238.68,peak,M-1480,Tampered,On-Time,1
7036,214.34,electricity,Residential,Miami,217.74,off-peak,M-8373,Tampered,Late,1
7037,221.63,gas,Commercial,Boston,484.58,off-peak,M-6975,Normal,Late,0
7038,43.4,gas,Commercial,Seattle,241.14,peak,M-3155,Normal,Late,0
7039,281.13,electricity,Commercial,Miami,259.28,off-peak,M-3581,Normal,Late,0
7040,316.79,gas,Residential,Los Angeles,476.87,peak,M-6841,Normal,Late,0
7041,435.21,gas,Residential,Boston,235.91,peak,M-1038,Normal,Late,0
7042,427.51,gas,Residential,Chicago,496.6,peak,M-1251,Normal,Late,0
7043,158.64,gas,Residential,Chicago,88.21,off-peak,M-8751,Tampered,Late,1
7044,74.65,gas,Commercial,New York,244.03,off-peak,M-2167,Tampered,On-Time,1
7045,329.8,gas,Residential,Seattle,195.38,peak,M-3394,Tampered,On-Time,1
7046,86.25,gas,Commercial,Dallas,216.53,peak,M-9570,Tampered,Late,1
7047,150.3,electricity,Commercial,Chicago,256.13,off-peak,M-9962,Tampered,On-Time,1
7048,162.54,gas,Commercial,Miami,414.62,peak,M-5480,Normal,On-Time,0
7049,156.77,gas,Residential,Boston,461.86,off-peak,M-6478,Normal,Late,0
7050,381.93,electricity,Residential,Seattle,488.54,peak,M-6725,Normal,Late,0
7051,432.82,gas,Commercial,Seattle,96.86,off-peak,M-4319,Normal,Late,1
7052,227.3,gas,Commercial,Los Angeles,246.83,peak,M-6760,Normal,Late,0
7053,89.58,gas,Residential,Houston,6.54,peak,M-4894,Tampered,Late,1
7054,458.73,gas,Commercial,Boston,53.09,peak,M-1208,Normal,On-Time,1
7055,174.57,electricity,Residential,Miami,309.41,off-peak,M-7616,Tampered,On-Time,1
7056,416.43,electricity,Residential,New York,269.88,peak,M-9587,Normal,On-Time,0
7057,455.73,gas,Commercial,Houston,77.01,peak,M-4140,Tampered,On-Time,1
7058,175.37,gas,Residential,Seattle,318,peak,M-9420,Normal,Late,0
7059,136.46,electricity,Commercial,New York,220.1,off-peak,M-2508,Normal,Late,0
7060,433.9,electricity,Residential,Houston,129.73,peak,M-9397,Normal,On-Time,1
7061,334.89,electricity,Commercial,Boston,465.89,off-peak,M-4591,Tampered,On-Time,1
7062,405.66,electricity,Residential,Houston,271.49,off-peak,M-2727,Tampered,On-Time,1
7063,418.22,electricity,Commercial,Miami,98.07,off-peak,M-4411,Tampered,Late,1
7064,374.37,gas,Commercial,Boston,351.51,peak,M-1456,Tampered,Late,1
7065,178.04,gas,Commercial,New York,29.39,peak,M-8051,Tampered,On-Time,1
7066,324.78,electricity,Commercial,Los Angeles,327.23,peak,M-1765,Normal,Late,0
7067,358.77,electricity,Residential,Miami,102.08,peak,M-3897,Normal,On-Time,1
7068,181.52,gas,Commercial,Seattle,311.51,off-peak,M-9145,Tampered,On-Time,1
7069,313.03,electricity,Commercial,Boston,230.8,peak,M-6772,Tampered,Late,1
7070,425.12,electricity,Commercial,Houston,228.29,peak,M-5059,Tampered,On-Time,1
7071,461.91,electricity,Commercial,Los Angeles,479.53,peak,M-1633,Tampered,On-Time,1
7072,263.76,gas,Commercial,Miami,8.18,off-peak,M-6594,Normal,Late,1
7073,290.2,gas,Commercial,Houston,477.53,peak,M-7280,Normal,On-Time,0
7074,207.56,gas,Commercial,Boston,425.04,off-peak,M-1251,Tampered,On-Time,1
7075,367.45,gas,Commercial,Los Angeles,312.3,off-peak,M-2580,Tampered,On-Time,1
7076,51.9,gas,Residential,Los Angeles,218.63,peak,M-2655,Normal,Late,0
7077,210.35,gas,Residential,Boston,216.26,off-peak,M-6732,Tampered,Late,1
7078,291.89,electricity,Commercial,New York,350.89,off-peak,M-8674,Tampered,On-Time,1
7079,171.47,electricity,Residential,Los Angeles,357.35,peak,M-4152,Tampered,On-Time,1
7080,51.24,gas,Commercial,Houston,98.16,peak,M-4903,Tampered,Late,1
7081,462.12,electricity,Residential,Seattle,212.33,peak,M-9202,Normal,Late,1
7082,408.14,electricity,Residential,New York,183.11,off-peak,M-1519,Tampered,On-Time,1
7083,433.13,gas,Commercial,Seattle,415.33,off-peak,M-6359,Tampered,Late,1
7084,278.13,electricity,Commercial,Houston,14.25,off-peak,M-3239,Tampered,On-Time,1
7085,395.87,electricity,Commercial,Miami,263.29,off-peak,M-9300,Normal,On-Time,0
7086,450.25,electricity,Commercial,Chicago,184.24,peak,M-5019,Tampered,Late,1
7087,22.89,gas,Commercial,Dallas,140.48,off-peak,M-6973,Normal,Late,0
7088,69.78,electricity,Commercial,Dallas,33.85,peak,M-2994,Tampered,On-Time,1
7089,29.04,electricity,Commercial,New York,346.43,peak,M-7997,Tampered,On-Time,1
7090,100.16,electricity,Commercial,Boston,247.63,off-peak,M-1369,Normal,On-Time,0
7091,431.93,gas,Commercial,Dallas,496.21,peak,M-3599,Normal,Late,0
7092,489.45,electricity,Residential,Miami,269.72,peak,M-6728,Tampered,On-Time,1
7093,22.22,electricity,Commercial,Seattle,260.38,peak,M-8722,Normal,Late,0
7094,316.82,gas,Commercial,Houston,132.53,off-peak,M-8960,Tampered,Late,1
7095,434.24,electricity,Commercial,Dallas,485.21,off-peak,M-6266,Normal,Late,0
7096,457.4,electricity,Commercial,Boston,336.84,peak,M-9531,Tampered,Late,1
7097,95.4,gas,Commercial,Dallas,336.52,peak,M-8804,Normal,Late,0
7098,137.83,electricity,Commercial,Dallas,383.27,off-peak,M-2152,Normal,On-Time,0
7099,47.89,gas,Commercial,Los Angeles,458.5,peak,M-9568,Normal,On-Time,0
7100,302.55,gas,Residential,Chicago,336.25,off-peak,M-5601,Tampered,Late,1
7101,335.32,electricity,Residential,Los Angeles,84.65,peak,M-3960,Normal,On-Time,1
7102,245.76,electricity,Residential,Miami,87.52,off-peak,M-8934,Tampered,On-Time,1
7103,493.92,electricity,Residential,Boston,80.87,peak,M-9165,Normal,Late,1
7104,252.88,electricity,Residential,Houston,356.76,off-peak,M-7651,Normal,Late,0
7105,382.07,gas,Residential,New York,32.59,peak,M-3065,Normal,Late,1
7106,187.76,gas,Commercial,Miami,478.84,peak,M-2935,Normal,On-Time,0
7107,416.96,gas,Residential,Boston,4.24,off-peak,M-2925,Tampered,Late,1
7108,436.86,electricity,Residential,Seattle,86.35,peak,M-3734,Tampered,Late,1
7109,68.68,gas,Commercial,Miami,261.22,peak,M-1803,Normal,Late,0
7110,307.85,electricity,Commercial,Los Angeles,354.88,off-peak,M-1357,Normal,Late,0
7111,127.98,electricity,Residential,Los Angeles,92.07,peak,M-1915,Tampered,Late,1
7112,77.56,electricity,Residential,New York,465.01,peak,M-9244,Tampered,Late,1
7113,215.93,electricity,Residential,Los Angeles,168.25,off-peak,M-8796,Normal,On-Time,0
7114,345.45,gas,Commercial,Seattle,472.74,off-peak,M-4911,Normal,Late,0
7115,44.14,electricity,Residential,Seattle,452.62,off-peak,M-8818,Tampered,Late,1
7116,227.39,electricity,Commercial,New York,150.31,peak,M-7388,Tampered,Late,1
7117,101.48,electricity,Residential,Los Angeles,243.29,off-peak,M-5135,Normal,On-Time,0
7118,318.13,gas,Residential,Los Angeles,122.85,off-peak,M-9440,Tampered,Late,1
7119,19.98,electricity,Residential,Boston,271.95,peak,M-4022,Tampered,On-Time,1
7120,91.11,electricity,Commercial,Boston,403.11,peak,M-4715,Normal,On-Time,0
7121,214.78,gas,Residential,Houston,404.12,peak,M-7809,Tampered,On-Time,1
7122,440.77,gas,Residential,Dallas,200.09,off-peak,M-1937,Tampered,On-Time,1
7123,82.02,electricity,Residential,New York,255.02,off-peak,M-4532,Normal,On-Time,0
7124,155.21,electricity,Residential,Dallas,484.02,off-peak,M-3764,Normal,On-Time,0
7125,127.12,electricity,Residential,New York,293.07,peak,M-5008,Tampered,On-Time,1
7126,426.73,electricity,Commercial,Houston,420.27,off-peak,M-9594,Normal,Late,0
7127,63.03,electricity,Residential,Chicago,97.82,peak,M-9933,Tampered,Late,1
7128,350.15,gas,Residential,Miami,390.35,peak,M-1473,Tampered,On-Time,1
7129,88.13,electricity,Commercial,Dallas,121.08,off-peak,M-6657,Tampered,Late,1
7130,388.67,electricity,Commercial,Boston,393.51,peak,M-1175,Tampered,On-Time,1
7131,475.86,gas,Residential,New York,407.51,peak,M-9691,Normal,Late,0
7132,51.89,gas,Commercial,Houston,441.2,peak,M-1297,Tampered,Late,1
7133,322.6,electricity,Residential,Dallas,46.42,off-peak,M-6679,Tampered,On-Time,1
7134,455.87,electricity,Residential,Chicago,11.99,off-peak,M-8707,Normal,Late,1
7135,160.05,gas,Commercial,Boston,17.63,peak,M-4278,Normal,On-Time,1
7136,104.06,electricity,Commercial,New York,45.34,off-peak,M-6697,Tampered,On-Time,1
7137,480.89,electricity,Residential,Seattle,310.16,off-peak,M-7185,Tampered,On-Time,1
7138,82.54,electricity,Commercial,New York,324.31,off-peak,M-2013,Normal,On-Time,0
7139,423.13,gas,Commercial,New York,444.31,peak,M-9473,Normal,On-Time,0
7140,19.82,gas,Residential,Miami,191.08,peak,M-4901,Normal,Late,0
7141,327.21,gas,Commercial,Los Angeles,267.52,off-peak,M-1803,Tampered,On-Time,1
7142,380.63,gas,Commercial,Los Angeles,278.54,peak,M-8401,Tampered,On-Time,1
7143,341.91,electricity,Residential,New York,74.49,peak,M-3139,Normal,On-Time,1
7144,493.43,gas,Commercial,Miami,162.66,off-peak,M-9539,Normal,Late,1
7145,468.12,electricity,Commercial,Boston,160.32,peak,M-4554,Normal,On-Time,1
7146,60.66,gas,Residential,New York,107.11,peak,M-2020,Normal,Late,0
7147,442.82,electricity,Residential,Chicago,69.69,off-peak,M-1761,Normal,On-Time,1
7148,251.29,electricity,Commercial,Seattle,453.5,off-peak,M-3599,Tampered,On-Time,1
7149,423.87,electricity,Residential,Miami,413.52,off-peak,M-5800,Normal,Late,0
7150,477.86,gas,Commercial,Boston,163.04,off-peak,M-6686,Normal,Late,1
7151,245.69,electricity,Commercial,Houston,252.06,peak,M-7638,Tampered,On-Time,1
7152,24.31,electricity,Commercial,Seattle,340.71,peak,M-9037,Tampered,Late,1
7153,198.42,gas,Commercial,Seattle,143.92,off-peak,M-1250,Normal,On-Time,0
7154,405.48,gas,Commercial,Dallas,40.21,off-peak,M-4779,Tampered,On-Time,1
7155,127.36,electricity,Residential,Seattle,220.45,off-peak,M-6030,Tampered,Late,1
7156,111.24,gas,Residential,Seattle,394.97,off-peak,M-4915,Normal,On-Time,0
7157,350.36,gas,Commercial,Houston,89.51,off-peak,M-2710,Tampered,On-Time,1
7158,85.37,electricity,Residential,Houston,485.61,peak,M-5072,Normal,On-Time,0
7159,67.62,electricity,Residential,Seattle,230.61,off-peak,M-5167,Normal,On-Time,0
7160,90.8,electricity,Residential,Seattle,109.8,peak,M-8980,Tampered,On-Time,1
7161,216.32,gas,Residential,New York,264.11,peak,M-7945,Tampered,Late,1
7162,166.47,gas,Commercial,New York,57.56,peak,M-1458,Tampered,On-Time,1
7163,496.15,gas,Commercial,Boston,409.94,peak,M-3112,Normal,Late,0
7164,452.55,gas,Commercial,Chicago,307.15,off-peak,M-1996,Tampered,Late,1
7165,455.24,gas,Commercial,Los Angeles,186.79,off-peak,M-7971,Tampered,On-Time,1
7166,430.66,electricity,Commercial,Seattle,184.01,off-peak,M-6368,Normal,On-Time,1
7167,427.05,electricity,Residential,Chicago,489.79,off-peak,M-3346,Normal,Late,0
7168,129.93,gas,Commercial,New York,67.53,off-peak,M-5032,Normal,On-Time,0
7169,104.38,gas,Residential,Houston,137.47,off-peak,M-8533,Normal,On-Time,0
7170,384.64,gas,Commercial,Boston,134.94,off-peak,M-9271,Normal,On-Time,1
7171,210.94,electricity,Commercial,Miami,434.41,off-peak,M-3845,Tampered,Late,1
7172,450.96,electricity,Residential,Houston,416.51,off-peak,M-5898,Tampered,Late,1
7173,355.26,gas,Commercial,New York,139.54,off-peak,M-4706,Tampered,Late,1
7174,57.91,gas,Residential,Dallas,464.4,peak,M-8378,Tampered,Late,1
7175,338.51,electricity,Commercial,Chicago,47.63,peak,M-9134,Normal,On-Time,1
7176,74.3,gas,Commercial,Houston,496.97,peak,M-7408,Normal,On-Time,0
7177,409.64,electricity,Commercial,Chicago,380.46,peak,M-4262,Tampered,On-Time,1
7178,465.58,gas,Commercial,Houston,426.96,off-peak,M-8659,Tampered,On-Time,1
7179,236.6,gas,Commercial,Los Angeles,148.39,off-peak,M-7193,Tampered,On-Time,1
7180,45.12,gas,Commercial,Seattle,219.85,off-peak,M-5559,Tampered,Late,1
7181,372.62,gas,Commercial,Chicago,34.45,peak,M-5569,Tampered,On-Time,1
7182,115.37,gas,Commercial,Los Angeles,162.98,peak,M-4471,Tampered,Late,1
7183,211.29,gas,Commercial,Seattle,376.52,off-peak,M-5902,Tampered,On-Time,1
7184,208.02,gas,Residential,Miami,371.78,peak,M-6732,Normal,On-Time,0
7185,433.49,electricity,Commercial,Houston,50.25,off-peak,M-7290,Tampered,Late,1
7186,233.39,gas,Commercial,Chicago,147.49,off-peak,M-8679,Tampered,On-Time,1
7187,161.42,electricity,Commercial,Houston,437.35,off-peak,M-2580,Normal,On-Time,0
7188,392.42,electricity,Commercial,Dallas,19.07,off-peak,M-9174,Tampered,On-Time,1
7189,326.03,gas,Commercial,Miami,334.57,off-peak,M-6441,Tampered,Late,1
7190,259.27,electricity,Residential,Chicago,235.01,peak,M-8749,Normal,Late,0
7191,53.12,gas,Residential,Los Angeles,293.98,off-peak,M-2501,Normal,On-Time,0
7192,63.35,electricity,Residential,Houston,443.4,peak,M-1764,Normal,On-Time,0
7193,273.39,gas,Commercial,Los Angeles,378.56,peak,M-3382,Tampered,Late,1
7194,56.91,gas,Commercial,Miami,282.4,peak,M-3459,Normal,Late,0
7195,401.42,electricity,Commercial,Miami,96.07,off-peak,M-8519,Tampered,Late,1
7196,86.35,electricity,Commercial,Dallas,265.49,peak,M-4386,Tampered,On-Time,1
7197,228.7,electricity,Residential,Boston,12.49,off-peak,M-2391,Normal,On-Time,1
7198,421.87,electricity,Commercial,Boston,302.21,off-peak,M-7801,Tampered,Late,1
7199,313.7,electricity,Residential,Dallas,217.24,peak,M-4548,Tampered,Late,1
7200,215.91,electricity,Commercial,New York,319.74,peak,M-7843,Normal,Late,0
7201,315.83,electricity,Commercial,Chicago,434.82,off-peak,M-7700,Tampered,Late,1
7202,57.75,gas,Residential,Dallas,119.17,off-peak,M-6018,Normal,On-Time,0
7203,422.86,electricity,Residential,Boston,38.03,off-peak,M-6062,Normal,Late,1
7204,300.23,gas,Residential,Dallas,394.26,peak,M-7259,Normal,Late,0
7205,470.15,gas,Commercial,Houston,318.65,peak,M-5046,Tampered,On-Time,1
7206,273.06,electricity,Commercial,Los Angeles,270.05,peak,M-5672,Tampered,On-Time,1
7207,273.56,gas,Residential,New York,365.07,peak,M-9213,Tampered,On-Time,1
7208,346.46,gas,Residential,Chicago,379.29,peak,M-1442,Normal,Late,0
7209,366,gas,Residential,Houston,118.17,peak,M-1876,Tampered,Late,1
7210,450.48,gas,Residential,Houston,35.18,off-peak,M-6971,Tampered,Late,1
7211,96.45,electricity,Residential,New York,217.71,peak,M-4990,Normal,On-Time,0
7212,289.19,gas,Commercial,Boston,493.4,peak,M-4027,Tampered,On-Time,1
7213,240.2,electricity,Residential,Houston,399.07,peak,M-6631,Tampered,On-Time,1
7214,7.04,gas,Residential,Chicago,413.36,off-peak,M-5768,Tampered,Late,1
7215,400.42,electricity,Commercial,New York,265.25,off-peak,M-1420,Tampered,Late,1
7216,367.4,electricity,Commercial,Chicago,298.54,peak,M-5639,Tampered,On-Time,1
7217,328.19,electricity,Residential,Dallas,93.06,peak,M-5295,Tampered,On-Time,1
7218,436.99,gas,Residential,Boston,250.39,off-peak,M-2284,Normal,On-Time,0
7219,406.9,gas,Commercial,Seattle,22.56,off-peak,M-4228,Normal,On-Time,1
7220,296.28,gas,Commercial,Los Angeles,224.67,peak,M-2938,Normal,Late,0
7221,499.27,gas,Residential,Dallas,25.53,peak,M-9152,Tampered,Late,1
7222,85.13,electricity,Residential,Chicago,336.45,peak,M-1856,Tampered,Late,1
7223,415.47,electricity,Residential,Miami,405.71,peak,M-7917,Normal,Late,0
7224,486.35,gas,Residential,New York,27.76,off-peak,M-5362,Normal,On-Time,1
7225,428.31,electricity,Commercial,New York,474.3,off-peak,M-9907,Normal,On-Time,0
7226,348.54,gas,Residential,New York,430.76,peak,M-7198,Normal,Late,0
7227,348.9,electricity,Commercial,Los Angeles,463.64,peak,M-7315,Tampered,On-Time,1
7228,180.03,electricity,Residential,Los Angeles,126.23,off-peak,M-4747,Normal,On-Time,0
7229,362.9,gas,Commercial,Boston,127.54,off-peak,M-7529,Tampered,Late,1
7230,340.66,gas,Residential,Dallas,339.82,peak,M-2721,Tampered,Late,1
7231,71.59,electricity,Commercial,Chicago,310.68,peak,M-9664,Normal,On-Time,0
7232,152.32,electricity,Residential,Chicago,453.25,peak,M-2794,Tampered,On-Time,1
7233,348.39,gas,Commercial,Chicago,341.6,off-peak,M-6129,Tampered,On-Time,1
7234,421.69,gas,Commercial,Chicago,176.36,peak,M-4699,Tampered,Late,1
7235,497.58,gas,Commercial,Los Angeles,301.93,off-peak,M-2587,Tampered,On-Time,1
7236,430.58,gas,Commercial,Houston,174.78,off-peak,M-6334,Normal,Late,1
7237,181.82,gas,Commercial,Houston,21.35,peak,M-2062,Tampered,On-Time,1
7238,211.98,electricity,Commercial,Miami,376.1,off-peak,M-8137,Normal,Late,0
7239,456.29,electricity,Residential,Los Angeles,72.6,off-peak,M-5642,Tampered,Late,1
7240,94.67,gas,Residential,New York,348.35,off-peak,M-9648,Tampered,On-Time,1
7241,259.56,gas,Residential,New York,399.61,off-peak,M-3054,Tampered,On-Time,1
7242,317.27,electricity,Commercial,Los Angeles,320.25,off-peak,M-9588,Normal,On-Time,0
7243,325.76,electricity,Residential,New York,137.37,off-peak,M-4676,Tampered,On-Time,1
7244,472.36,electricity,Residential,Houston,28.98,peak,M-3046,Normal,Late,1
7245,428.76,electricity,Commercial,Houston,385.03,off-peak,M-6313,Normal,On-Time,0
7246,203.58,electricity,Commercial,Miami,357.34,off-peak,M-4135,Tampered,Late,1
7247,174.32,electricity,Commercial,Los Angeles,436.74,off-peak,M-2484,Tampered,On-Time,1
7248,49.14,electricity,Commercial,Dallas,306,off-peak,M-8033,Normal,On-Time,0
7249,106.84,gas,Commercial,Chicago,215.03,off-peak,M-6550,Normal,On-Time,0
7250,381.22,gas,Residential,Seattle,339.01,peak,M-5201,Tampered,On-Time,1
7251,30.44,electricity,Residential,Seattle,40.6,off-peak,M-9571,Tampered,Late,1
7252,141.86,electricity,Commercial,Chicago,370.02,off-peak,M-4217,Normal,Late,0
7253,324.61,gas,Commercial,Chicago,159.81,peak,M-1975,Normal,On-Time,1
7254,351.1,gas,Residential,Houston,434.46,peak,M-8963,Tampered,Late,1
7255,86.25,electricity,Residential,Boston,481.71,off-peak,M-4549,Tampered,On-Time,1
7256,186.03,gas,Residential,Seattle,498.31,peak,M-4096,Normal,Late,0
7257,478.54,electricity,Residential,New York,326.71,off-peak,M-7391,Normal,Late,0
7258,35.51,gas,Residential,Miami,451.06,off-peak,M-4876,Normal,On-Time,0
7259,215.58,electricity,Commercial,Miami,284.03,peak,M-5825,Normal,On-Time,0
7260,471.33,electricity,Residential,Miami,6.79,off-peak,M-3340,Normal,On-Time,1
7261,380.57,electricity,Residential,Miami,263.95,off-peak,M-7303,Tampered,Late,1
7262,130.21,gas,Residential,Seattle,44.14,peak,M-7795,Normal,Late,1
7263,467.23,electricity,Commercial,Seattle,36.28,peak,M-9486,Normal,Late,1
7264,201.42,gas,Commercial,Los Angeles,287.76,peak,M-9496,Normal,Late,0
7265,277.23,gas,Commercial,Houston,93.52,peak,M-5681,Tampered,On-Time,1
7266,362.68,electricity,Residential,Boston,79.44,peak,M-1916,Tampered,Late,1
7267,327.62,electricity,Commercial,Boston,294.28,off-peak,M-6126,Normal,Late,0
7268,10.68,electricity,Residential,Seattle,212.51,peak,M-4736,Normal,On-Time,0
7269,310.81,gas,Residential,New York,358.5,off-peak,M-8026,Tampered,On-Time,1
7270,83.8,electricity,Residential,Dallas,117.61,off-peak,M-5874,Normal,On-Time,0
7271,226.26,gas,Residential,Boston,263.02,off-peak,M-2661,Normal,On-Time,0
7272,460.78,electricity,Commercial,New York,221.69,peak,M-8661,Normal,On-Time,1
7273,222.11,gas,Commercial,New York,299.13,peak,M-5659,Tampered,On-Time,1
7274,135.26,gas,Residential,New York,15.98,peak,M-3375,Normal,Late,1
7275,386.79,electricity,Commercial,Dallas,294.7,peak,M-1752,Tampered,Late,1
7276,383.59,gas,Commercial,Boston,100.01,off-peak,M-1770,Tampered,On-Time,1
7277,346.71,gas,Commercial,Chicago,183.14,off-peak,M-3036,Tampered,Late,1
7278,72.48,electricity,Commercial,Dallas,98.87,peak,M-6050,Tampered,On-Time,1
7279,241.74,electricity,Commercial,Boston,422.4,off-peak,M-6922,Tampered,On-Time,1
7280,358.7,electricity,Residential,Boston,481.83,off-peak,M-8912,Normal,Late,0
7281,393.02,electricity,Residential,Boston,129.94,peak,M-6668,Tampered,On-Time,1
7282,167.72,gas,Residential,New York,216.84,peak,M-5700,Tampered,On-Time,1
7283,390.66,electricity,Residential,Seattle,111.73,off-peak,M-4318,Tampered,On-Time,1
7284,84.18,gas,Residential,Dallas,393.14,off-peak,M-4993,Tampered,Late,1
7285,265.23,gas,Commercial,New York,159.76,peak,M-1435,Normal,On-Time,0
7286,283.94,electricity,Commercial,Boston,290.82,peak,M-9989,Tampered,On-Time,1
7287,342.94,gas,Residential,Los Angeles,25.88,peak,M-6353,Tampered,Late,1
7288,482.95,electricity,Residential,Dallas,218.47,peak,M-8030,Tampered,On-Time,1
7289,27.51,electricity,Commercial,Boston,481.98,off-peak,M-9341,Normal,On-Time,0
7290,211.42,gas,Residential,Chicago,121.29,peak,M-7402,Tampered,On-Time,1
7291,368.02,electricity,Residential,Seattle,137.67,peak,M-2633,Tampered,On-Time,1
7292,208.11,gas,Commercial,Los Angeles,307.77,peak,M-6604,Normal,Late,0
7293,304.11,gas,Residential,Boston,37.28,peak,M-2505,Tampered,Late,1
7294,99.57,electricity,Commercial,Boston,372.27,peak,M-9232,Tampered,Late,1
7295,234.18,electricity,Commercial,Miami,30.44,peak,M-2716,Tampered,On-Time,1
7296,467.25,gas,Commercial,Los Angeles,133.85,peak,M-5219,Tampered,Late,1
7297,302.15,electricity,Residential,Seattle,384.73,peak,M-1158,Tampered,Late,1
7298,351.32,electricity,Commercial,Los Angeles,135.35,peak,M-4224,Normal,On-Time,1
7299,200.81,gas,Commercial,New York,101.66,peak,M-8917,Tampered,On-Time,1
7300,467.65,gas,Commercial,Miami,135.73,off-peak,M-3171,Tampered,Late,1
7301,390.26,gas,Commercial,New York,272.29,peak,M-7083,Normal,Late,0
7302,203.8,electricity,Residential,New York,192.76,off-peak,M-5751,Tampered,Late,1
7303,158.54,electricity,Commercial,Seattle,37.6,off-peak,M-6160,Normal,On-Time,1
7304,324.07,gas,Commercial,Miami,265.72,off-peak,M-9459,Tampered,On-Time,1
7305,402.16,gas,Commercial,Los Angeles,172.1,peak,M-5281,Tampered,On-Time,1
7306,213.82,gas,Commercial,Los Angeles,215.47,off-peak,M-6368,Normal,Late,0
7307,358.74,electricity,Commercial,New York,217.28,off-peak,M-3412,Tampered,Late,1
7308,221.22,electricity,Commercial,Dallas,285.34,off-peak,M-2677,Tampered,Late,1
7309,240.11,gas,Commercial,Dallas,465.92,off-peak,M-3124,Normal,On-Time,0
7310,478.83,electricity,Residential,Boston,270.5,peak,M-7500,Tampered,On-Time,1
7311,327.9,electricity,Commercial,Seattle,20.49,off-peak,M-4858,Normal,Late,1
7312,14.73,gas,Commercial,Miami,476.49,peak,M-1423,Tampered,On-Time,1
7313,130.62,electricity,Commercial,Houston,304.48,off-peak,M-9436,Tampered,On-Time,1
7314,51.38,gas,Commercial,Seattle,227.61,off-peak,M-8037,Normal,On-Time,0
7315,397.18,gas,Residential,Miami,178.46,peak,M-5378,Tampered,On-Time,1
7316,328.58,gas,Residential,Houston,258.17,peak,M-2500,Tampered,Late,1
7317,380.73,electricity,Residential,Los Angeles,454.8,off-peak,M-4228,Normal,On-Time,0
7318,254.29,gas,Commercial,Dallas,414.07,off-peak,M-4889,Normal,On-Time,0
7319,328.56,electricity,Residential,Miami,248.57,peak,M-8993,Normal,On-Time,0
7320,147.85,electricity,Commercial,New York,367.94,peak,M-1685,Tampered,Late,1
7321,37.83,gas,Residential,New York,112.63,off-peak,M-6359,Tampered,Late,1
7322,106.3,electricity,Residential,Miami,183.28,off-peak,M-1868,Normal,On-Time,0
7323,143.87,electricity,Residential,New York,212.5,peak,M-6493,Normal,Late,0
7324,484.78,electricity,Residential,Los Angeles,161.12,peak,M-7256,Normal,Late,1
7325,441.06,gas,Commercial,Los Angeles,254.79,peak,M-3253,Tampered,Late,1
7326,204.38,gas,Commercial,Chicago,83.92,peak,M-4980,Normal,On-Time,1
7327,455.47,gas,Commercial,Miami,445.01,peak,M-5612,Tampered,On-Time,1
7328,391.1,gas,Commercial,Chicago,362.46,peak,M-3563,Tampered,On-Time,1
7329,244.06,electricity,Residential,Los Angeles,432.41,off-peak,M-2039,Normal,On-Time,0
7330,9.52,gas,Residential,Miami,284.27,off-peak,M-9713,Tampered,Late,1
7331,297.73,electricity,Commercial,Miami,462.22,peak,M-1480,Tampered,On-Time,1
7332,455.19,electricity,Residential,Boston,243.07,peak,M-7869,Tampered,On-Time,1
7333,101.07,electricity,Commercial,Houston,479.51,off-peak,M-1516,Tampered,Late,1
7334,104.15,gas,Residential,Los Angeles,121.01,peak,M-4164,Tampered,On-Time,1
7335,157.06,electricity,Commercial,Miami,434.91,off-peak,M-5582,Tampered,Late,1
7336,314.94,gas,Residential,Seattle,408.39,off-peak,M-5577,Tampered,On-Time,1
7337,81.82,electricity,Commercial,Boston,385.74,off-peak,M-9369,Tampered,On-Time,1
7338,132.81,gas,Commercial,Los Angeles,33.99,off-peak,M-2861,Normal,On-Time,1
7339,199.58,electricity,Commercial,Chicago,135.38,off-peak,M-8184,Tampered,On-Time,1
7340,245.63,gas,Commercial,Seattle,343.8,off-peak,M-5871,Tampered,Late,1
7341,72.72,gas,Commercial,Los Angeles,56.19,off-peak,M-1500,Tampered,Late,1
7342,74.9,electricity,Residential,Los Angeles,327.26,peak,M-1985,Tampered,On-Time,1
7343,408.26,electricity,Residential,Dallas,418.02,peak,M-2369,Tampered,On-Time,1
7344,270.63,electricity,Commercial,Houston,494.25,off-peak,M-8260,Normal,Late,0
7345,29.57,electricity,Commercial,Boston,243.17,off-peak,M-3679,Normal,Late,0
7346,151.72,electricity,Commercial,Houston,155.27,off-peak,M-9321,Tampered,Late,1
7347,427.63,gas,Commercial,Chicago,121.95,peak,M-5684,Tampered,On-Time,1
7348,127.08,electricity,Residential,Boston,225.49,off-peak,M-7754,Tampered,Late,1
7349,325.15,electricity,Residential,Los Angeles,23.43,peak,M-7870,Tampered,Late,1
7350,376.88,gas,Commercial,Miami,253.54,peak,M-7404,Normal,Late,0
7351,428.98,electricity,Residential,New York,3.92,off-peak,M-6436,Tampered,On-Time,1
7352,419.56,electricity,Residential,Miami,422.98,peak,M-2871,Normal,Late,0
7353,353.2,electricity,Residential,Boston,480.9,off-peak,M-5961,Normal,Late,0
7354,95.97,electricity,Commercial,Los Angeles,203.42,off-peak,M-9259,Normal,On-Time,0
7355,124.44,gas,Residential,Boston,140.6,peak,M-6296,Normal,On-Time,0
7356,368.49,gas,Residential,Dallas,31.6,off-peak,M-2618,Tampered,Late,1
7357,175.98,electricity,Commercial,Seattle,394.88,off-peak,M-1421,Tampered,On-Time,1
7358,401.74,electricity,Commercial,Miami,42.94,peak,M-5710,Normal,On-Time,1
7359,478.41,gas,Residential,Boston,216.23,off-peak,M-3407,Tampered,On-Time,1
7360,302.85,electricity,Commercial,Seattle,37.1,peak,M-3498,Normal,Late,1
7361,184.35,gas,Residential,New York,445.12,off-peak,M-5277,Tampered,Late,1
7362,455.65,gas,Residential,Boston,26.44,off-peak,M-7006,Tampered,Late,1
7363,219.14,electricity,Commercial,Houston,363.18,off-peak,M-2163,Normal,Late,0
7364,131.58,electricity,Commercial,Chicago,94.66,peak,M-8323,Normal,On-Time,0
7365,289.16,electricity,Residential,New York,280.6,peak,M-1022,Normal,On-Time,0
7366,224,gas,Residential,Chicago,242.35,off-peak,M-9980,Normal,Late,0
7367,388.77,gas,Commercial,Chicago,425.73,peak,M-3174,Normal,Late,0
7368,95.44,electricity,Residential,Houston,22.26,off-peak,M-4848,Tampered,Late,1
7369,203.23,electricity,Residential,Houston,208.86,off-peak,M-7775,Tampered,On-Time,1
7370,423.13,gas,Residential,Seattle,391.49,peak,M-1265,Tampered,Late,1
7371,278.33,gas,Residential,New York,402.9,peak,M-6498,Tampered,Late,1
7372,246.92,gas,Commercial,Los Angeles,142.21,peak,M-1048,Tampered,Late,1
7373,492.68,gas,Commercial,Chicago,16.57,peak,M-4188,Tampered,Late,1
7374,124.14,gas,Commercial,Houston,306.52,off-peak,M-7326,Tampered,On-Time,1
7375,45.2,electricity,Commercial,Seattle,113.94,peak,M-3082,Normal,On-Time,0
7376,371.53,electricity,Commercial,Chicago,349.38,peak,M-3994,Tampered,On-Time,1
7377,203.44,gas,Residential,Dallas,328.97,peak,M-5965,Tampered,Late,1
7378,410.66,electricity,Residential,Dallas,237.89,peak,M-2115,Normal,On-Time,0
7379,295.92,gas,Commercial,Seattle,451.38,off-peak,M-9349,Tampered,Late,1
7380,345.14,gas,Commercial,Dallas,152.81,off-peak,M-3985,Tampered,On-Time,1
7381,75.13,electricity,Commercial,Boston,318.9,off-peak,M-3139,Normal,On-Time,0
7382,89.35,gas,Residential,New York,374.43,off-peak,M-9893,Normal,On-Time,0
7383,493.48,electricity,Commercial,Chicago,460.55,peak,M-8387,Tampered,On-Time,1
7384,10.75,gas,Residential,Houston,180.09,peak,M-9482,Tampered,Late,1
7385,99.9,electricity,Residential,Chicago,60.04,off-peak,M-1465,Normal,Late,0
7386,124.22,electricity,Residential,Dallas,469.78,off-peak,M-6561,Normal,On-Time,0
7387,440.61,gas,Commercial,Boston,309.94,off-peak,M-7365,Normal,On-Time,0
7388,345,electricity,Residential,Chicago,71.66,peak,M-6891,Normal,On-Time,1
7389,454.47,electricity,Residential,Seattle,396.01,off-peak,M-2825,Normal,Late,0
7390,407.8,gas,Commercial,Seattle,212.89,off-peak,M-1072,Tampered,On-Time,1
7391,13.52,electricity,Commercial,Dallas,35.68,off-peak,M-1633,Normal,Late,0
7392,25.09,gas,Commercial,Boston,272.73,off-peak,M-2317,Tampered,On-Time,1
7393,403.81,gas,Commercial,Miami,197.17,off-peak,M-7822,Tampered,Late,1
7394,206.78,electricity,Commercial,Miami,344.31,off-peak,M-3769,Tampered,Late,1
7395,124.53,gas,Residential,New York,481.26,peak,M-8027,Normal,Late,0
7396,490.64,gas,Residential,Chicago,340.39,off-peak,M-7105,Tampered,Late,1
7397,327.96,electricity,Residential,Chicago,168.66,off-peak,M-9328,Tampered,Late,1
7398,67.7,gas,Residential,Chicago,65.62,off-peak,M-4211,Tampered,Late,1
7399,371.28,electricity,Commercial,Los Angeles,56.49,off-peak,M-1241,Tampered,Late,1
7400,412.37,electricity,Residential,Dallas,78.27,peak,M-9998,Normal,Late,1
7401,302.14,electricity,Residential,Miami,482.34,off-peak,M-6411,Normal,Late,0
7402,68.58,gas,Residential,New York,100.99,peak,M-4536,Normal,Late,0
7403,421.07,gas,Commercial,Los Angeles,232.94,peak,M-9036,Tampered,On-Time,1
7404,226.8,electricity,Commercial,Chicago,89.25,off-peak,M-4513,Tampered,Late,1
7405,108.96,electricity,Residential,Miami,261.02,peak,M-9899,Tampered,On-Time,1
7406,304.25,gas,Residential,Los Angeles,159.67,off-peak,M-5373,Normal,Late,0
7407,229.23,electricity,Residential,Chicago,281.51,off-peak,M-2464,Normal,Late,0
7408,81.15,electricity,Commercial,Boston,237.89,peak,M-3384,Normal,On-Time,0
7409,246.34,gas,Commercial,Chicago,11.19,off-peak,M-9967,Tampered,On-Time,1
7410,105.94,gas,Commercial,New York,228.39,off-peak,M-3862,Normal,On-Time,0
7411,166.6,electricity,Residential,Miami,289.94,off-peak,M-6470,Normal,On-Time,0
7412,372.81,electricity,Commercial,Boston,37.4,off-peak,M-6952,Normal,Late,1
7413,86.53,electricity,Commercial,Los Angeles,461.36,off-peak,M-6783,Normal,On-Time,0
7414,492.11,gas,Residential,Seattle,294.35,off-peak,M-3941,Tampered,On-Time,1
7415,96.97,electricity,Residential,Miami,189.28,off-peak,M-4225,Normal,Late,0
7416,301.08,gas,Commercial,Dallas,260.95,off-peak,M-2501,Normal,Late,0
7417,201.27,gas,Commercial,Boston,119.76,off-peak,M-5219,Tampered,On-Time,1
7418,76.53,electricity,Residential,Los Angeles,10.57,off-peak,M-8271,Tampered,Late,1
7419,363.99,gas,Commercial,Miami,413.41,off-peak,M-4853,Tampered,On-Time,1
7420,452.64,gas,Commercial,Boston,274.59,off-peak,M-4009,Normal,Late,0
7421,484.41,gas,Residential,Houston,97.02,off-peak,M-5739,Normal,On-Time,1
7422,194.71,gas,Commercial,Boston,238.6,peak,M-5819,Tampered,On-Time,1
7423,115.06,electricity,Commercial,Dallas,210.66,off-peak,M-7818,Tampered,On-Time,1
7424,265.07,electricity,Commercial,New York,384.47,peak,M-1464,Normal,Late,0
7425,166.48,electricity,Commercial,Seattle,164.83,off-peak,M-5807,Tampered,Late,1
7426,105.43,electricity,Residential,Los Angeles,56.25,off-peak,M-6348,Normal,Late,0
7427,19.16,gas,Residential,New York,386.87,off-peak,M-3221,Normal,On-Time,0
7428,488.46,electricity,Residential,Dallas,316.61,peak,M-2782,Tampered,On-Time,1
7429,489.71,gas,Commercial,Houston,465.73,off-peak,M-5240,Tampered,On-Time,1
7430,348.17,electricity,Commercial,Boston,373.43,off-peak,M-2949,Tampered,On-Time,1
7431,418.12,gas,Residential,Boston,140.42,off-peak,M-7076,Normal,On-Time,1
7432,408.75,gas,Commercial,Los Angeles,426.24,off-peak,M-8994,Tampered,Late,1
7433,391.1,gas,Commercial,New York,134.21,peak,M-9592,Normal,Late,1
7434,1.62,gas,Commercial,Boston,120.6,off-peak,M-8633,Normal,Late,0
7435,158.25,electricity,Commercial,Los Angeles,183.44,off-peak,M-7671,Normal,On-Time,0
7436,350.95,gas,Residential,Chicago,27.79,peak,M-6750,Normal,Late,1
7437,267.48,gas,Residential,Dallas,367.13,off-peak,M-3700,Normal,On-Time,0
7438,320.91,gas,Commercial,Boston,288.99,peak,M-7136,Tampered,On-Time,1
7439,287.41,electricity,Commercial,Chicago,175,off-peak,M-7348,Tampered,On-Time,1
7440,171.85,electricity,Residential,Dallas,278.4,peak,M-1975,Tampered,On-Time,1
7441,481.69,electricity,Commercial,Boston,449.8,off-peak,M-9522,Normal,On-Time,0
7442,114.28,gas,Residential,Los Angeles,456.91,off-peak,M-6526,Tampered,On-Time,1
7443,414.2,electricity,Commercial,Miami,443.59,peak,M-1538,Normal,Late,0
7444,180.32,electricity,Commercial,Boston,81.51,peak,M-6129,Normal,Late,1
7445,0.28,electricity,Commercial,Seattle,237.09,peak,M-9711,Tampered,Late,1
7446,451.94,gas,Residential,Los Angeles,24.43,peak,M-1712,Tampered,Late,1
7447,120.56,gas,Residential,Chicago,3.17,off-peak,M-2927,Tampered,On-Time,1
7448,380.31,electricity,Residential,Boston,111.63,off-peak,M-2115,Tampered,On-Time,1
7449,66.15,gas,Residential,Dallas,258.32,off-peak,M-9648,Normal,Late,0
7450,14.34,electricity,Residential,Miami,123.46,off-peak,M-3031,Normal,Late,0
7451,225.44,electricity,Commercial,Los Angeles,438.58,off-peak,M-3671,Tampered,Late,1
7452,197.95,electricity,Residential,Houston,417.63,off-peak,M-7397,Normal,On-Time,0
7453,85.41,gas,Residential,Dallas,209.62,peak,M-3091,Normal,Late,0
7454,435.87,gas,Residential,Seattle,380.2,peak,M-9405,Normal,Late,0
7455,50.45,gas,Residential,New York,421.64,peak,M-3887,Tampered,Late,1
7456,388.65,gas,Residential,Dallas,235.68,off-peak,M-7626,Normal,Late,0
7457,123.02,gas,Commercial,Los Angeles,188.5,peak,M-8428,Tampered,On-Time,1
7458,228.45,gas,Commercial,Dallas,276.46,peak,M-9129,Normal,On-Time,0
7459,355.18,electricity,Residential,New York,46.16,peak,M-7382,Normal,Late,1
7460,31.57,electricity,Residential,New York,283.92,peak,M-7032,Tampered,On-Time,1
7461,80.98,electricity,Residential,New York,368.26,peak,M-4782,Tampered,Late,1
7462,364.87,electricity,Commercial,Los Angeles,176.85,peak,M-9622,Tampered,On-Time,1
7463,464.17,gas,Residential,Houston,279.09,peak,M-9150,Tampered,On-Time,1
7464,243.69,gas,Residential,Miami,221.1,peak,M-2277,Tampered,Late,1
7465,430.03,gas,Residential,Dallas,291.08,off-peak,M-4145,Normal,On-Time,0
7466,321.52,gas,Commercial,New York,464.75,off-peak,M-4813,Normal,On-Time,0
7467,100.65,electricity,Residential,Chicago,65.38,peak,M-3221,Tampered,Late,1
7468,93.85,electricity,Residential,Boston,231.18,off-peak,M-4837,Tampered,Late,1
7469,302.99,gas,Commercial,Chicago,91.42,peak,M-4574,Tampered,Late,1
7470,460.02,gas,Residential,Los Angeles,384.49,off-peak,M-8414,Normal,Late,0
7471,221.35,electricity,Commercial,Dallas,59.89,peak,M-7608,Normal,On-Time,1
7472,247.63,gas,Commercial,Dallas,115.71,off-peak,M-4711,Tampered,On-Time,1
7473,175.32,electricity,Residential,Chicago,6.49,off-peak,M-9166,Normal,On-Time,1
7474,12.46,gas,Residential,Miami,15.45,off-peak,M-4289,Tampered,On-Time,1
7475,54.2,gas,Residential,Seattle,149.21,off-peak,M-2279,Tampered,Late,1
7476,16.76,gas,Commercial,Los Angeles,153.62,off-peak,M-5967,Normal,Late,0
7477,378.19,gas,Commercial,Miami,282.06,peak,M-8463,Tampered,Late,1
7478,388.45,electricity,Commercial,Houston,235.05,peak,M-6402,Normal,On-Time,0
7479,158.63,electricity,Commercial,Boston,153.21,peak,M-7496,Tampered,On-Time,1
7480,101.26,gas,Residential,Boston,262.47,off-peak,M-6113,Tampered,Late,1
7481,328.75,electricity,Commercial,Houston,359.7,off-peak,M-4316,Normal,On-Time,0
7482,307.38,gas,Commercial,Dallas,281.04,off-peak,M-4300,Tampered,Late,1
7483,231.24,electricity,Residential,Houston,103.88,off-peak,M-8056,Tampered,Late,1
7484,326.43,electricity,Commercial,Houston,305.52,off-peak,M-7354,Tampered,Late,1
7485,354.25,gas,Residential,New York,184.5,peak,M-2270,Tampered,Late,1
7486,7.71,gas,Residential,Seattle,84.96,off-peak,M-8351,Tampered,On-Time,1
7487,425.91,gas,Commercial,Dallas,152.58,peak,M-6677,Tampered,On-Time,1
7488,168.92,electricity,Commercial,Dallas,436.25,off-peak,M-3260,Normal,On-Time,0
7489,305.47,gas,Residential,Houston,379.79,off-peak,M-6269,Normal,Late,0
7490,122.21,electricity,Residential,Dallas,478.65,off-peak,M-9950,Tampered,Late,1
7491,486.58,electricity,Commercial,Boston,460.51,off-peak,M-2807,Tampered,On-Time,1
7492,383.68,gas,Commercial,Chicago,302.04,peak,M-2466,Normal,Late,0
7493,189.79,electricity,Residential,Dallas,177.75,off-peak,M-4821,Tampered,Late,1
7494,155.88,electricity,Commercial,Chicago,159.71,peak,M-6833,Normal,On-Time,0
7495,33.45,electricity,Residential,New York,421.92,off-peak,M-6042,Normal,On-Time,0
7496,7.74,gas,Commercial,Miami,63.55,off-peak,M-2964,Tampered,On-Time,1
7497,337.99,electricity,Commercial,Miami,357.95,off-peak,M-9286,Normal,Late,0
7498,405.69,electricity,Commercial,New York,49.84,off-peak,M-8290,Normal,Late,1
7499,248.09,electricity,Residential,Boston,442.02,off-peak,M-5962,Normal,On-Time,0
7500,130.63,electricity,Commercial,Los Angeles,418.08,peak,M-1220,Normal,On-Time,0
7501,372.54,electricity,Commercial,Dallas,266.11,peak,M-9928,Normal,On-Time,0
7502,98.49,gas,Commercial,Chicago,405.92,off-peak,M-3462,Tampered,Late,1
7503,77,electricity,Residential,Houston,164.5,off-peak,M-8688,Tampered,Late,1
7504,82.96,gas,Commercial,Boston,451.67,peak,M-4275,Normal,Late,0
7505,42.05,electricity,Commercial,Los Angeles,95.99,peak,M-5804,Normal,Late,0
7506,180.06,gas,Commercial,Dallas,420.25,peak,M-6883,Normal,On-Time,0
7507,55.92,electricity,Residential,Chicago,301.93,off-peak,M-3904,Normal,Late,0
7508,68.01,electricity,Commercial,Chicago,186.4,peak,M-2385,Normal,Late,0
7509,329.84,gas,Commercial,Seattle,138.88,peak,M-5434,Tampered,Late,1
7510,254.71,gas,Commercial,Houston,348.55,off-peak,M-1636,Tampered,Late,1
7511,346.12,electricity,Residential,Dallas,373.35,peak,M-8847,Tampered,Late,1
7512,277.98,electricity,Residential,New York,218.65,off-peak,M-5227,Tampered,Late,1
7513,491.52,electricity,Residential,Dallas,379.6,peak,M-7550,Tampered,On-Time,1
7514,56.48,electricity,Residential,Boston,348.49,peak,M-7129,Tampered,On-Time,1
7515,422.6,electricity,Commercial,New York,42.98,peak,M-7010,Normal,On-Time,1
7516,418.32,gas,Residential,Dallas,202.35,peak,M-6369,Tampered,Late,1
7517,30.69,electricity,Commercial,Los Angeles,102.84,peak,M-2956,Normal,Late,0
7518,123.75,electricity,Residential,Boston,475.81,peak,M-3578,Normal,Late,0
7519,63.55,gas,Commercial,Houston,336.55,off-peak,M-4010,Normal,On-Time,0
7520,357.63,electricity,Residential,Chicago,196.39,off-peak,M-6670,Normal,On-Time,0
7521,358.91,gas,Residential,Houston,289.02,off-peak,M-6570,Tampered,Late,1
7522,292.9,electricity,Residential,Los Angeles,493.05,off-peak,M-3884,Tampered,Late,1
7523,254.82,gas,Residential,Los Angeles,91.66,off-peak,M-5202,Tampered,Late,1
7524,170.47,electricity,Commercial,Dallas,351.16,off-peak,M-4491,Tampered,Late,1
7525,229.11,gas,Residential,Seattle,294.76,peak,M-2236,Normal,On-Time,0
7526,349.5,gas,Residential,Los Angeles,63.63,off-peak,M-4846,Tampered,On-Time,1
7527,498.47,gas,Commercial,New York,200.15,off-peak,M-6265,Tampered,Late,1
7528,178.69,gas,Residential,Dallas,318.57,off-peak,M-3836,Normal,On-Time,0
7529,386.92,gas,Residential,Boston,211.05,peak,M-6895,Tampered,On-Time,1
7530,237.15,electricity,Residential,Boston,379.18,peak,M-8443,Tampered,On-Time,1
7531,411.39,gas,Commercial,Houston,323.44,peak,M-9964,Normal,On-Time,0
7532,202.58,gas,Residential,Seattle,128.78,peak,M-8127,Tampered,Late,1
7533,143.42,gas,Commercial,Houston,304.28,off-peak,M-7850,Normal,Late,0
7534,115.07,electricity,Residential,Miami,169.31,peak,M-6005,Normal,On-Time,0
7535,49.7,electricity,Residential,Seattle,20.45,off-peak,M-9473,Normal,Late,1
7536,214.38,gas,Commercial,Houston,300.85,peak,M-1064,Tampered,Late,1
7537,489.83,electricity,Residential,Boston,451.38,off-peak,M-6773,Tampered,Late,1
7538,385.33,electricity,Residential,Dallas,395.63,off-peak,M-8912,Tampered,Late,1
7539,296.36,electricity,Residential,Houston,450.43,peak,M-1943,Normal,Late,0
7540,404.32,electricity,Residential,New York,384.14,peak,M-4113,Normal,On-Time,0
7541,178.16,gas,Commercial,Seattle,442.18,off-peak,M-2281,Tampered,On-Time,1
7542,339.34,gas,Commercial,Dallas,264.19,off-peak,M-9165,Tampered,Late,1
7543,156.45,gas,Commercial,Boston,397.71,peak,M-7370,Normal,On-Time,0
7544,277.95,gas,Commercial,Houston,422.82,off-peak,M-3269,Tampered,Late,1
7545,335.6,gas,Residential,Chicago,3.5,peak,M-6645,Normal,On-Time,1
7546,23.27,electricity,Commercial,Dallas,394.23,off-peak,M-1334,Normal,On-Time,0
7547,180.05,electricity,Commercial,New York,361.62,off-peak,M-3805,Normal,On-Time,0
7548,495.12,gas,Commercial,Dallas,40.88,off-peak,M-2897,Tampered,Late,1
7549,462.51,electricity,Commercial,Seattle,338.72,peak,M-4839,Tampered,On-Time,1
7550,469.28,electricity,Residential,Boston,79.51,off-peak,M-7313,Tampered,On-Time,1
7551,431.6,gas,Residential,Chicago,69.03,peak,M-4506,Tampered,On-Time,1
7552,482.07,gas,Commercial,Dallas,494.1,peak,M-3907,Normal,Late,0
7553,160.36,electricity,Commercial,Los Angeles,424.3,peak,M-3119,Tampered,On-Time,1
7554,494.53,gas,Commercial,Dallas,207.6,peak,M-9083,Normal,Late,1
7555,440.7,gas,Residential,Boston,317.81,peak,M-4448,Normal,On-Time,0
7556,306.04,electricity,Residential,Los Angeles,263.77,off-peak,M-3157,Tampered,Late,1
7557,36.36,gas,Commercial,Chicago,399.8,peak,M-2975,Tampered,Late,1
7558,426.18,gas,Commercial,New York,286.96,off-peak,M-3178,Tampered,On-Time,1
7559,350.37,gas,Commercial,New York,268.9,off-peak,M-6254,Normal,On-Time,0
7560,52.48,electricity,Residential,Seattle,163.28,off-peak,M-3502,Normal,Late,0
7561,268.7,electricity,Residential,Miami,246.24,off-peak,M-4568,Tampered,On-Time,1
7562,246.01,electricity,Residential,Chicago,474.15,peak,M-5464,Tampered,On-Time,1
7563,215.02,electricity,Residential,Boston,392.1,peak,M-4905,Tampered,On-Time,1
7564,400.35,electricity,Commercial,New York,262.27,peak,M-9227,Normal,Late,0
7565,179.29,gas,Residential,New York,20.19,peak,M-7266,Tampered,Late,1
7566,174.04,gas,Commercial,Dallas,207.9,peak,M-4234,Normal,Late,0
7567,138.41,gas,Residential,Chicago,88.42,off-peak,M-3756,Normal,Late,0
7568,12,gas,Commercial,Chicago,436.27,off-peak,M-8319,Normal,Late,0
7569,57.07,electricity,Commercial,Dallas,172.79,off-peak,M-2074,Normal,Late,0
7570,438.8,electricity,Residential,Miami,187.3,off-peak,M-7138,Normal,On-Time,1
7571,115.9,gas,Residential,New York,351.35,peak,M-1057,Normal,Late,0
7572,63.26,gas,Commercial,Chicago,321.62,peak,M-9675,Tampered,On-Time,1
7573,245.89,gas,Residential,Dallas,476.26,off-peak,M-1017,Normal,On-Time,0
7574,4.1,electricity,Commercial,Boston,157.2,peak,M-3157,Tampered,Late,1
7575,237.58,electricity,Residential,Los Angeles,97.27,off-peak,M-4212,Normal,Late,1
7576,199.59,electricity,Commercial,Dallas,286.24,off-peak,M-6697,Normal,On-Time,0
7577,20.91,electricity,Residential,Boston,109.91,off-peak,M-5170,Tampered,Late,1
7578,442.56,gas,Residential,Boston,15.41,off-peak,M-1015,Tampered,Late,1
7579,117.17,electricity,Commercial,Los Angeles,437.67,peak,M-8731,Normal,Late,0
7580,487.5,electricity,Residential,Los Angeles,97.02,peak,M-5519,Normal,On-Time,1
7581,462.18,gas,Residential,Dallas,7.1,peak,M-6814,Tampered,Late,1
7582,175,gas,Residential,New York,326.69,off-peak,M-5942,Tampered,Late,1
7583,9.37,gas,Residential,Seattle,488.07,peak,M-3612,Normal,On-Time,0
7584,77.73,electricity,Commercial,Houston,399.36,peak,M-4663,Tampered,On-Time,1
7585,486.17,gas,Residential,Miami,125,off-peak,M-5432,Tampered,Late,1
7586,305.23,gas,Commercial,Miami,282.3,off-peak,M-1843,Normal,Late,0
7587,237.16,gas,Commercial,Miami,19.31,peak,M-7723,Tampered,On-Time,1
7588,372.54,electricity,Residential,Boston,356.73,peak,M-9682,Tampered,Late,1
7589,353.63,gas,Commercial,New York,368.73,peak,M-3055,Normal,Late,0
7590,248.25,gas,Residential,Dallas,80.24,off-peak,M-9484,Tampered,Late,1
7591,15.1,gas,Residential,Seattle,169.4,off-peak,M-8877,Normal,Late,0
7592,277.88,gas,Commercial,Boston,464.35,off-peak,M-7579,Normal,Late,0
7593,173.54,gas,Commercial,Chicago,407.83,peak,M-5131,Normal,Late,0
7594,119.18,gas,Commercial,Miami,171.15,peak,M-2816,Tampered,On-Time,1
7595,101.82,electricity,Commercial,Dallas,451.73,off-peak,M-3055,Normal,Late,0
7596,237.38,gas,Commercial,Chicago,406.29,off-peak,M-8087,Tampered,Late,1
7597,407.82,gas,Residential,Seattle,304.13,peak,M-7109,Normal,On-Time,0
7598,104.61,electricity,Residential,Houston,211.06,peak,M-6737,Normal,Late,0
7599,99.6,electricity,Residential,Seattle,325.53,off-peak,M-5334,Tampered,On-Time,1
7600,290.11,electricity,Residential,New York,320.07,off-peak,M-9266,Normal,On-Time,0
7601,195.16,electricity,Residential,Boston,339.18,off-peak,M-7655,Normal,On-Time,0
7602,227.09,gas,Residential,Boston,72.94,off-peak,M-5841,Tampered,On-Time,1
7603,147.72,electricity,Residential,New York,87.28,peak,M-3561,Tampered,On-Time,1
7604,305.09,electricity,Residential,Dallas,297.86,off-peak,M-4768,Normal,Late,0
7605,273.86,electricity,Residential,Miami,458.26,off-peak,M-6130,Tampered,On-Time,1
7606,2.37,electricity,Commercial,Seattle,124.85,off-peak,M-8695,Tampered,Late,1
7607,226.2,gas,Residential,Los Angeles,362.95,peak,M-8609,Tampered,Late,1
7608,217.61,gas,Residential,Los Angeles,175.05,off-peak,M-9186,Normal,Late,0
7609,366.09,electricity,Commercial,Miami,464.4,peak,M-1789,Normal,Late,0
7610,66.37,gas,Residential,New York,199.76,off-peak,M-5687,Normal,Late,0
7611,89.55,gas,Commercial,Seattle,26.21,off-peak,M-5500,Tampered,Late,1
7612,153.55,gas,Residential,Dallas,473.57,off-peak,M-8096,Tampered,Late,1
7613,218.01,electricity,Commercial,Seattle,473.58,peak,M-8962,Normal,On-Time,0
7614,329.25,gas,Residential,Chicago,40.75,peak,M-2253,Tampered,Late,1
7615,125.24,gas,Commercial,New York,38.45,peak,M-8661,Normal,Late,1
7616,384.54,electricity,Residential,Seattle,352.92,peak,M-8471,Tampered,On-Time,1
7617,175.58,electricity,Commercial,Chicago,7.35,off-peak,M-8213,Tampered,Late,1
7618,54.05,electricity,Residential,Chicago,341.33,off-peak,M-7520,Normal,Late,0
7619,125.66,gas,Commercial,Los Angeles,199.31,off-peak,M-5475,Tampered,On-Time,1
7620,336.86,gas,Commercial,Chicago,263.82,peak,M-2310,Tampered,On-Time,1
7621,29.56,gas,Residential,Los Angeles,37.86,peak,M-5498,Tampered,Late,1
7622,330.15,gas,Commercial,Boston,315.11,off-peak,M-8650,Tampered,Late,1
7623,186.02,gas,Residential,Miami,194.46,peak,M-8519,Normal,Late,0
7624,359.54,gas,Residential,Houston,486.78,off-peak,M-1588,Normal,On-Time,0
7625,243.75,electricity,Commercial,Chicago,82.78,off-peak,M-7134,Normal,Late,1
7626,230.57,gas,Residential,Chicago,432.61,off-peak,M-3473,Tampered,On-Time,1
7627,75.29,electricity,Commercial,Chicago,33.77,off-peak,M-4747,Normal,Late,1
7628,193.65,electricity,Residential,Boston,440.19,off-peak,M-6050,Normal,On-Time,0
7629,251.58,gas,Residential,Boston,92.38,peak,M-3921,Tampered,Late,1
7630,442.11,electricity,Commercial,Houston,326.22,peak,M-1223,Tampered,Late,1
7631,466.39,electricity,Residential,Chicago,139.61,peak,M-4299,Tampered,On-Time,1
7632,457.49,electricity,Residential,New York,6.8,off-peak,M-2193,Tampered,On-Time,1
7633,378.59,gas,Commercial,Seattle,263.6,off-peak,M-7324,Normal,On-Time,0
7634,280.13,electricity,Residential,Dallas,452.65,off-peak,M-6078,Normal,On-Time,0
7635,8.68,gas,Residential,Houston,491.64,off-peak,M-1869,Normal,On-Time,0
7636,103.4,gas,Residential,Dallas,140.09,peak,M-6998,Tampered,Late,1
7637,108.79,gas,Residential,Houston,34.16,peak,M-5741,Normal,On-Time,1
7638,473.64,gas,Residential,Los Angeles,112.75,peak,M-3611,Normal,On-Time,1
7639,364.57,gas,Residential,Houston,331.13,off-peak,M-8899,Tampered,On-Time,1
7640,336.25,gas,Commercial,Dallas,157.65,peak,M-9277,Normal,Late,1
7641,411.91,electricity,Commercial,Seattle,11.53,off-peak,M-7509,Tampered,Late,1
7642,239.82,gas,Residential,Dallas,37.74,off-peak,M-4390,Tampered,Late,1
7643,386.77,gas,Commercial,Dallas,403.95,peak,M-9672,Tampered,Late,1
7644,99.77,electricity,Residential,Chicago,355.86,peak,M-3749,Tampered,On-Time,1
7645,351.7,gas,Residential,Miami,388.36,off-peak,M-2795,Tampered,On-Time,1
7646,375.98,gas,Commercial,Dallas,150.35,off-peak,M-8658,Tampered,Late,1
7647,477.42,gas,Commercial,Miami,206.51,off-peak,M-1717,Normal,On-Time,1
7648,199.52,gas,Commercial,New York,441.9,off-peak,M-2819,Normal,On-Time,0
7649,298.4,electricity,Commercial,Chicago,110.86,peak,M-9011,Normal,Late,1
7650,273.99,gas,Commercial,Chicago,287.59,peak,M-3514,Normal,Late,0
7651,215.81,electricity,Residential,New York,272.77,off-peak,M-3559,Tampered,Late,1
7652,277.4,gas,Commercial,Dallas,404.93,off-peak,M-7491,Normal,On-Time,0
7653,24.4,electricity,Residential,Boston,373.8,peak,M-2859,Normal,On-Time,0
7654,308.1,gas,Commercial,Miami,314.04,off-peak,M-8796,Normal,On-Time,0
7655,237.21,gas,Commercial,Dallas,220.34,peak,M-7966,Tampered,On-Time,1
7656,18.18,electricity,Commercial,Seattle,128.84,peak,M-4048,Tampered,Late,1
7657,307.64,electricity,Commercial,Boston,151.73,off-peak,M-9037,Normal,Late,1
7658,471.68,gas,Commercial,New York,439.38,peak,M-8993,Tampered,On-Time,1
7659,450.98,electricity,Residential,Seattle,362.59,off-peak,M-6046,Normal,Late,0
7660,295.92,electricity,Residential,Dallas,34,peak,M-6189,Tampered,On-Time,1
7661,340.39,gas,Residential,Boston,176.44,off-peak,M-5617,Normal,Late,0
7662,355.9,electricity,Residential,Chicago,36.48,peak,M-6645,Normal,Late,1
7663,495.34,electricity,Commercial,New York,314.49,off-peak,M-6142,Normal,Late,0
7664,413.1,electricity,Commercial,Dallas,403.39,off-peak,M-1080,Tampered,On-Time,1
7665,60.39,gas,Residential,New York,17.65,peak,M-1611,Normal,Late,1
7666,315.67,gas,Residential,Houston,106.5,peak,M-5026,Normal,On-Time,1
7667,180.29,electricity,Commercial,Los Angeles,339.18,off-peak,M-3414,Normal,Late,0
7668,428.88,electricity,Residential,Seattle,216.45,off-peak,M-8370,Tampered,Late,1
7669,20.85,gas,Commercial,New York,131.88,off-peak,M-6352,Normal,On-Time,0
7670,83.07,electricity,Commercial,Dallas,370.61,off-peak,M-1455,Normal,On-Time,0
7671,262.8,gas,Commercial,Houston,352.52,off-peak,M-1288,Tampered,On-Time,1
7672,113.67,gas,Residential,Boston,347.07,off-peak,M-7189,Normal,On-Time,0
7673,398.32,gas,Commercial,Dallas,294.78,off-peak,M-4920,Normal,Late,0
7674,185.43,gas,Residential,Chicago,203.2,off-peak,M-7944,Tampered,On-Time,1
7675,191.32,gas,Residential,New York,481.15,off-peak,M-8357,Tampered,On-Time,1
7676,460.89,electricity,Residential,Houston,401.84,peak,M-7377,Normal,On-Time,0
7677,244.9,gas,Commercial,Chicago,277.79,off-peak,M-4621,Tampered,On-Time,1
7678,223.47,electricity,Residential,Boston,360.81,peak,M-5210,Tampered,Late,1
7679,248.11,gas,Commercial,New York,107.36,off-peak,M-2362,Tampered,On-Time,1
7680,253.5,electricity,Residential,Houston,329.33,off-peak,M-5887,Tampered,Late,1
7681,41.83,electricity,Commercial,New York,150.45,peak,M-3725,Tampered,On-Time,1
7682,446.21,gas,Residential,Dallas,481.18,off-peak,M-4793,Tampered,Late,1
7683,309.63,gas,Commercial,New York,362.15,peak,M-9319,Normal,On-Time,0
7684,494.69,electricity,Residential,Miami,128.73,peak,M-5934,Normal,On-Time,1
7685,431.89,electricity,Residential,Chicago,173.38,peak,M-7988,Normal,Late,1
7686,345.9,gas,Residential,New York,42.35,peak,M-5179,Normal,On-Time,1
7687,49.66,gas,Commercial,Boston,35.63,peak,M-9701,Normal,Late,0
7688,492.82,electricity,Commercial,Boston,419.68,peak,M-5275,Normal,Late,0
7689,149.54,electricity,Commercial,Los Angeles,183.88,peak,M-9241,Tampered,Late,1
7690,29.68,electricity,Residential,Boston,98.67,peak,M-5567,Tampered,Late,1
7691,224.74,electricity,Commercial,Houston,246.44,off-peak,M-5765,Tampered,On-Time,1
7692,366.59,gas,Residential,Dallas,405.22,off-peak,M-7407,Normal,Late,0
7693,295.06,electricity,Residential,Houston,460.69,off-peak,M-5007,Normal,On-Time,0
7694,387.27,electricity,Residential,Miami,159.72,off-peak,M-2925,Normal,On-Time,1
7695,161.26,electricity,Commercial,Chicago,284.16,peak,M-5457,Tampered,Late,1
7696,493.23,gas,Residential,Dallas,352.3,off-peak,M-8531,Tampered,Late,1
7697,53.31,electricity,Residential,Houston,140.52,off-peak,M-3502,Tampered,Late,1
7698,56.04,electricity,Commercial,Miami,373.7,off-peak,M-6731,Normal,Late,0
7699,248.94,electricity,Commercial,Boston,162.68,off-peak,M-6799,Tampered,Late,1
7700,231.08,electricity,Residential,Dallas,243.14,off-peak,M-6185,Tampered,On-Time,1
7701,372.59,electricity,Residential,New York,321.82,peak,M-2970,Normal,On-Time,0
7702,316.62,gas,Commercial,Miami,237.63,peak,M-9268,Normal,On-Time,0
7703,434.65,electricity,Residential,Houston,82.88,off-peak,M-8807,Normal,Late,1
7704,6.37,gas,Residential,Houston,406.76,off-peak,M-5946,Normal,On-Time,0
7705,244.31,gas,Commercial,New York,295.62,off-peak,M-4806,Tampered,Late,1
7706,264.09,electricity,Residential,Boston,314.53,peak,M-1038,Normal,On-Time,0
7707,159.38,electricity,Commercial,Chicago,401.15,peak,M-4689,Tampered,Late,1
7708,426.54,gas,Commercial,Houston,310.5,peak,M-9073,Tampered,Late,1
7709,201.57,gas,Residential,Seattle,291.7,peak,M-2552,Normal,On-Time,0
7710,332.16,gas,Commercial,Houston,483.43,peak,M-6391,Normal,Late,0
7711,142.4,electricity,Commercial,Los Angeles,27.37,off-peak,M-9190,Tampered,On-Time,1
7712,22.92,electricity,Residential,Boston,418.86,off-peak,M-4443,Tampered,On-Time,1
7713,258.2,electricity,Commercial,Seattle,73.61,peak,M-8101,Normal,Late,1
7714,353.29,gas,Commercial,Los Angeles,295.13,peak,M-5487,Tampered,Late,1
7715,67.03,electricity,Residential,Boston,126.36,peak,M-1408,Normal,On-Time,0
7716,489.05,electricity,Residential,Dallas,313.45,peak,M-7961,Tampered,Late,1
7717,246.48,electricity,Commercial,Boston,229.83,peak,M-4966,Normal,Late,0
7718,419.83,gas,Commercial,Houston,136.35,peak,M-9241,Tampered,On-Time,1
7719,362.85,electricity,Commercial,Los Angeles,116.27,peak,M-6501,Tampered,On-Time,1
7720,124.29,electricity,Residential,Boston,203.21,off-peak,M-6562,Normal,On-Time,0
7721,492.78,electricity,Commercial,Los Angeles,468.79,peak,M-9011,Tampered,On-Time,1
7722,15.18,electricity,Commercial,Boston,352.3,off-peak,M-7243,Normal,On-Time,0
7723,497.6,electricity,Residential,Boston,115.53,peak,M-8492,Normal,On-Time,1
7724,324.96,electricity,Residential,New York,473.03,peak,M-2198,Tampered,Late,1
7725,383.2,electricity,Commercial,Los Angeles,208.15,peak,M-5515,Normal,Late,0
7726,339.42,electricity,Residential,Houston,38.89,peak,M-7379,Tampered,Late,1
7727,317.11,electricity,Residential,Miami,476.55,off-peak,M-4043,Normal,Late,0
7728,422.78,electricity,Residential,Seattle,359.59,peak,M-9242,Tampered,Late,1
7729,438.03,gas,Commercial,Chicago,492.74,peak,M-7070,Tampered,On-Time,1
7730,284.78,electricity,Commercial,Dallas,97.64,off-peak,M-7725,Tampered,On-Time,1
7731,413.82,gas,Commercial,Houston,347.7,peak,M-9941,Normal,Late,0
7732,267.45,gas,Residential,Los Angeles,427.25,peak,M-6839,Normal,Late,0
7733,0.21,electricity,Commercial,Boston,65.23,peak,M-7632,Normal,Late,0
7734,464.51,gas,Commercial,Dallas,265.56,off-peak,M-5153,Normal,On-Time,0
7735,361.67,electricity,Commercial,Miami,128.2,peak,M-3924,Normal,Late,1
7736,302.48,gas,Residential,Miami,182.63,peak,M-8005,Normal,On-Time,0
7737,31.66,gas,Commercial,Seattle,470.68,peak,M-2254,Tampered,On-Time,1
7738,277.56,gas,Commercial,New York,64.1,off-peak,M-7255,Tampered,On-Time,1
7739,86.83,gas,Residential,Houston,343.08,peak,M-7981,Normal,On-Time,0
7740,337.78,gas,Commercial,Seattle,409.78,off-peak,M-4670,Normal,Late,0
7741,452.43,gas,Residential,Los Angeles,485.63,off-peak,M-9402,Normal,On-Time,0
7742,32.16,electricity,Commercial,New York,349.49,peak,M-5810,Tampered,Late,1
7743,332.8,gas,Commercial,Houston,54.73,peak,M-1593,Tampered,On-Time,1
7744,219.97,gas,Commercial,Chicago,274.36,peak,M-3162,Tampered,Late,1
7745,345.23,electricity,Residential,New York,216.05,off-peak,M-7448,Tampered,Late,1
7746,377.94,gas,Residential,Houston,311.76,peak,M-8231,Normal,On-Time,0
7747,354.99,electricity,Commercial,Los Angeles,126.11,peak,M-4584,Tampered,On-Time,1
7748,401.85,electricity,Residential,Boston,334.9,peak,M-2254,Normal,Late,0
7749,329.91,electricity,Commercial,Miami,148.37,off-peak,M-8001,Normal,Late,1
7750,212.04,gas,Residential,Los Angeles,319.35,off-peak,M-8728,Tampered,Late,1
7751,346.9,electricity,Commercial,Dallas,114.36,off-peak,M-6183,Normal,On-Time,1
7752,215.23,gas,Commercial,New York,248.09,peak,M-4611,Tampered,On-Time,1
7753,254.39,electricity,Residential,Boston,476.67,off-peak,M-4472,Normal,On-Time,0
7754,343.97,electricity,Commercial,Chicago,458.65,off-peak,M-6680,Normal,On-Time,0
7755,187.27,gas,Residential,Miami,429.62,peak,M-7831,Normal,Late,0
7756,270.33,gas,Commercial,Houston,287.56,off-peak,M-6834,Tampered,On-Time,1
7757,286.34,gas,Residential,Chicago,346.68,peak,M-9155,Tampered,On-Time,1
7758,165.44,gas,Commercial,Boston,288.67,peak,M-6276,Tampered,On-Time,1
7759,118.34,gas,Residential,New York,299.55,peak,M-4557,Tampered,On-Time,1
7760,79.34,electricity,Commercial,Boston,497.61,peak,M-8057,Tampered,On-Time,1
7761,14.35,electricity,Commercial,Seattle,423.01,peak,M-9459,Tampered,On-Time,1
7762,238.74,electricity,Residential,Miami,297.77,peak,M-8961,Normal,Late,0
7763,79.64,electricity,Residential,Chicago,131.79,peak,M-8144,Normal,On-Time,0
7764,131.19,gas,Commercial,Houston,232.62,off-peak,M-8468,Normal,On-Time,0
7765,73.48,electricity,Commercial,Dallas,333.75,off-peak,M-7865,Normal,On-Time,0
7766,358.15,electricity,Commercial,Chicago,231.45,peak,M-9195,Tampered,Late,1
7767,468.04,gas,Commercial,Houston,438.81,off-peak,M-8081,Tampered,On-Time,1
7768,32.38,gas,Commercial,Seattle,496.28,off-peak,M-7818,Tampered,On-Time,1
7769,68.85,electricity,Residential,Houston,479.89,off-peak,M-2957,Normal,On-Time,0
7770,284.45,gas,Commercial,Dallas,145.85,peak,M-6806,Normal,On-Time,0
7771,79.1,gas,Commercial,Dallas,212.38,peak,M-4526,Tampered,Late,1
7772,297.92,gas,Residential,New York,337.02,off-peak,M-9050,Tampered,Late,1
7773,296.59,gas,Commercial,Boston,72.55,off-peak,M-7416,Tampered,Late,1
7774,271.93,gas,Commercial,Houston,454.51,off-peak,M-5696,Normal,Late,0
7775,13.49,electricity,Commercial,Seattle,441.86,off-peak,M-3985,Normal,Late,0
7776,19.41,electricity,Residential,Los Angeles,17.49,off-peak,M-3380,Tampered,On-Time,1
7777,354.26,electricity,Residential,Miami,57.16,off-peak,M-8581,Normal,Late,1
7778,310.05,gas,Residential,Miami,471.26,peak,M-3829,Normal,On-Time,0
7779,396.59,electricity,Commercial,Dallas,258.08,off-peak,M-5498,Tampered,On-Time,1
7780,77.84,gas,Residential,Boston,349.6,off-peak,M-6309,Tampered,On-Time,1
7781,176.43,electricity,Commercial,Dallas,90.18,off-peak,M-2855,Tampered,On-Time,1
7782,456.93,electricity,Residential,Dallas,215.5,peak,M-6744,Tampered,Late,1
7783,469.68,electricity,Residential,Seattle,459.46,off-peak,M-5319,Normal,Late,0
7784,340.12,gas,Residential,Miami,185.16,off-peak,M-8342,Tampered,On-Time,1
7785,428.95,gas,Commercial,Seattle,426.53,off-peak,M-3453,Normal,Late,0
7786,56.73,gas,Commercial,Boston,433.63,peak,M-3648,Normal,On-Time,0
7787,280.21,gas,Commercial,Boston,220.76,peak,M-4353,Tampered,On-Time,1
7788,363.48,gas,Commercial,New York,378.32,off-peak,M-1754,Tampered,On-Time,1
7789,90.29,electricity,Residential,Dallas,126.25,off-peak,M-6631,Tampered,On-Time,1
7790,49.56,electricity,Residential,Miami,227.31,peak,M-8498,Normal,Late,0
7791,158.28,gas,Residential,New York,453.23,off-peak,M-6119,Normal,On-Time,0
7792,95.81,electricity,Residential,Boston,81.36,peak,M-4417,Tampered,Late,1
7793,88.85,electricity,Commercial,Houston,498.66,off-peak,M-3132,Tampered,Late,1
7794,261.91,electricity,Residential,New York,158.59,peak,M-7457,Tampered,Late,1
7795,45.01,gas,Commercial,New York,317.65,peak,M-4164,Normal,On-Time,0
7796,469.65,electricity,Residential,Miami,288.37,off-peak,M-1897,Tampered,Late,1
7797,448.25,electricity,Residential,New York,19.67,off-peak,M-5224,Normal,On-Time,1
7798,367.11,gas,Commercial,Houston,275.81,peak,M-3208,Normal,Late,0
7799,84.27,gas,Commercial,Seattle,7.74,off-peak,M-9766,Tampered,On-Time,1
7800,421.97,gas,Residential,Houston,178.03,off-peak,M-6977,Tampered,On-Time,1
7801,156.56,electricity,Residential,Miami,446.2,peak,M-1939,Normal,On-Time,0
7802,483.83,gas,Residential,New York,266.33,peak,M-3415,Normal,Late,0
7803,455.26,electricity,Residential,Dallas,44.4,off-peak,M-9821,Normal,On-Time,1
7804,173.64,electricity,Commercial,Chicago,329.21,off-peak,M-4579,Normal,On-Time,0
7805,190.38,gas,Residential,Dallas,358.1,peak,M-8277,Tampered,Late,1
7806,172.84,electricity,Commercial,Dallas,288.68,off-peak,M-9027,Normal,Late,0
7807,105.77,electricity,Commercial,Los Angeles,151.94,off-peak,M-7648,Normal,Late,0
7808,469.09,gas,Commercial,New York,408.84,peak,M-7887,Tampered,On-Time,1
7809,110.02,electricity,Commercial,Boston,423.79,off-peak,M-8063,Normal,On-Time,0
7810,348.05,electricity,Commercial,Seattle,460.26,peak,M-1164,Normal,Late,0
7811,272.28,electricity,Commercial,New York,135.86,off-peak,M-9900,Tampered,Late,1
7812,168.53,gas,Residential,Seattle,137.98,off-peak,M-1059,Tampered,Late,1
7813,458.74,electricity,Commercial,Miami,395.46,peak,M-5925,Tampered,Late,1
7814,450.05,gas,Residential,Houston,416.22,peak,M-6680,Normal,On-Time,0
7815,318.59,electricity,Residential,Seattle,264.34,off-peak,M-5202,Normal,Late,0
7816,214.17,electricity,Residential,Chicago,139.54,peak,M-2777,Tampered,On-Time,1
7817,154.71,electricity,Commercial,Chicago,373.58,off-peak,M-4150,Tampered,On-Time,1
7818,497.15,gas,Residential,Dallas,488.99,off-peak,M-4905,Normal,On-Time,0
7819,284.73,gas,Commercial,Boston,183.03,off-peak,M-6766,Tampered,On-Time,1
7820,391.95,electricity,Commercial,Chicago,20.87,off-peak,M-4502,Normal,On-Time,1
7821,152.47,gas,Residential,Dallas,198.69,peak,M-4908,Tampered,Late,1
7822,293.65,electricity,Residential,Miami,383.79,peak,M-7185,Normal,Late,0
7823,494.94,electricity,Commercial,Miami,24.9,peak,M-8282,Tampered,Late,1
7824,137.84,gas,Commercial,Seattle,290.96,peak,M-9605,Tampered,On-Time,1
7825,333.67,gas,Commercial,Dallas,191.51,peak,M-7666,Tampered,On-Time,1
7826,31.45,gas,Commercial,Miami,9.16,peak,M-1814,Tampered,On-Time,1
7827,278.57,electricity,Commercial,Miami,93.57,off-peak,M-9989,Tampered,On-Time,1
7828,262.24,gas,Commercial,Chicago,496.87,off-peak,M-1838,Tampered,On-Time,1
7829,437.35,electricity,Commercial,Los Angeles,238.78,peak,M-4460,Normal,On-Time,0
7830,472.62,gas,Residential,New York,350.2,peak,M-2977,Normal,On-Time,0
7831,305.81,electricity,Commercial,Chicago,274.97,peak,M-5083,Normal,Late,0
7832,456.81,electricity,Commercial,Boston,481.55,off-peak,M-7863,Normal,Late,0
7833,43.71,electricity,Residential,Los Angeles,290.95,peak,M-1632,Normal,On-Time,0
7834,479.47,gas,Residential,Chicago,475.31,off-peak,M-5991,Tampered,On-Time,1
7835,450.27,electricity,Commercial,Houston,277.41,peak,M-6738,Tampered,On-Time,1
7836,217.84,gas,Residential,Dallas,81.58,peak,M-8521,Tampered,On-Time,1
7837,385.81,electricity,Commercial,Los Angeles,51.04,peak,M-6962,Tampered,Late,1
7838,326.08,electricity,Residential,Seattle,433.44,peak,M-1005,Normal,Late,0
7839,334.63,gas,Residential,New York,370.46,off-peak,M-4477,Tampered,On-Time,1
7840,275.43,gas,Residential,Los Angeles,221.78,off-peak,M-1646,Normal,Late,0
7841,73.47,gas,Residential,Boston,243.8,peak,M-7642,Normal,Late,0
7842,430.66,gas,Residential,Houston,392.05,off-peak,M-7781,Tampered,On-Time,1
7843,459.13,electricity,Residential,Houston,247.77,off-peak,M-9053,Normal,Late,0
7844,201.07,gas,Commercial,Los Angeles,228.54,peak,M-6195,Normal,On-Time,0
7845,494.77,gas,Residential,New York,77.33,peak,M-9060,Normal,On-Time,1
7846,148.22,electricity,Commercial,Chicago,54,peak,M-7181,Tampered,On-Time,1
7847,412.73,gas,Commercial,Boston,85.69,peak,M-8929,Tampered,On-Time,1
7848,412.97,gas,Commercial,Chicago,79.36,peak,M-9251,Normal,Late,1
7849,181.28,gas,Residential,New York,152.1,off-peak,M-2587,Tampered,Late,1
7850,193.49,electricity,Commercial,Miami,95,peak,M-2138,Tampered,Late,1
7851,415.75,electricity,Commercial,Los Angeles,366.43,off-peak,M-3295,Tampered,On-Time,1
7852,387.1,electricity,Residential,Miami,279.63,peak,M-5030,Tampered,Late,1
7853,149.82,gas,Residential,Los Angeles,145.49,peak,M-1823,Normal,On-Time,0
7854,343.2,electricity,Commercial,Houston,70.03,peak,M-3202,Tampered,Late,1
7855,114.72,gas,Commercial,Dallas,301.22,off-peak,M-7952,Tampered,On-Time,1
7856,252.26,gas,Residential,Miami,36.59,off-peak,M-3393,Tampered,On-Time,1
7857,225.14,electricity,Residential,New York,446.5,off-peak,M-7545,Normal,Late,0
7858,465,gas,Commercial,Chicago,7.71,off-peak,M-2251,Normal,Late,1
7859,496.92,electricity,Residential,Houston,434.06,off-peak,M-7722,Tampered,On-Time,1
7860,64.66,gas,Residential,Chicago,309.32,off-peak,M-8794,Tampered,On-Time,1
7861,183.48,electricity,Residential,Dallas,284.99,off-peak,M-6115,Normal,On-Time,0
7862,142.97,electricity,Residential,Dallas,289.34,off-peak,M-5108,Tampered,On-Time,1
7863,330.08,gas,Commercial,Boston,423.78,peak,M-8816,Normal,On-Time,0
7864,201.43,electricity,Residential,Boston,495.27,peak,M-2977,Tampered,Late,1
7865,16.77,gas,Commercial,New York,198.06,off-peak,M-6325,Normal,On-Time,0
7866,32.8,gas,Residential,New York,95.35,off-peak,M-6332,Tampered,On-Time,1
7867,192.19,gas,Commercial,Los Angeles,484.1,off-peak,M-9269,Tampered,Late,1
7868,17.16,gas,Commercial,Seattle,296.27,peak,M-9456,Normal,On-Time,0
7869,287.81,gas,Residential,Seattle,196.62,peak,M-2171,Tampered,Late,1
7870,44.34,electricity,Residential,New York,330.85,peak,M-2909,Normal,On-Time,0
7871,337.05,gas,Commercial,Dallas,315.37,peak,M-2000,Normal,On-Time,0
7872,65.05,electricity,Commercial,Dallas,496.06,off-peak,M-8778,Normal,Late,0
7873,202.65,gas,Commercial,Los Angeles,373.06,peak,M-5073,Normal,On-Time,0
7874,376.91,gas,Commercial,New York,78.34,off-peak,M-3441,Tampered,On-Time,1
7875,488.39,gas,Residential,Boston,24.74,off-peak,M-2383,Tampered,Late,1
7876,184.73,electricity,Commercial,Seattle,13.91,off-peak,M-4660,Normal,On-Time,1
7877,390.68,electricity,Residential,Dallas,233.5,off-peak,M-7088,Normal,Late,0
7878,241.16,electricity,Residential,Miami,158.62,off-peak,M-1976,Tampered,On-Time,1
7879,306.39,electricity,Residential,New York,493.03,peak,M-9187,Tampered,On-Time,1
7880,84.84,gas,Commercial,New York,247.95,off-peak,M-2707,Tampered,On-Time,1
7881,439.81,electricity,Commercial,Seattle,82.64,peak,M-2622,Tampered,On-Time,1
7882,488.64,electricity,Commercial,Houston,398.3,peak,M-4996,Normal,On-Time,0
7883,379.53,electricity,Commercial,Seattle,333.52,off-peak,M-4895,Normal,On-Time,0
7884,469.4,electricity,Commercial,Miami,474.56,peak,M-5816,Tampered,On-Time,1
7885,219.19,gas,Residential,Chicago,32.49,peak,M-1713,Tampered,Late,1
7886,74.89,electricity,Commercial,Seattle,385.59,off-peak,M-6319,Normal,Late,0
7887,394.38,electricity,Residential,Chicago,181.97,peak,M-6368,Normal,On-Time,1
7888,424.95,gas,Residential,Los Angeles,386.48,off-peak,M-6755,Normal,On-Time,0
7889,98.57,electricity,Commercial,New York,421.58,off-peak,M-3543,Tampered,Late,1
7890,108.62,electricity,Commercial,Houston,290.66,peak,M-7044,Normal,Late,0
7891,255.24,electricity,Residential,Seattle,214.23,peak,M-7477,Normal,Late,0
7892,248.26,electricity,Residential,Seattle,406.94,off-peak,M-3692,Normal,On-Time,0
7893,456.26,electricity,Residential,Houston,245.16,peak,M-3645,Normal,Late,0
7894,453.67,gas,Commercial,Los Angeles,419.61,peak,M-9006,Normal,On-Time,0
7895,218.82,electricity,Residential,Los Angeles,77.69,peak,M-4492,Normal,On-Time,1
7896,24.6,electricity,Commercial,Los Angeles,152.28,off-peak,M-3374,Normal,On-Time,0
7897,487.21,gas,Residential,Dallas,219.13,off-peak,M-2126,Tampered,Late,1
7898,258.42,electricity,Residential,Dallas,21.87,off-peak,M-4144,Tampered,Late,1
7899,411.6,gas,Residential,New York,358.42,off-peak,M-6089,Tampered,On-Time,1
7900,404.56,gas,Commercial,Miami,482.85,off-peak,M-8280,Normal,On-Time,0
7901,293.79,electricity,Residential,Miami,255.42,off-peak,M-9394,Normal,On-Time,0
7902,160.27,electricity,Residential,Miami,223.65,peak,M-8470,Tampered,On-Time,1
7903,269.2,gas,Commercial,Seattle,309.19,peak,M-7429,Tampered,Late,1
7904,333.95,gas,Residential,Chicago,332.24,off-peak,M-2561,Tampered,Late,1
7905,320.36,electricity,Residential,Los Angeles,280.95,off-peak,M-1479,Tampered,Late,1
7906,421.37,electricity,Commercial,Los Angeles,270.75,off-peak,M-3930,Normal,Late,0
7907,445.73,electricity,Commercial,Boston,66.97,off-peak,M-1555,Normal,On-Time,1
7908,10.51,gas,Commercial,Boston,15.71,off-peak,M-4406,Normal,On-Time,0
7909,56.87,gas,Residential,Houston,233.73,off-peak,M-4287,Tampered,On-Time,1
7910,277.2,gas,Commercial,Houston,316.56,off-peak,M-4829,Normal,Late,0
7911,29.56,electricity,Residential,Los Angeles,444.43,peak,M-8888,Normal,Late,0
7912,181.74,gas,Commercial,Boston,1.17,off-peak,M-3279,Tampered,On-Time,1
7913,9.07,electricity,Residential,Los Angeles,270.18,off-peak,M-7849,Normal,On-Time,0
7914,192.74,gas,Residential,Chicago,489.69,off-peak,M-5557,Normal,On-Time,0
7915,36.38,electricity,Commercial,Miami,89.49,peak,M-5541,Tampered,On-Time,1
7916,88.16,electricity,Commercial,Houston,427.99,off-peak,M-1624,Tampered,On-Time,1
7917,249.51,gas,Commercial,Dallas,306.52,off-peak,M-5057,Normal,Late,0
7918,452.48,gas,Residential,Houston,371.98,peak,M-5470,Tampered,Late,1
7919,377.24,electricity,Residential,Dallas,261.52,off-peak,M-6575,Normal,On-Time,0
7920,196.7,gas,Residential,Boston,427.86,off-peak,M-2144,Tampered,Late,1
7921,63.41,gas,Commercial,Los Angeles,16.64,off-peak,M-3900,Tampered,On-Time,1
7922,114.6,electricity,Residential,Dallas,347,peak,M-6838,Normal,On-Time,0
7923,202.77,electricity,Residential,Houston,435.15,off-peak,M-9011,Normal,Late,0
7924,182.75,gas,Residential,Houston,236.5,off-peak,M-8525,Tampered,On-Time,1
7925,423.17,gas,Commercial,Dallas,338,off-peak,M-7436,Normal,On-Time,0
7926,186.51,electricity,Commercial,Boston,51.3,off-peak,M-5210,Normal,On-Time,1
7927,242.69,gas,Commercial,New York,182.34,peak,M-9972,Normal,On-Time,0
7928,213.18,electricity,Commercial,Boston,394.31,off-peak,M-9094,Normal,Late,0
7929,172.22,gas,Residential,Seattle,416.49,peak,M-9674,Tampered,On-Time,1
7930,367.24,gas,Residential,Miami,434.76,off-peak,M-1059,Tampered,On-Time,1
7931,339.69,gas,Residential,Chicago,168.03,peak,M-4531,Tampered,Late,1
7932,46.42,gas,Residential,Houston,75.63,off-peak,M-3204,Tampered,On-Time,1
7933,354.43,gas,Residential,Dallas,250.94,off-peak,M-8723,Normal,On-Time,0
7934,214.96,gas,Commercial,Boston,285.59,peak,M-7784,Normal,Late,0
7935,13.08,electricity,Commercial,Boston,301.88,peak,M-6699,Tampered,Late,1
7936,442.63,gas,Residential,Boston,341.13,peak,M-8504,Normal,Late,0
7937,469.65,gas,Residential,Miami,119.71,off-peak,M-1364,Tampered,On-Time,1
7938,152.44,electricity,Commercial,New York,6.36,peak,M-2395,Normal,Late,1
7939,366.68,gas,Commercial,Houston,206.09,peak,M-5977,Normal,Late,0
7940,176.03,gas,Commercial,Miami,418.93,off-peak,M-9333,Normal,Late,0
7941,158.48,gas,Residential,Houston,86.47,off-peak,M-2983,Normal,Late,0
7942,437.4,electricity,Residential,Dallas,37.93,peak,M-8327,Normal,Late,1
7943,317.61,gas,Residential,Miami,399.81,peak,M-3801,Tampered,Late,1
7944,242.17,electricity,Residential,Miami,71.09,peak,M-7344,Tampered,Late,1
7945,444.9,electricity,Commercial,Seattle,341.1,off-peak,M-2663,Tampered,On-Time,1
7946,437.27,electricity,Commercial,Seattle,276.32,peak,M-9612,Tampered,On-Time,1
7947,182.07,electricity,Residential,Los Angeles,483.11,off-peak,M-1624,Normal,Late,0
7948,125.25,electricity,Commercial,Chicago,466.9,off-peak,M-9667,Tampered,On-Time,1
7949,370.19,electricity,Residential,Boston,338.64,peak,M-6395,Tampered,Late,1
7950,498.04,gas,Residential,Los Angeles,499.74,off-peak,M-7237,Tampered,On-Time,1
7951,3.53,gas,Residential,Dallas,493.41,off-peak,M-6689,Normal,Late,0
7952,246.78,electricity,Commercial,Dallas,229.47,off-peak,M-3923,Tampered,Late,1
7953,222.7,gas,Residential,Dallas,284.9,peak,M-6914,Normal,On-Time,0
7954,22.33,electricity,Residential,Chicago,207.19,peak,M-8816,Tampered,On-Time,1
7955,255.77,gas,Commercial,Los Angeles,435.52,off-peak,M-8499,Normal,Late,0
7956,213.81,electricity,Commercial,Boston,31.95,off-peak,M-1577,Normal,Late,1
7957,67.73,electricity,Residential,Dallas,96.62,peak,M-9947,Tampered,On-Time,1
7958,440.99,electricity,Commercial,Los Angeles,17.41,peak,M-1294,Normal,On-Time,1
7959,201.12,electricity,Commercial,Houston,27.87,off-peak,M-7798,Normal,Late,1
7960,360.27,gas,Commercial,Los Angeles,131.18,peak,M-3703,Normal,On-Time,1
7961,217.55,electricity,Commercial,Seattle,326.93,peak,M-1656,Normal,On-Time,0
7962,154.64,electricity,Commercial,New York,165.3,off-peak,M-5769,Tampered,On-Time,1
7963,11.13,gas,Residential,Miami,135.92,off-peak,M-8260,Tampered,Late,1
7964,344.35,gas,Commercial,New York,219.28,off-peak,M-1771,Normal,On-Time,0
7965,247.17,gas,Commercial,Seattle,57.31,off-peak,M-3049,Normal,On-Time,1
7966,147.68,gas,Commercial,Miami,466.58,off-peak,M-2423,Tampered,Late,1
7967,55.25,electricity,Residential,Dallas,328.64,off-peak,M-3707,Normal,On-Time,0
7968,455.84,electricity,Residential,Houston,379.87,peak,M-4755,Normal,On-Time,0
7969,368.93,electricity,Commercial,New York,68.74,peak,M-9444,Tampered,Late,1
7970,130.41,electricity,Commercial,Houston,78.62,off-peak,M-1153,Tampered,Late,1
7971,362.62,gas,Commercial,New York,270.26,peak,M-8855,Tampered,On-Time,1
7972,450.5,electricity,Residential,Los Angeles,342.08,peak,M-2627,Tampered,Late,1
7973,106.82,electricity,Residential,New York,385.9,peak,M-8869,Tampered,Late,1
7974,460.8,electricity,Residential,New York,453.91,peak,M-8706,Tampered,Late,1
7975,31.45,gas,Commercial,Boston,484.16,peak,M-1731,Tampered,On-Time,1
7976,447.3,electricity,Commercial,Boston,87.45,peak,M-9720,Tampered,On-Time,1
7977,439.75,electricity,Commercial,Miami,264.19,peak,M-2130,Normal,On-Time,0
7978,226.8,gas,Commercial,Houston,96.73,off-peak,M-1772,Tampered,Late,1
7979,446.48,gas,Commercial,Seattle,176.65,off-peak,M-9017,Tampered,Late,1
7980,73.99,electricity,Residential,Los Angeles,84.39,peak,M-6010,Normal,Late,0
7981,399.85,electricity,Residential,Houston,252.37,off-peak,M-6500,Tampered,On-Time,1
7982,32.22,electricity,Residential,Houston,456.86,off-peak,M-9332,Tampered,Late,1
7983,183.41,electricity,Commercial,Boston,215.37,off-peak,M-7102,Tampered,Late,1
7984,163.19,gas,Residential,Los Angeles,282.14,off-peak,M-3387,Normal,On-Time,0
7985,121.31,electricity,Commercial,New York,292.87,peak,M-5670,Tampered,On-Time,1
7986,468.69,electricity,Commercial,Chicago,263.69,peak,M-2573,Normal,Late,0
7987,467.97,gas,Residential,New York,21.59,off-peak,M-8922,Tampered,On-Time,1
7988,335.5,electricity,Commercial,Miami,107.73,peak,M-1945,Normal,Late,1
7989,153.16,electricity,Commercial,Houston,406.55,peak,M-7509,Tampered,On-Time,1
7990,329.39,gas,Commercial,Boston,57.73,peak,M-9141,Tampered,Late,1
7991,126.21,gas,Commercial,Dallas,206.13,peak,M-2477,Tampered,On-Time,1
7992,364.37,gas,Residential,Miami,126.23,peak,M-9968,Tampered,Late,1
7993,372.7,gas,Residential,New York,310.17,off-peak,M-3964,Tampered,On-Time,1
7994,233.69,electricity,Residential,New York,317.64,peak,M-5420,Tampered,Late,1
7995,413.29,electricity,Residential,New York,247.3,off-peak,M-8398,Normal,Late,0
7996,435.58,gas,Residential,Boston,403.84,peak,M-1742,Tampered,Late,1
7997,114.18,electricity,Residential,Houston,159.64,off-peak,M-8138,Normal,On-Time,0
7998,37.76,gas,Commercial,Boston,187.92,peak,M-2231,Tampered,Late,1
7999,362.38,gas,Residential,Miami,113.86,peak,M-8816,Normal,Late,1
8000,429.64,gas,Commercial,Boston,355.51,peak,M-8478,Tampered,On-Time,1
8001,353.87,gas,Residential,Chicago,125.11,off-peak,M-1567,Normal,Late,1
8002,463.43,gas,Residential,Houston,191.62,peak,M-2827,Tampered,Late,1
8003,100.02,electricity,Commercial,New York,231.19,peak,M-3013,Normal,On-Time,0
8004,396.47,gas,Commercial,Seattle,328.65,peak,M-8479,Normal,Late,0
8005,245.83,electricity,Commercial,Los Angeles,259.86,peak,M-4199,Tampered,Late,1
8006,377.85,electricity,Residential,Miami,146.85,off-peak,M-1303,Normal,On-Time,1
8007,289.12,gas,Commercial,Dallas,273.45,off-peak,M-7558,Normal,On-Time,0
8008,75.8,electricity,Residential,Dallas,397.15,off-peak,M-3452,Tampered,On-Time,1
8009,200.44,electricity,Commercial,Chicago,347.15,off-peak,M-9495,Normal,Late,0
8010,87.11,electricity,Commercial,Boston,31.87,peak,M-5318,Tampered,Late,1
8011,459.36,electricity,Residential,Houston,365.58,off-peak,M-3552,Tampered,Late,1
8012,194.29,electricity,Commercial,Chicago,336.97,off-peak,M-8564,Normal,On-Time,0
8013,274.82,electricity,Residential,Chicago,364.46,off-peak,M-9864,Normal,On-Time,0
8014,412.23,electricity,Residential,Houston,391.39,peak,M-7277,Tampered,On-Time,1
8015,319.72,electricity,Commercial,Dallas,55.66,off-peak,M-5587,Normal,On-Time,1
8016,270.07,electricity,Commercial,New York,3.56,peak,M-7709,Normal,On-Time,1
8017,179.04,electricity,Commercial,Chicago,455.94,off-peak,M-6714,Tampered,On-Time,1
8018,25.83,gas,Residential,Miami,336.54,off-peak,M-5767,Normal,Late,0
8019,45.69,electricity,Commercial,Chicago,494.93,peak,M-8658,Tampered,Late,1
8020,294.03,gas,Residential,Dallas,399.08,off-peak,M-3985,Normal,On-Time,0
8021,329.7,gas,Residential,Houston,416.29,off-peak,M-6919,Tampered,Late,1
8022,354.82,electricity,Commercial,Houston,288.2,off-peak,M-7053,Normal,On-Time,0
8023,176.4,electricity,Residential,Boston,239.24,peak,M-5134,Normal,Late,0
8024,382.73,electricity,Commercial,New York,35.35,peak,M-6393,Normal,On-Time,1
8025,75.43,gas,Commercial,New York,239.41,peak,M-9623,Normal,Late,0
8026,174.19,electricity,Residential,New York,365.61,peak,M-8848,Tampered,Late,1
8027,469.94,electricity,Commercial,Boston,0.2,peak,M-7993,Normal,Late,1
8028,491.54,gas,Residential,Houston,308.41,off-peak,M-7948,Tampered,Late,1
8029,486.59,gas,Commercial,Los Angeles,104.84,off-peak,M-4350,Normal,On-Time,1
8030,362.4,gas,Residential,Miami,387.69,peak,M-8554,Tampered,On-Time,1
8031,112.48,gas,Commercial,Boston,385.97,off-peak,M-2525,Normal,Late,0
8032,188.46,gas,Residential,Miami,163.13,peak,M-5978,Tampered,On-Time,1
8033,317.33,gas,Residential,Seattle,344.11,off-peak,M-7873,Tampered,On-Time,1
8034,485.29,electricity,Residential,Miami,95.14,peak,M-6376,Normal,Late,1
8035,499.46,electricity,Residential,New York,214.49,off-peak,M-2685,Tampered,Late,1
8036,335.76,gas,Commercial,Miami,169.7,peak,M-3093,Tampered,On-Time,1
8037,0.41,gas,Commercial,New York,329.15,off-peak,M-4534,Tampered,On-Time,1
8038,10.52,gas,Residential,Seattle,218.67,peak,M-7927,Normal,On-Time,0
8039,193.4,gas,Residential,Houston,139.79,peak,M-9943,Tampered,On-Time,1
8040,273.68,electricity,Residential,Dallas,159.75,peak,M-4299,Tampered,Late,1
8041,133.84,electricity,Commercial,Chicago,416.59,off-peak,M-8774,Normal,On-Time,0
8042,15.16,gas,Residential,New York,248.22,off-peak,M-2174,Tampered,Late,1
8043,119.96,gas,Residential,Boston,194.68,off-peak,M-2673,Tampered,On-Time,1
8044,162.47,gas,Residential,New York,323.32,peak,M-8529,Normal,On-Time,0
8045,6.56,electricity,Commercial,Los Angeles,434.79,peak,M-8766,Tampered,Late,1
8046,286.26,gas,Commercial,Miami,439.44,peak,M-9466,Tampered,Late,1
8047,8.99,gas,Commercial,Miami,353.83,off-peak,M-4648,Tampered,On-Time,1
8048,446.35,electricity,Residential,Houston,93.48,off-peak,M-7554,Tampered,Late,1
8049,356.68,gas,Commercial,Boston,368.3,peak,M-2390,Tampered,Late,1
8050,253.67,electricity,Residential,Boston,173.87,off-peak,M-4044,Tampered,Late,1
8051,321.22,electricity,Residential,Miami,449.71,peak,M-9444,Normal,On-Time,0
8052,94.09,gas,Residential,Seattle,48.83,off-peak,M-1825,Normal,On-Time,0
8053,249.4,gas,Residential,Boston,89.61,off-peak,M-2405,Normal,On-Time,1
8054,384.75,electricity,Residential,Dallas,460.23,peak,M-3447,Normal,Late,0
8055,147.48,gas,Commercial,Dallas,144.69,peak,M-6220,Normal,On-Time,0
8056,349.4,gas,Commercial,Los Angeles,476,off-peak,M-3223,Tampered,Late,1
8057,237.58,electricity,Commercial,Dallas,412.23,off-peak,M-1014,Normal,Late,0
8058,40.72,electricity,Residential,Boston,196.23,peak,M-7726,Tampered,Late,1
8059,444.39,electricity,Residential,Chicago,11.02,off-peak,M-4727,Tampered,Late,1
8060,351.21,gas,Commercial,New York,145.84,off-peak,M-5365,Tampered,On-Time,1
8061,102.67,electricity,Residential,Los Angeles,351.22,off-peak,M-5460,Normal,Late,0
8062,143.88,electricity,Commercial,Dallas,223.16,peak,M-8044,Tampered,On-Time,1
8063,36.33,gas,Commercial,Boston,134.77,peak,M-9102,Tampered,On-Time,1
8064,477.45,electricity,Commercial,Chicago,447.39,off-peak,M-2686,Normal,On-Time,0
8065,138,electricity,Residential,Seattle,452.7,off-peak,M-6384,Tampered,On-Time,1
8066,93.46,gas,Residential,Boston,50.5,off-peak,M-5683,Tampered,On-Time,1
8067,229.82,gas,Residential,Dallas,299.88,peak,M-8066,Normal,On-Time,0
8068,187.14,gas,Residential,Miami,391.68,off-peak,M-9041,Normal,On-Time,0
8069,441.51,electricity,Residential,Houston,351.88,off-peak,M-9895,Normal,Late,0
8070,174.34,electricity,Commercial,Los Angeles,77.45,off-peak,M-8689,Normal,Late,1
8071,138.48,electricity,Residential,Chicago,375.03,off-peak,M-5580,Normal,Late,0
8072,465.49,electricity,Commercial,Houston,356.1,peak,M-7570,Tampered,Late,1
8073,128.76,electricity,Residential,Dallas,358.09,peak,M-7222,Normal,On-Time,0
8074,147.45,electricity,Commercial,Chicago,437.04,off-peak,M-4951,Tampered,On-Time,1
8075,271.38,gas,Residential,Los Angeles,299.5,off-peak,M-9101,Normal,On-Time,0
8076,336.21,electricity,Residential,Los Angeles,7.57,off-peak,M-7832,Normal,Late,1
8077,301.45,gas,Commercial,Dallas,17.46,peak,M-9162,Tampered,Late,1
8078,472.13,gas,Commercial,New York,214.73,peak,M-2615,Normal,Late,1
8079,88.25,electricity,Commercial,Dallas,236.71,off-peak,M-4944,Normal,Late,0
8080,477.31,electricity,Commercial,Houston,17.8,peak,M-8224,Normal,Late,1
8081,356.43,electricity,Residential,Houston,461.49,off-peak,M-7411,Normal,On-Time,0
8082,284.65,gas,Commercial,New York,367.63,peak,M-8201,Normal,On-Time,0
8083,19.97,gas,Commercial,Boston,162.58,peak,M-4936,Normal,Late,0
8084,157.2,gas,Commercial,Houston,33.91,peak,M-8251,Normal,On-Time,1
8085,244.29,electricity,Commercial,Houston,209.37,peak,M-5841,Normal,Late,0
8086,467.37,electricity,Residential,Los Angeles,288.46,off-peak,M-1261,Tampered,Late,1
8087,238.33,gas,Commercial,Boston,54.19,off-peak,M-4656,Tampered,Late,1
8088,474.74,electricity,Residential,Dallas,340.22,off-peak,M-6646,Normal,On-Time,0
8089,329.48,gas,Commercial,Houston,226.68,off-peak,M-1263,Normal,On-Time,0
8090,346.31,gas,Residential,Boston,172.78,peak,M-2198,Normal,On-Time,1
8091,360.69,electricity,Residential,Seattle,142.03,peak,M-7880,Normal,On-Time,1
8092,496.18,electricity,Residential,New York,302.73,off-peak,M-3411,Tampered,On-Time,1
8093,377.22,gas,Commercial,Boston,370.02,off-peak,M-6272,Normal,On-Time,0
8094,10.92,gas,Residential,Los Angeles,277.47,off-peak,M-7629,Normal,Late,0
8095,175.67,gas,Residential,Dallas,70.91,peak,M-9977,Normal,Late,1
8096,384.75,gas,Commercial,Miami,481.82,peak,M-5789,Normal,Late,0
8097,189.13,gas,Commercial,Miami,135.87,off-peak,M-8025,Normal,On-Time,0
8098,35.38,electricity,Residential,New York,430.89,peak,M-4548,Tampered,On-Time,1
8099,411.54,gas,Commercial,Boston,118.75,off-peak,M-4034,Normal,Late,1
8100,130.49,gas,Residential,Dallas,218.28,peak,M-3122,Tampered,Late,1
8101,286.64,electricity,Residential,New York,139.2,peak,M-3803,Tampered,On-Time,1
8102,31.77,electricity,Residential,New York,32.16,peak,M-1921,Tampered,Late,1
8103,184.2,gas,Commercial,Los Angeles,489.71,peak,M-8088,Normal,Late,0
8104,210.28,electricity,Commercial,New York,107.02,off-peak,M-1288,Normal,On-Time,0
8105,70.27,electricity,Residential,Boston,285.71,off-peak,M-7115,Tampered,Late,1
8106,367.78,electricity,Residential,Chicago,451.15,peak,M-8572,Normal,On-Time,0
8107,383.11,gas,Commercial,Boston,178.8,peak,M-7390,Normal,Late,1
8108,283.57,gas,Residential,Dallas,158.56,peak,M-9840,Tampered,On-Time,1
8109,26.67,gas,Residential,Seattle,464.8,off-peak,M-3804,Normal,On-Time,0
8110,213.91,gas,Commercial,Houston,379.63,peak,M-9528,Normal,Late,0
8111,77.17,electricity,Commercial,Boston,106.73,peak,M-2614,Tampered,Late,1
8112,179.78,gas,Residential,New York,246.6,off-peak,M-4529,Normal,Late,0
8113,417.12,electricity,Residential,New York,338.35,peak,M-4168,Tampered,On-Time,1
8114,26.15,electricity,Commercial,Los Angeles,258.46,off-peak,M-3247,Normal,Late,0
8115,20.73,electricity,Commercial,Miami,216.22,off-peak,M-4601,Normal,On-Time,0
8116,81.96,electricity,Commercial,New York,333.41,peak,M-7869,Tampered,Late,1
8117,48.75,gas,Commercial,Seattle,70.96,off-peak,M-9151,Tampered,Late,1
8118,135.5,electricity,Residential,Houston,320.57,off-peak,M-8277,Normal,Late,0
8119,448.51,gas,Commercial,New York,312.84,peak,M-5908,Tampered,On-Time,1
8120,69.01,gas,Residential,Chicago,84.95,off-peak,M-4881,Normal,Late,0
8121,242.58,electricity,Commercial,New York,167.72,off-peak,M-2097,Normal,On-Time,0
8122,391.4,gas,Residential,Houston,257.51,peak,M-4121,Normal,Late,0
8123,384.92,gas,Residential,Seattle,128.19,off-peak,M-7737,Tampered,Late,1
8124,320.69,electricity,Residential,Miami,0.32,peak,M-9949,Tampered,Late,1
8125,148.9,electricity,Residential,Miami,269.86,peak,M-8358,Tampered,On-Time,1
8126,109.27,electricity,Residential,Los Angeles,29.26,peak,M-3925,Normal,On-Time,1
8127,231.64,gas,Residential,Houston,15.06,off-peak,M-9757,Tampered,Late,1
8128,38.65,electricity,Commercial,Chicago,188.91,peak,M-1236,Normal,Late,0
8129,194.04,gas,Commercial,Boston,428.33,peak,M-7110,Tampered,On-Time,1
8130,182.36,electricity,Commercial,Dallas,78.09,peak,M-3306,Tampered,On-Time,1
8131,63.47,gas,Commercial,Houston,286.91,off-peak,M-7635,Tampered,On-Time,1
8132,405.68,gas,Commercial,Los Angeles,83.06,peak,M-5650,Normal,On-Time,1
8133,360.8,gas,Commercial,Miami,310.39,peak,M-2693,Normal,Late,0
8134,127.27,electricity,Residential,Boston,293.17,peak,M-9562,Tampered,On-Time,1
8135,4.37,electricity,Commercial,New York,177.92,peak,M-9143,Normal,Late,0
8136,333.72,gas,Commercial,Seattle,478.23,peak,M-2136,Normal,Late,0
8137,214.82,gas,Residential,Chicago,129.55,peak,M-1870,Tampered,Late,1
8138,442.73,gas,Residential,Boston,48,off-peak,M-5179,Normal,On-Time,1
8139,368.66,gas,Residential,Los Angeles,425.39,off-peak,M-7268,Tampered,On-Time,1
8140,389.97,gas,Residential,Seattle,416.01,peak,M-5296,Normal,On-Time,0
8141,262.14,electricity,Residential,Chicago,74.83,peak,M-3345,Normal,On-Time,1
8142,46.27,gas,Commercial,Chicago,288.15,off-peak,M-5975,Tampered,Late,1
8143,307.19,electricity,Residential,Miami,132.78,peak,M-2410,Normal,Late,1
8144,331.54,gas,Commercial,Houston,48.54,off-peak,M-6874,Normal,Late,1
8145,22.69,electricity,Commercial,Los Angeles,13.68,off-peak,M-4177,Tampered,Late,1
8146,122.53,gas,Residential,Miami,231.01,off-peak,M-2646,Normal,On-Time,0
8147,259.54,electricity,Commercial,Miami,272.17,off-peak,M-3063,Tampered,Late,1
8148,149.18,gas,Residential,Dallas,242.57,off-peak,M-1455,Tampered,Late,1
8149,479.91,gas,Residential,Seattle,354.39,off-peak,M-3220,Normal,Late,0
8150,211.37,gas,Residential,Miami,443.77,peak,M-1244,Tampered,On-Time,1
8151,281.86,gas,Commercial,New York,219.47,peak,M-2832,Normal,On-Time,0
8152,29.1,gas,Residential,Houston,40.45,peak,M-9894,Normal,Late,0
8153,343.44,electricity,Residential,Seattle,77.05,peak,M-8963,Tampered,Late,1
8154,50.97,electricity,Commercial,Seattle,142.24,peak,M-7942,Tampered,On-Time,1
8155,246.64,gas,Commercial,Dallas,32.64,peak,M-9645,Normal,On-Time,1
8156,33.51,gas,Residential,Chicago,121.66,off-peak,M-3103,Tampered,Late,1
8157,19.86,electricity,Residential,Chicago,334.74,off-peak,M-1144,Normal,On-Time,0
8158,228.66,gas,Residential,Boston,216.57,peak,M-2003,Tampered,Late,1
8159,99.58,gas,Residential,Chicago,197.79,peak,M-1280,Normal,Late,0
8160,128.91,electricity,Commercial,Miami,194.13,off-peak,M-2913,Tampered,Late,1
8161,334.72,electricity,Commercial,Los Angeles,342.47,off-peak,M-2997,Tampered,Late,1
8162,228.26,electricity,Commercial,Miami,170.78,off-peak,M-2783,Tampered,Late,1
8163,127.93,gas,Commercial,Dallas,223.67,off-peak,M-7779,Normal,On-Time,0
8164,68.3,electricity,Residential,Boston,54.09,peak,M-8834,Normal,Late,0
8165,187.16,electricity,Commercial,Houston,304.02,peak,M-8047,Tampered,On-Time,1
8166,202.15,electricity,Commercial,Chicago,219.67,peak,M-1548,Tampered,On-Time,1
8167,468.25,electricity,Commercial,Dallas,230.14,peak,M-8643,Normal,Late,1
8168,189.17,gas,Commercial,Dallas,456.25,peak,M-5108,Tampered,Late,1
8169,280.54,electricity,Residential,Boston,128.44,off-peak,M-3815,Normal,On-Time,1
8170,273.87,electricity,Residential,New York,215.14,peak,M-9422,Tampered,Late,1
8171,380.61,gas,Commercial,Chicago,28.98,peak,M-9816,Tampered,Late,1
8172,279.11,electricity,Residential,Los Angeles,257.58,off-peak,M-1397,Tampered,Late,1
8173,15.06,gas,Residential,Houston,338.64,peak,M-9370,Tampered,On-Time,1
8174,190.76,gas,Commercial,Dallas,172.21,off-peak,M-9488,Normal,On-Time,0
8175,314.07,gas,Residential,Dallas,259.69,peak,M-4743,Normal,Late,0
8176,363.21,electricity,Residential,Miami,126.74,off-peak,M-5211,Normal,On-Time,1
8177,45.59,gas,Commercial,New York,68.01,off-peak,M-2189,Normal,On-Time,0
8178,264.81,gas,Commercial,Boston,143.05,peak,M-6187,Tampered,Late,1
8179,474.97,gas,Residential,Houston,383.57,peak,M-3177,Normal,On-Time,0
8180,74.72,electricity,Residential,Dallas,237.2,peak,M-3600,Normal,On-Time,0
8181,341.01,gas,Commercial,Miami,149.7,peak,M-4304,Normal,On-Time,1
8182,29.55,gas,Commercial,Houston,452.44,off-peak,M-3951,Tampered,Late,1
8183,137.56,gas,Residential,Chicago,321.78,off-peak,M-7387,Normal,On-Time,0
8184,331.5,gas,Commercial,Boston,114.94,off-peak,M-6231,Normal,Late,1
8185,141.29,electricity,Residential,New York,192.8,peak,M-9846,Normal,Late,0
8186,90.66,gas,Residential,Dallas,480.63,off-peak,M-4546,Normal,On-Time,0
8187,331.39,gas,Commercial,Dallas,460.09,off-peak,M-6592,Tampered,On-Time,1
8188,494.67,electricity,Commercial,Seattle,288.67,off-peak,M-8378,Normal,On-Time,0
8189,3.93,electricity,Residential,Dallas,327.78,peak,M-5905,Normal,On-Time,0
8190,434.5,electricity,Commercial,Miami,219.28,peak,M-3553,Tampered,Late,1
8191,7.02,gas,Residential,Miami,175.68,peak,M-5677,Tampered,Late,1
8192,58.8,electricity,Residential,Boston,82.05,off-peak,M-8309,Normal,Late,0
8193,217.73,gas,Commercial,Houston,413.67,off-peak,M-2012,Normal,Late,0
8194,285.34,gas,Residential,Los Angeles,140.11,off-peak,M-9493,Normal,On-Time,1
8195,335.37,gas,Residential,Chicago,14.66,off-peak,M-2229,Normal,Late,1
8196,341.55,electricity,Residential,Dallas,239.33,off-peak,M-3694,Normal,Late,0
8197,279.99,gas,Residential,Boston,363.47,off-peak,M-5947,Normal,On-Time,0
8198,261.11,electricity,Residential,Chicago,147.19,off-peak,M-4605,Tampered,On-Time,1
8199,86.79,gas,Residential,Los Angeles,39.8,off-peak,M-2307,Normal,Late,1
8200,268.84,gas,Commercial,Miami,206.36,off-peak,M-6454,Normal,Late,0
8201,291.72,gas,Residential,Los Angeles,332.64,peak,M-1765,Tampered,Late,1
8202,235.51,electricity,Commercial,Boston,41.32,peak,M-3400,Tampered,Late,1
8203,253.37,electricity,Commercial,New York,438.58,off-peak,M-9052,Tampered,On-Time,1
8204,177.1,gas,Residential,Miami,489.96,off-peak,M-3441,Normal,On-Time,0
8205,55.65,electricity,Residential,Boston,215.54,peak,M-5523,Normal,Late,0
8206,250.2,gas,Residential,Seattle,159.22,off-peak,M-6194,Tampered,Late,1
8207,199.67,electricity,Residential,Houston,335.38,off-peak,M-7840,Normal,Late,0
8208,101.71,electricity,Commercial,Los Angeles,54.35,off-peak,M-7074,Tampered,On-Time,1
8209,330.61,electricity,Residential,Seattle,430.59,peak,M-5298,Normal,Late,0
8210,273.2,gas,Residential,Boston,276.02,peak,M-4932,Normal,Late,0
8211,50.95,electricity,Residential,Seattle,240.57,peak,M-7901,Tampered,On-Time,1
8212,343.23,electricity,Commercial,Houston,269.85,off-peak,M-6218,Tampered,On-Time,1
8213,344.85,gas,Residential,Houston,223.24,peak,M-9783,Tampered,On-Time,1
8214,109.29,electricity,Commercial,Miami,478.4,off-peak,M-7489,Normal,On-Time,0
8215,32.04,electricity,Residential,Seattle,76.09,peak,M-3446,Tampered,On-Time,1
8216,73.17,electricity,Residential,Dallas,125.02,peak,M-1831,Tampered,On-Time,1
8217,102.5,electricity,Residential,Chicago,386.9,peak,M-3352,Normal,On-Time,0
8218,61.94,electricity,Residential,Chicago,93.5,peak,M-7874,Tampered,On-Time,1
8219,362.44,gas,Commercial,Boston,7.63,peak,M-1525,Tampered,Late,1
8220,140.84,electricity,Commercial,Miami,195.55,peak,M-4009,Normal,On-Time,0
8221,6.82,gas,Commercial,Chicago,323.24,off-peak,M-5780,Tampered,On-Time,1
8222,77.04,gas,Residential,Houston,111.43,off-peak,M-5845,Normal,Late,0
8223,489.22,gas,Residential,Dallas,411.68,off-peak,M-1095,Normal,On-Time,0
8224,315.05,gas,Residential,Houston,272.33,peak,M-8649,Tampered,On-Time,1
8225,236.28,gas,Residential,Miami,85.45,off-peak,M-2731,Tampered,Late,1
8226,185.13,electricity,Commercial,Miami,150.44,off-peak,M-4968,Normal,Late,0
8227,96.76,gas,Residential,Los Angeles,326.4,off-peak,M-7985,Tampered,Late,1
8228,138.83,gas,Residential,Boston,419.27,off-peak,M-9295,Normal,On-Time,0
8229,88.02,electricity,Commercial,Los Angeles,208.48,off-peak,M-4956,Tampered,Late,1
8230,434.62,electricity,Commercial,Miami,318.28,off-peak,M-4692,Tampered,Late,1
8231,494.88,electricity,Residential,Dallas,414.42,off-peak,M-5993,Tampered,On-Time,1
8232,461.34,gas,Commercial,Houston,384.43,peak,M-4537,Normal,Late,0
8233,200.97,electricity,Commercial,Miami,18.13,peak,M-2370,Normal,Late,1
8234,56.22,gas,Commercial,New York,471.36,peak,M-4413,Normal,On-Time,0
8235,140.13,gas,Residential,Dallas,263.69,off-peak,M-7663,Normal,Late,0
8236,357.12,electricity,Residential,Boston,204.43,peak,M-2683,Tampered,Late,1
8237,128.46,electricity,Commercial,Dallas,12.24,peak,M-7433,Normal,Late,1
8238,253.82,gas,Residential,Los Angeles,417.1,off-peak,M-8887,Normal,Late,0
8239,174.94,gas,Commercial,Chicago,365.93,off-peak,M-5228,Tampered,On-Time,1
8240,498.4,gas,Commercial,Chicago,342.44,off-peak,M-4495,Normal,On-Time,0
8241,354.96,gas,Commercial,Miami,130.1,peak,M-7577,Normal,Late,1
8242,60.94,gas,Commercial,Seattle,462.46,off-peak,M-6583,Tampered,On-Time,1
8243,251.02,electricity,Residential,New York,467.38,peak,M-8948,Tampered,Late,1
8244,54.01,electricity,Commercial,Chicago,248.26,peak,M-7069,Normal,On-Time,0
8245,79.84,gas,Residential,Boston,240.8,off-peak,M-2041,Normal,Late,0
8246,279.31,gas,Commercial,Dallas,122.46,off-peak,M-2082,Tampered,On-Time,1
8247,65.06,electricity,Commercial,New York,234.12,off-peak,M-3177,Normal,Late,0
8248,143.39,electricity,Commercial,New York,371.43,peak,M-3026,Tampered,Late,1
8249,156.96,gas,Residential,Boston,270.23,peak,M-6945,Normal,On-Time,0
8250,342.21,gas,Commercial,Dallas,332.38,peak,M-7402,Normal,On-Time,0
8251,167.77,electricity,Residential,Seattle,296.82,peak,M-2339,Normal,Late,0
8252,127.86,electricity,Residential,New York,143.17,off-peak,M-9422,Normal,On-Time,0
8253,171.35,electricity,Residential,Los Angeles,67.32,off-peak,M-5402,Tampered,On-Time,1
8254,415.84,gas,Residential,New York,325.95,peak,M-5273,Normal,On-Time,0
8255,266.23,electricity,Commercial,Chicago,10.37,peak,M-3874,Tampered,On-Time,1
8256,413.41,electricity,Commercial,Boston,399.09,off-peak,M-7255,Normal,Late,0
8257,393.27,electricity,Commercial,Seattle,61.2,peak,M-2931,Normal,On-Time,1
8258,460.87,electricity,Commercial,Houston,385.38,off-peak,M-4079,Tampered,On-Time,1
8259,234.21,electricity,Commercial,Los Angeles,162.87,off-peak,M-6229,Normal,Late,0
8260,291.47,electricity,Residential,Los Angeles,205.49,peak,M-7996,Tampered,Late,1
8261,156.37,electricity,Residential,Chicago,182.67,off-peak,M-4022,Normal,On-Time,0
8262,69.06,electricity,Commercial,Dallas,336.66,off-peak,M-6515,Tampered,Late,1
8263,436.42,electricity,Residential,Chicago,490.86,off-peak,M-7016,Normal,Late,0
8264,462.89,electricity,Commercial,Dallas,303.98,off-peak,M-3170,Tampered,Late,1
8265,81.53,gas,Residential,Boston,491.83,off-peak,M-7037,Tampered,Late,1
8266,116.2,electricity,Residential,New York,363.33,off-peak,M-3355,Normal,Late,0
8267,116.96,gas,Residential,Chicago,470.94,peak,M-9411,Normal,Late,0
8268,161.19,gas,Commercial,Dallas,186.44,peak,M-9809,Normal,Late,0
8269,382.11,gas,Commercial,Boston,186.73,off-peak,M-9189,Normal,On-Time,1
8270,379.95,electricity,Commercial,Chicago,371.3,off-peak,M-6059,Normal,Late,0
8271,123.3,gas,Residential,Dallas,224.11,peak,M-4003,Tampered,Late,1
8272,115.66,gas,Residential,Houston,223.79,peak,M-3196,Tampered,Late,1
8273,256.65,electricity,Commercial,Miami,277.24,off-peak,M-3013,Tampered,On-Time,1
8274,413.54,electricity,Residential,Los Angeles,283.03,off-peak,M-7950,Normal,Late,0
8275,266.4,electricity,Residential,New York,467.69,off-peak,M-8995,Tampered,Late,1
8276,204.08,electricity,Commercial,Dallas,138.19,peak,M-3007,Normal,On-Time,0
8277,187.16,electricity,Residential,Dallas,105.89,peak,M-7533,Tampered,On-Time,1
8278,372.95,electricity,Residential,Chicago,320.56,peak,M-8988,Tampered,Late,1
8279,199.44,electricity,Residential,Dallas,170.23,off-peak,M-3318,Normal,On-Time,0
8280,192.61,electricity,Commercial,Seattle,166.27,peak,M-6266,Normal,On-Time,0
8281,260.44,electricity,Residential,Seattle,93.7,peak,M-6249,Normal,On-Time,1
8282,375.44,gas,Commercial,Seattle,324.9,peak,M-7238,Tampered,On-Time,1
8283,484.65,gas,Commercial,Boston,482.45,peak,M-7384,Tampered,On-Time,1
8284,213.89,gas,Commercial,Miami,400.66,off-peak,M-5792,Tampered,Late,1
8285,137.67,electricity,Residential,Miami,132.6,off-peak,M-6090,Normal,On-Time,0
8286,350.39,gas,Commercial,Chicago,439.46,peak,M-7270,Normal,Late,0
8287,353.07,electricity,Residential,Chicago,109.2,off-peak,M-9841,Tampered,On-Time,1
8288,94.55,electricity,Commercial,New York,364.1,off-peak,M-2006,Normal,Late,0
8289,441.22,gas,Commercial,Chicago,136.15,peak,M-4969,Tampered,On-Time,1
8290,451.19,gas,Commercial,Los Angeles,9.61,off-peak,M-8188,Normal,Late,1
8291,497.09,electricity,Commercial,Houston,177.8,off-peak,M-7988,Tampered,Late,1
8292,257.88,electricity,Commercial,Dallas,169.44,off-peak,M-7954,Tampered,Late,1
8293,77.32,gas,Commercial,Houston,382.45,off-peak,M-6409,Tampered,On-Time,1
8294,205.84,electricity,Residential,Houston,498.04,peak,M-3688,Tampered,On-Time,1
8295,260.91,gas,Residential,Chicago,184.02,peak,M-7090,Tampered,On-Time,1
8296,133.15,electricity,Commercial,Dallas,479.86,peak,M-7514,Tampered,On-Time,1
8297,2.66,gas,Residential,Los Angeles,116.79,peak,M-1810,Normal,On-Time,0
8298,230.88,electricity,Commercial,Miami,316.86,off-peak,M-7321,Tampered,On-Time,1
8299,155.07,electricity,Residential,Los Angeles,84.17,off-peak,M-6760,Normal,Late,0
8300,208.51,gas,Commercial,Dallas,325.02,off-peak,M-5810,Tampered,On-Time,1
8301,114.79,electricity,Commercial,Chicago,297.43,off-peak,M-7724,Tampered,On-Time,1
8302,451.99,electricity,Commercial,Houston,284.65,off-peak,M-3185,Normal,On-Time,0
8303,165.93,electricity,Commercial,Chicago,427.22,peak,M-9072,Tampered,On-Time,1
8304,38.07,gas,Residential,Chicago,260.55,off-peak,M-7772,Tampered,On-Time,1
8305,121.2,gas,Commercial,Boston,237.95,peak,M-2718,Normal,On-Time,0
8306,41.39,electricity,Commercial,Dallas,226.49,peak,M-6856,Tampered,Late,1
8307,318.29,electricity,Commercial,New York,415.6,off-peak,M-4223,Tampered,On-Time,1
8308,16.3,electricity,Residential,Houston,151.2,off-peak,M-1851,Normal,Late,0
8309,317.84,gas,Residential,Houston,3.76,off-peak,M-5600,Tampered,On-Time,1
8310,471.02,electricity,Residential,Boston,404.11,peak,M-4151,Tampered,Late,1
8311,41.02,gas,Residential,Los Angeles,36.72,peak,M-8167,Tampered,On-Time,1
8312,53.07,electricity,Commercial,Seattle,63.78,peak,M-7908,Normal,Late,0
8313,386.52,electricity,Commercial,Dallas,277.88,peak,M-4462,Tampered,Late,1
8314,30.6,electricity,Commercial,Los Angeles,287.82,off-peak,M-8251,Tampered,Late,1
8315,96.58,electricity,Residential,Houston,174.56,off-peak,M-9585,Tampered,On-Time,1
8316,46.91,electricity,Residential,Dallas,277.36,off-peak,M-6672,Normal,On-Time,0
8317,176.09,gas,Residential,Miami,198.34,off-peak,M-4431,Tampered,On-Time,1
8318,183.52,gas,Residential,Dallas,359.25,peak,M-4443,Normal,Late,0
8319,364.94,electricity,Commercial,Los Angeles,271.9,peak,M-9879,Normal,Late,0
8320,180.35,gas,Residential,New York,15.41,off-peak,M-6208,Normal,Late,1
8321,58.59,gas,Commercial,Seattle,382.1,off-peak,M-5747,Tampered,On-Time,1
8322,237.19,electricity,Residential,Los Angeles,58.93,peak,M-9416,Normal,Late,1
8323,267.27,electricity,Residential,New York,42.23,off-peak,M-7549,Normal,Late,1
8324,24.81,electricity,Residential,Boston,40.73,off-peak,M-6278,Normal,Late,0
8325,92,electricity,Commercial,Seattle,76.95,off-peak,M-5637,Normal,Late,0
8326,75,gas,Commercial,Miami,381.68,peak,M-6140,Normal,On-Time,0
8327,171.66,electricity,Commercial,Los Angeles,348.07,peak,M-4711,Tampered,On-Time,1
8328,150.97,electricity,Commercial,Los Angeles,230.18,peak,M-7731,Normal,On-Time,0
8329,449,gas,Residential,Chicago,348.56,off-peak,M-4356,Tampered,On-Time,1
8330,207.37,gas,Commercial,Chicago,168.57,off-peak,M-2428,Normal,On-Time,0
8331,475.49,gas,Commercial,Los Angeles,289.3,peak,M-1400,Tampered,On-Time,1
8332,458.18,electricity,Commercial,Miami,231.41,peak,M-7370,Normal,On-Time,0
8333,31.05,electricity,Residential,Houston,303.52,peak,M-6590,Tampered,Late,1
8334,435.02,electricity,Commercial,Dallas,170.77,off-peak,M-8943,Normal,Late,1
8335,295.31,electricity,Commercial,Chicago,308.72,off-peak,M-7701,Tampered,Late,1
8336,373.49,gas,Residential,Seattle,196.55,off-peak,M-3295,Tampered,Late,1
8337,67.54,electricity,Commercial,Houston,232.35,peak,M-5067,Normal,On-Time,0
8338,3.51,electricity,Commercial,Dallas,261.33,off-peak,M-5657,Tampered,On-Time,1
8339,121.98,gas,Commercial,Seattle,356.36,off-peak,M-2837,Tampered,On-Time,1
8340,418.08,gas,Commercial,Los Angeles,313.04,off-peak,M-2062,Normal,Late,0
8341,105.69,gas,Commercial,Los Angeles,171.95,off-peak,M-7737,Normal,On-Time,0
8342,108.9,electricity,Commercial,New York,223.94,off-peak,M-8815,Tampered,On-Time,1
8343,265.03,gas,Residential,Los Angeles,233.11,peak,M-2091,Tampered,On-Time,1
8344,265.83,electricity,Residential,New York,223.64,peak,M-5106,Normal,On-Time,0
8345,498.03,electricity,Commercial,Chicago,80.61,peak,M-9213,Tampered,On-Time,1
8346,318.71,gas,Commercial,Los Angeles,362.02,off-peak,M-6537,Tampered,On-Time,1
8347,430.07,electricity,Residential,Chicago,51.77,peak,M-6060,Tampered,Late,1
8348,440.66,gas,Commercial,Dallas,370.89,peak,M-5409,Tampered,On-Time,1
8349,288.09,gas,Commercial,Dallas,219.91,off-peak,M-2447,Normal,Late,0
8350,171.54,gas,Residential,Los Angeles,479.03,peak,M-1309,Tampered,Late,1
8351,46.97,gas,Commercial,Miami,476.4,peak,M-6901,Tampered,Late,1
8352,455.74,gas,Residential,Chicago,10.23,peak,M-7578,Tampered,Late,1
8353,234.54,electricity,Residential,Houston,161.78,peak,M-3371,Normal,On-Time,0
8354,484.93,electricity,Commercial,Seattle,346.86,peak,M-9770,Normal,On-Time,0
8355,431.95,gas,Commercial,Chicago,424.42,off-peak,M-6098,Normal,Late,0
8356,334.4,gas,Residential,Los Angeles,135.48,off-peak,M-3631,Normal,On-Time,1
8357,178.47,electricity,Residential,Boston,463.55,off-peak,M-8206,Tampered,On-Time,1
8358,424.66,gas,Commercial,Los Angeles,139.6,peak,M-5986,Tampered,On-Time,1
8359,60.21,electricity,Residential,Dallas,4.64,off-peak,M-9245,Normal,On-Time,1
8360,186.33,electricity,Residential,Los Angeles,174.41,peak,M-5739,Tampered,Late,1
8361,210.29,gas,Residential,New York,139.77,peak,M-6612,Normal,Late,0
8362,493.12,gas,Commercial,Boston,355.35,peak,M-7972,Tampered,Late,1
8363,314.13,gas,Commercial,Chicago,125.01,peak,M-7151,Normal,Late,1
8364,296.52,gas,Commercial,New York,44.28,off-peak,M-8871,Tampered,Late,1
8365,218.05,gas,Commercial,Boston,196.2,off-peak,M-1438,Normal,Late,0
8366,171.29,electricity,Commercial,Houston,408.82,peak,M-6994,Tampered,On-Time,1
8367,126.51,gas,Commercial,New York,128.51,peak,M-5316,Normal,Late,0
8368,354.11,electricity,Commercial,Houston,487.91,peak,M-7479,Normal,Late,0
8369,164.01,gas,Commercial,Dallas,53.66,off-peak,M-2563,Tampered,Late,1
8370,54.69,electricity,Commercial,Boston,308.27,off-peak,M-7699,Tampered,Late,1
8371,204.71,electricity,Commercial,New York,129.86,off-peak,M-3834,Tampered,Late,1
8372,138.12,gas,Residential,Boston,486.35,off-peak,M-5347,Normal,On-Time,0
8373,55.56,electricity,Commercial,Boston,97.87,off-peak,M-7643,Tampered,On-Time,1
8374,60.78,gas,Commercial,Los Angeles,134.65,peak,M-2601,Normal,Late,0
8375,262.27,electricity,Commercial,Dallas,2.4,off-peak,M-1951,Normal,Late,1
8376,79.67,gas,Residential,Los Angeles,447.26,off-peak,M-1353,Tampered,On-Time,1
8377,23.87,electricity,Commercial,New York,199.34,off-peak,M-5301,Normal,On-Time,0
8378,477.58,gas,Residential,New York,93.91,off-peak,M-2929,Tampered,Late,1
8379,230.98,gas,Commercial,Miami,350.53,off-peak,M-2648,Tampered,Late,1
8380,143.03,gas,Residential,Dallas,467.9,peak,M-5003,Normal,On-Time,0
8381,91.66,gas,Commercial,Chicago,260.71,off-peak,M-3171,Tampered,On-Time,1
8382,104.31,electricity,Commercial,Los Angeles,339.86,peak,M-9556,Tampered,On-Time,1
8383,347.15,electricity,Commercial,Boston,458.87,off-peak,M-2973,Tampered,On-Time,1
8384,352.54,gas,Residential,Miami,379.67,off-peak,M-5522,Normal,On-Time,0
8385,315.77,gas,Residential,Miami,40.26,peak,M-1117,Tampered,Late,1
8386,117.79,gas,Residential,Los Angeles,241.88,peak,M-7349,Tampered,Late,1
8387,189.48,gas,Residential,Chicago,171.69,off-peak,M-3296,Normal,On-Time,0
8388,472.47,electricity,Residential,Miami,228.42,peak,M-9015,Tampered,Late,1
8389,224.12,electricity,Commercial,Seattle,72.3,off-peak,M-5554,Tampered,Late,1
8390,109.15,gas,Commercial,Boston,176.52,peak,M-8230,Normal,On-Time,0
8391,459.2,electricity,Residential,Dallas,429.87,peak,M-5833,Tampered,On-Time,1
8392,274.68,gas,Commercial,New York,487.77,peak,M-7054,Normal,On-Time,0
8393,488.3,electricity,Commercial,Chicago,103.38,off-peak,M-2591,Normal,Late,1
8394,338.86,electricity,Commercial,Houston,40.84,peak,M-4776,Tampered,Late,1
8395,450.94,electricity,Residential,Chicago,401.01,off-peak,M-7413,Normal,Late,0
8396,72.81,electricity,Commercial,Chicago,127.92,off-peak,M-5691,Normal,Late,0
8397,34.45,gas,Commercial,Seattle,475.34,peak,M-6136,Tampered,On-Time,1
8398,233.2,electricity,Residential,Houston,429.07,off-peak,M-3583,Normal,Late,0
8399,256.04,gas,Residential,Seattle,149.54,peak,M-7710,Normal,Late,0
8400,210.03,gas,Residential,Miami,362.09,off-peak,M-7762,Tampered,On-Time,1
8401,414.62,electricity,Residential,Los Angeles,464.01,peak,M-5723,Tampered,On-Time,1
8402,356.25,gas,Commercial,Chicago,356.13,off-peak,M-9600,Tampered,On-Time,1
8403,219.08,gas,Residential,Miami,224.65,off-peak,M-6790,Tampered,On-Time,1
8404,300.61,electricity,Residential,Los Angeles,300.48,peak,M-8295,Tampered,Late,1
8405,226.01,electricity,Residential,New York,211.33,peak,M-2006,Normal,Late,0
8406,470.17,electricity,Commercial,Miami,347.63,peak,M-6773,Normal,On-Time,0
8407,380.74,gas,Commercial,Dallas,154.74,peak,M-6413,Tampered,Late,1
8408,345.2,gas,Residential,Seattle,315.12,off-peak,M-8288,Normal,Late,0
8409,411.26,gas,Residential,Seattle,108.48,off-peak,M-1243,Tampered,Late,1
8410,463.58,gas,Commercial,Miami,362.49,off-peak,M-1852,Normal,On-Time,0
8411,219.75,gas,Commercial,Boston,245.79,off-peak,M-2054,Normal,On-Time,0
8412,376.38,gas,Commercial,Seattle,94.18,off-peak,M-6398,Normal,On-Time,1
8413,40.97,electricity,Residential,Dallas,93.89,off-peak,M-6455,Normal,Late,0
8414,122.33,electricity,Residential,Dallas,75.34,peak,M-2252,Tampered,On-Time,1
8415,76.85,electricity,Residential,Los Angeles,233.96,off-peak,M-3475,Tampered,On-Time,1
8416,496.42,electricity,Residential,Miami,276.25,peak,M-2387,Tampered,Late,1
8417,368.24,gas,Commercial,Chicago,366.65,off-peak,M-2488,Tampered,Late,1
8418,324.82,gas,Residential,Boston,416.5,off-peak,M-5902,Tampered,On-Time,1
8419,261.06,gas,Residential,Seattle,90.43,off-peak,M-4111,Tampered,On-Time,1
8420,447.18,electricity,Residential,Houston,499.96,peak,M-1933,Normal,Late,0
8421,0.45,gas,Residential,New York,254.13,peak,M-3727,Normal,Late,0
8422,309.28,gas,Residential,Miami,90.92,off-peak,M-3903,Normal,On-Time,1
8423,355.11,electricity,Residential,New York,433.91,off-peak,M-8555,Tampered,On-Time,1
8424,475.6,electricity,Commercial,New York,78.55,peak,M-4243,Tampered,Late,1
8425,386.12,gas,Residential,Chicago,409.51,off-peak,M-5792,Tampered,Late,1
8426,301.72,gas,Commercial,Boston,405.52,off-peak,M-4186,Tampered,Late,1
8427,384.37,gas,Residential,New York,271.11,off-peak,M-8657,Normal,On-Time,0
8428,35.94,electricity,Commercial,Boston,107.81,peak,M-2105,Tampered,Late,1
8429,52,electricity,Residential,Los Angeles,306.2,off-peak,M-3456,Normal,On-Time,0
8430,193.89,electricity,Commercial,Houston,315.04,off-peak,M-3485,Normal,On-Time,0
8431,148.83,electricity,Residential,Chicago,95.47,off-peak,M-5426,Normal,On-Time,0
8432,197.63,electricity,Commercial,Miami,144.46,off-peak,M-2034,Tampered,Late,1
8433,481.55,gas,Residential,Boston,33.14,off-peak,M-6562,Tampered,On-Time,1
8434,378.92,electricity,Commercial,Seattle,53.36,off-peak,M-9219,Normal,Late,1
8435,70.33,gas,Residential,Los Angeles,262.9,off-peak,M-2158,Tampered,On-Time,1
8436,413.91,electricity,Commercial,Seattle,445.46,off-peak,M-3998,Normal,Late,0
8437,23.26,electricity,Residential,Los Angeles,273.06,peak,M-4315,Normal,On-Time,0
8438,435.12,gas,Residential,Miami,269.57,peak,M-8565,Tampered,On-Time,1
8439,482.45,electricity,Residential,New York,263.26,off-peak,M-5400,Normal,Late,0
8440,438.91,electricity,Commercial,Miami,454.46,peak,M-9773,Normal,Late,0
8441,354.14,gas,Commercial,Chicago,104.23,peak,M-6111,Normal,On-Time,1
8442,123.58,gas,Commercial,Seattle,158.23,off-peak,M-5776,Normal,Late,0
8443,120.98,electricity,Commercial,Chicago,203.64,peak,M-7339,Tampered,Late,1
8444,445.69,gas,Commercial,Dallas,289.59,off-peak,M-6477,Normal,On-Time,0
8445,35.3,electricity,Residential,Chicago,10.42,off-peak,M-4483,Normal,Late,1
8446,294.48,gas,Commercial,Houston,83.11,off-peak,M-4435,Tampered,Late,1
8447,411.79,gas,Commercial,Los Angeles,143.09,peak,M-4669,Normal,On-Time,1
8448,66,electricity,Residential,Los Angeles,58.47,off-peak,M-4800,Normal,On-Time,0
8449,79.61,electricity,Residential,Chicago,96.87,peak,M-2577,Normal,On-Time,0
8450,358.59,electricity,Commercial,Dallas,69.31,peak,M-6746,Tampered,Late,1
8451,169.65,electricity,Residential,Miami,421.22,off-peak,M-6798,Tampered,On-Time,1
8452,108.17,gas,Commercial,Boston,171.08,peak,M-3999,Normal,Late,0
8453,326.64,electricity,Residential,Seattle,370.52,off-peak,M-6940,Tampered,Late,1
8454,180.42,gas,Commercial,Miami,212.87,peak,M-2069,Normal,Late,0
8455,167.33,electricity,Residential,Los Angeles,461.4,off-peak,M-5016,Normal,On-Time,0
8456,245.06,electricity,Residential,Los Angeles,260.05,off-peak,M-3860,Normal,Late,0
8457,49.1,gas,Commercial,Chicago,356.04,off-peak,M-2891,Normal,On-Time,0
8458,251.25,gas,Commercial,Seattle,361.04,peak,M-5859,Normal,Late,0
8459,281.64,gas,Residential,Los Angeles,312.12,off-peak,M-4333,Tampered,Late,1
8460,132.36,electricity,Residential,Seattle,341.8,off-peak,M-2832,Normal,On-Time,0
8461,495.43,electricity,Commercial,Boston,314.84,off-peak,M-1901,Normal,On-Time,0
8462,339.97,gas,Residential,Dallas,168.11,off-peak,M-9302,Tampered,On-Time,1
8463,249.16,electricity,Commercial,Los Angeles,464.09,peak,M-7996,Normal,On-Time,0
8464,105.66,electricity,Commercial,Miami,345.52,off-peak,M-8561,Normal,On-Time,0
8465,318.69,electricity,Residential,Los Angeles,140.98,peak,M-4223,Tampered,On-Time,1
8466,83.63,gas,Commercial,Miami,172.9,peak,M-8515,Normal,Late,0
8467,15.11,electricity,Residential,Los Angeles,377.2,peak,M-1923,Tampered,On-Time,1
8468,241.45,gas,Commercial,Dallas,480.94,peak,M-8825,Tampered,On-Time,1
8469,47.93,gas,Commercial,Houston,337.31,peak,M-7671,Tampered,Late,1
8470,218.62,gas,Residential,Boston,240.81,off-peak,M-4730,Normal,On-Time,0
8471,260.29,electricity,Residential,Chicago,427.24,off-peak,M-1945,Normal,Late,0
8472,101.86,electricity,Commercial,Boston,385.36,off-peak,M-2494,Tampered,Late,1
8473,455.86,gas,Residential,Seattle,200.3,peak,M-4048,Tampered,Late,1
8474,316.64,gas,Commercial,Seattle,337.47,off-peak,M-8773,Normal,On-Time,0
8475,165.91,electricity,Commercial,Dallas,274.28,off-peak,M-1712,Tampered,On-Time,1
8476,369.95,gas,Residential,New York,49.48,peak,M-5487,Tampered,On-Time,1
8477,111.3,electricity,Residential,Miami,421.66,peak,M-9458,Normal,On-Time,0
8478,173.94,electricity,Residential,New York,315.36,off-peak,M-9469,Tampered,On-Time,1
8479,407.62,electricity,Commercial,New York,486.47,peak,M-9289,Tampered,On-Time,1
8480,185.22,electricity,Residential,Miami,353.58,peak,M-7090,Normal,On-Time,0
8481,400.1,electricity,Residential,Boston,478.56,peak,M-5578,Normal,On-Time,0
8482,65.57,gas,Residential,New York,248.94,peak,M-8850,Tampered,On-Time,1
8483,372.06,electricity,Residential,Boston,56.07,peak,M-7840,Normal,On-Time,1
8484,304.97,gas,Residential,Dallas,179.02,off-peak,M-4368,Tampered,Late,1
8485,250,electricity,Residential,Seattle,447.65,peak,M-4661,Normal,On-Time,0
8486,483.25,electricity,Commercial,Seattle,256.55,peak,M-4054,Tampered,Late,1
8487,473.01,electricity,Residential,Miami,334.05,off-peak,M-6739,Normal,On-Time,0
8488,269.97,electricity,Commercial,Boston,142.69,off-peak,M-6240,Tampered,On-Time,1
8489,257.71,electricity,Commercial,Los Angeles,50.43,off-peak,M-4037,Normal,On-Time,1
8490,455.55,electricity,Commercial,Houston,226.5,peak,M-9412,Tampered,Late,1
8491,19.74,gas,Residential,Houston,347.97,peak,M-5793,Tampered,Late,1
8492,114.84,gas,Residential,Houston,38.42,off-peak,M-4555,Normal,On-Time,1
8493,133.52,gas,Commercial,Boston,355.91,peak,M-8156,Normal,Late,0
8494,48.31,electricity,Commercial,Los Angeles,294.23,peak,M-7804,Normal,Late,0
8495,186.36,electricity,Residential,Seattle,75.63,off-peak,M-4548,Normal,Late,1
8496,455.86,gas,Residential,Los Angeles,142.51,off-peak,M-7493,Normal,Late,1
8497,216.58,electricity,Commercial,Seattle,286.65,off-peak,M-8743,Normal,On-Time,0
8498,387.91,electricity,Commercial,Chicago,200.31,peak,M-5071,Normal,On-Time,0
8499,484.06,electricity,Residential,Dallas,52.22,off-peak,M-1394,Normal,On-Time,1
8500,78.45,gas,Residential,Seattle,498.23,off-peak,M-3216,Normal,On-Time,0
8501,430.72,gas,Residential,Seattle,237.16,peak,M-6306,Tampered,Late,1
8502,284.76,electricity,Commercial,Chicago,354.2,off-peak,M-1817,Tampered,On-Time,1
8503,113.66,gas,Residential,Chicago,327.29,peak,M-3177,Tampered,Late,1
8504,210.27,electricity,Residential,New York,43.48,peak,M-5789,Normal,On-Time,1
8505,215.54,gas,Residential,Boston,295.41,peak,M-6384,Normal,On-Time,0
8506,377.45,gas,Residential,Los Angeles,374.46,peak,M-8228,Normal,On-Time,0
8507,220.41,gas,Residential,Seattle,12.51,peak,M-3611,Tampered,Late,1
8508,33.4,gas,Residential,New York,219.02,off-peak,M-1804,Normal,Late,0
8509,50.97,gas,Residential,Dallas,391.96,peak,M-6015,Tampered,Late,1
8510,258.11,gas,Residential,Boston,174.86,peak,M-5075,Tampered,On-Time,1
8511,324.23,electricity,Commercial,New York,134.64,off-peak,M-8863,Normal,Late,1
8512,19.08,gas,Commercial,Dallas,46.53,peak,M-3765,Tampered,Late,1
8513,140.61,gas,Residential,Seattle,8.2,off-peak,M-8656,Normal,On-Time,1
8514,46.73,electricity,Commercial,Houston,289.61,peak,M-4749,Tampered,Late,1
8515,153.6,gas,Residential,Miami,275.2,peak,M-8830,Normal,On-Time,0
8516,99.99,electricity,Residential,Houston,308.95,peak,M-4241,Tampered,Late,1
8517,157.85,electricity,Residential,Los Angeles,9.69,peak,M-3144,Normal,Late,1
8518,346.51,gas,Residential,Chicago,39.52,peak,M-3069,Normal,Late,1
8519,355.86,gas,Commercial,New York,186.03,peak,M-7627,Tampered,On-Time,1
8520,448.87,gas,Commercial,Boston,378.91,off-peak,M-7138,Normal,Late,0
8521,259.09,gas,Commercial,Chicago,229.55,off-peak,M-3396,Tampered,Late,1
8522,384.11,electricity,Residential,Miami,437.73,off-peak,M-3972,Normal,On-Time,0
8523,363.34,gas,Commercial,Boston,411.15,peak,M-6194,Normal,Late,0
8524,167.83,gas,Residential,Dallas,465.33,peak,M-3826,Normal,Late,0
8525,180.38,electricity,Commercial,Los Angeles,344.28,off-peak,M-3982,Normal,Late,0
8526,457.52,electricity,Residential,Los Angeles,82.42,off-peak,M-9585,Tampered,On-Time,1
8527,390.44,gas,Commercial,Miami,212.96,off-peak,M-8894,Normal,On-Time,0
8528,142.59,gas,Commercial,Houston,396.9,off-peak,M-3426,Tampered,Late,1
8529,434.44,gas,Residential,New York,148.87,peak,M-7089,Tampered,Late,1
8530,36.14,electricity,Commercial,New York,70.8,off-peak,M-6074,Normal,Late,0
8531,0.86,gas,Residential,Dallas,374.5,peak,M-9355,Normal,Late,0
8532,221.35,gas,Commercial,Los Angeles,474.89,peak,M-2780,Normal,On-Time,0
8533,472.44,electricity,Commercial,Chicago,452.74,off-peak,M-4569,Tampered,Late,1
8534,148.17,gas,Commercial,Dallas,86.09,off-peak,M-5508,Tampered,On-Time,1
8535,290.07,gas,Residential,Seattle,441.42,peak,M-7407,Normal,Late,0
8536,213.99,electricity,Residential,Houston,209.36,peak,M-6837,Tampered,On-Time,1
8537,481.82,electricity,Commercial,Boston,331.47,off-peak,M-6184,Tampered,On-Time,1
8538,66.9,gas,Commercial,Chicago,106.72,peak,M-8787,Tampered,On-Time,1
8539,326.72,electricity,Residential,New York,370.34,off-peak,M-4488,Tampered,Late,1
8540,98.14,gas,Commercial,Chicago,6.44,peak,M-6985,Normal,Late,1
8541,13.1,gas,Commercial,Los Angeles,331.67,peak,M-2354,Tampered,On-Time,1
8542,171.71,electricity,Commercial,Miami,426.34,peak,M-8262,Tampered,On-Time,1
8543,182.31,gas,Commercial,Chicago,355.84,peak,M-4635,Tampered,On-Time,1
8544,213.09,gas,Residential,Miami,314.62,peak,M-5790,Normal,On-Time,0
8545,262.02,electricity,Residential,Miami,252.39,peak,M-4952,Normal,On-Time,0
8546,308.14,gas,Commercial,Seattle,399.48,peak,M-6514,Tampered,On-Time,1
8547,423.93,gas,Residential,Miami,303.86,peak,M-4364,Normal,Late,0
8548,228.84,gas,Residential,New York,393.89,off-peak,M-9056,Tampered,On-Time,1
8549,206.6,gas,Commercial,New York,430.22,off-peak,M-3842,Normal,On-Time,0
8550,292.86,gas,Residential,Los Angeles,94.89,off-peak,M-9533,Normal,On-Time,1
8551,60.88,gas,Commercial,Miami,266.65,off-peak,M-3565,Tampered,On-Time,1
8552,4.15,gas,Residential,Dallas,356.38,peak,M-3704,Tampered,Late,1
8553,178.09,electricity,Commercial,New York,53.11,off-peak,M-2818,Tampered,On-Time,1
8554,174.12,gas,Commercial,Chicago,62.61,off-peak,M-1617,Tampered,Late,1
8555,354.19,electricity,Commercial,Miami,122.07,off-peak,M-8320,Normal,Late,1
8556,43.3,gas,Commercial,Los Angeles,384.74,peak,M-1098,Tampered,Late,1
8557,127.15,electricity,Residential,New York,158.74,off-peak,M-8180,Tampered,On-Time,1
8558,267.05,electricity,Commercial,Houston,125.4,off-peak,M-3331,Normal,On-Time,1
8559,436.6,gas,Commercial,Seattle,412.83,off-peak,M-8207,Tampered,Late,1
8560,350.33,gas,Residential,Los Angeles,200.7,peak,M-7300,Tampered,Late,1
8561,317.05,electricity,Commercial,Boston,145.84,peak,M-1330,Normal,On-Time,1
8562,208.45,gas,Residential,Seattle,301.57,off-peak,M-2316,Normal,On-Time,0
8563,120.26,gas,Residential,New York,490.99,off-peak,M-1057,Tampered,Late,1
8564,357.72,electricity,Residential,Houston,190.49,off-peak,M-6419,Tampered,On-Time,1
8565,442.46,electricity,Residential,Miami,194.95,peak,M-7784,Tampered,On-Time,1
8566,432.28,gas,Residential,Chicago,312.92,off-peak,M-7449,Tampered,Late,1
8567,481.49,gas,Residential,New York,289.52,off-peak,M-5294,Normal,Late,0
8568,433.35,gas,Commercial,Chicago,175.32,peak,M-4796,Tampered,Late,1
8569,432.37,electricity,Commercial,Seattle,371.69,off-peak,M-6433,Tampered,On-Time,1
8570,377.84,electricity,Commercial,Dallas,224.14,peak,M-4132,Normal,Late,0
8571,458.39,electricity,Residential,Boston,221.39,off-peak,M-3677,Tampered,On-Time,1
8572,141.29,gas,Residential,Boston,475.08,off-peak,M-7148,Normal,On-Time,0
8573,297.94,gas,Residential,Miami,357.23,off-peak,M-8507,Normal,Late,0
8574,166.85,gas,Residential,Dallas,283.29,peak,M-8053,Normal,On-Time,0
8575,80.35,gas,Residential,Dallas,329.74,off-peak,M-2392,Tampered,On-Time,1
8576,136.71,electricity,Residential,New York,22.28,off-peak,M-8182,Normal,Late,1
8577,35.1,electricity,Residential,New York,126.39,peak,M-1316,Normal,Late,0
8578,124.7,gas,Commercial,Seattle,433.95,off-peak,M-5686,Tampered,Late,1
8579,199.57,gas,Residential,New York,354.19,peak,M-3467,Normal,On-Time,0
8580,298.61,gas,Residential,Miami,21.75,off-peak,M-3630,Tampered,On-Time,1
8581,130.12,electricity,Residential,Los Angeles,266.39,off-peak,M-8349,Normal,On-Time,0
8582,493.46,electricity,Commercial,Miami,139.2,off-peak,M-9128,Tampered,On-Time,1
8583,257.28,gas,Residential,Miami,152.32,peak,M-4848,Tampered,On-Time,1
8584,467.16,electricity,Commercial,Los Angeles,345.45,off-peak,M-7223,Normal,On-Time,0
8585,30.5,gas,Residential,Boston,69.21,off-peak,M-8814,Tampered,On-Time,1
8586,339.13,gas,Commercial,Houston,84.63,off-peak,M-3241,Normal,Late,1
8587,10.2,electricity,Commercial,Dallas,148.37,peak,M-4838,Normal,On-Time,0
8588,266.6,gas,Residential,Dallas,184.69,off-peak,M-5139,Normal,Late,0
8589,97.28,electricity,Commercial,Miami,90.1,off-peak,M-8704,Tampered,On-Time,1
8590,293.41,gas,Commercial,Seattle,425.63,peak,M-2772,Normal,On-Time,0
8591,431.39,gas,Residential,Seattle,49.05,peak,M-8499,Normal,On-Time,1
8592,313.28,gas,Residential,Boston,86.7,peak,M-8260,Normal,Late,1
8593,259.92,gas,Commercial,Seattle,268.91,off-peak,M-5047,Normal,On-Time,0
8594,424.71,gas,Commercial,Miami,190.71,off-peak,M-2722,Tampered,Late,1
8595,91.66,electricity,Residential,Seattle,322.18,peak,M-2821,Tampered,Late,1
8596,62.04,electricity,Residential,Chicago,284.58,off-peak,M-3703,Tampered,Late,1
8597,372.69,electricity,Commercial,Boston,459.81,peak,M-1380,Tampered,Late,1
8598,268.25,gas,Residential,Seattle,374.52,off-peak,M-2697,Tampered,Late,1
8599,227.11,gas,Residential,Houston,476.2,off-peak,M-7690,Normal,Late,0
8600,162.04,electricity,Residential,Houston,415.87,off-peak,M-1518,Tampered,On-Time,1
8601,286.56,gas,Residential,New York,336.78,peak,M-9971,Tampered,Late,1
8602,337.91,gas,Residential,Houston,188.28,peak,M-3402,Normal,Late,0
8603,315.24,electricity,Residential,Chicago,344.6,off-peak,M-8950,Normal,On-Time,0
8604,323.23,gas,Residential,Houston,255.93,off-peak,M-9668,Tampered,On-Time,1
8605,461.89,electricity,Commercial,Boston,65.84,off-peak,M-9036,Normal,Late,1
8606,86.01,gas,Residential,Seattle,109.92,peak,M-4569,Normal,Late,0
8607,70.63,electricity,Residential,Los Angeles,264.94,off-peak,M-4771,Tampered,On-Time,1
8608,128.26,electricity,Commercial,Dallas,71.28,peak,M-3811,Tampered,On-Time,1
8609,23.54,gas,Residential,Chicago,454.36,off-peak,M-8766,Normal,On-Time,0
8610,239.96,electricity,Residential,Houston,486.65,off-peak,M-9034,Tampered,Late,1
8611,275.24,gas,Commercial,Miami,488.12,off-peak,M-8261,Tampered,Late,1
8612,488.93,electricity,Commercial,Miami,470.3,peak,M-5348,Tampered,On-Time,1
8613,318.24,gas,Residential,Dallas,74.26,peak,M-1500,Tampered,On-Time,1
8614,97.4,gas,Residential,Miami,67.03,peak,M-5239,Tampered,Late,1
8615,206.45,electricity,Commercial,Dallas,270.32,peak,M-2368,Tampered,Late,1
8616,116.81,gas,Residential,Dallas,16.57,peak,M-5467,Tampered,On-Time,1
8617,428.5,gas,Commercial,Los Angeles,374.76,peak,M-6883,Tampered,Late,1
8618,436.49,electricity,Residential,Seattle,391.53,off-peak,M-2034,Tampered,Late,1
8619,111.06,electricity,Residential,Chicago,419.07,off-peak,M-2381,Tampered,On-Time,1
8620,35.07,gas,Residential,Seattle,105.23,peak,M-1252,Tampered,Late,1
8621,307.87,electricity,Residential,Los Angeles,455.53,peak,M-3610,Normal,Late,0
8622,164.79,electricity,Commercial,Miami,227.41,off-peak,M-3235,Tampered,Late,1
8623,289.9,gas,Residential,New York,306.18,peak,M-2155,Normal,Late,0
8624,51.58,gas,Commercial,Boston,232.89,off-peak,M-9617,Normal,Late,0
8625,433.33,gas,Residential,Boston,476.12,peak,M-8082,Normal,On-Time,0
8626,144.39,electricity,Commercial,Houston,154.5,off-peak,M-6973,Normal,On-Time,0
8627,339.95,gas,Residential,Los Angeles,2.18,peak,M-5646,Tampered,Late,1
8628,23.28,gas,Commercial,Dallas,159.96,peak,M-3120,Normal,Late,0
8629,108.42,electricity,Commercial,Boston,384.14,off-peak,M-6533,Normal,Late,0
8630,465.2,gas,Commercial,Miami,433.38,off-peak,M-9711,Normal,Late,0
8631,385.15,electricity,Commercial,Los Angeles,418.03,peak,M-7333,Tampered,Late,1
8632,371,gas,Commercial,Houston,153.98,off-peak,M-7685,Tampered,Late,1
8633,74,electricity,Commercial,Dallas,286.25,off-peak,M-9405,Normal,On-Time,0
8634,77.22,gas,Commercial,Houston,50.65,off-peak,M-6760,Tampered,Late,1
8635,80.22,electricity,Commercial,Seattle,336.88,off-peak,M-3996,Tampered,On-Time,1
8636,425.28,gas,Residential,Chicago,42.57,peak,M-8057,Tampered,On-Time,1
8637,274.26,electricity,Residential,New York,49.4,off-peak,M-8686,Normal,Late,1
8638,236.98,electricity,Residential,Dallas,224.15,peak,M-9574,Tampered,Late,1
8639,243.39,electricity,Residential,Dallas,76.56,peak,M-9026,Tampered,Late,1
8640,202.09,electricity,Residential,Chicago,485.24,off-peak,M-5926,Tampered,Late,1
8641,65.3,gas,Residential,Los Angeles,410.52,peak,M-5779,Tampered,Late,1
8642,305.69,electricity,Commercial,Boston,80.28,off-peak,M-7156,Tampered,Late,1
8643,106.47,electricity,Residential,Seattle,441.45,peak,M-7527,Tampered,On-Time,1
8644,200.82,gas,Residential,Los Angeles,170.65,off-peak,M-5919,Tampered,On-Time,1
8645,163.63,electricity,Commercial,New York,246.36,off-peak,M-5236,Normal,Late,0
8646,224.86,gas,Residential,Dallas,333.67,off-peak,M-3535,Tampered,Late,1
8647,69.55,electricity,Commercial,New York,362.41,off-peak,M-1805,Normal,Late,0
8648,87.97,gas,Residential,Houston,471.35,peak,M-8997,Normal,On-Time,0
8649,39.3,gas,Residential,Seattle,91.2,peak,M-7076,Tampered,Late,1
8650,376.34,electricity,Commercial,Houston,365.55,peak,M-6136,Tampered,On-Time,1
8651,330.24,gas,Residential,Miami,57.43,off-peak,M-8940,Normal,Late,1
8652,382.07,gas,Residential,Boston,468.39,peak,M-9050,Normal,On-Time,0
8653,240.9,gas,Residential,Los Angeles,475.52,peak,M-2978,Tampered,On-Time,1
8654,309.85,electricity,Residential,New York,357.7,peak,M-2013,Normal,On-Time,0
8655,440.1,gas,Residential,Miami,234.88,peak,M-3413,Normal,On-Time,0
8656,81.83,electricity,Residential,Boston,72.12,off-peak,M-4472,Tampered,Late,1
8657,369.82,electricity,Commercial,Boston,143.08,peak,M-9852,Normal,Late,1
8658,157.75,electricity,Residential,Houston,22.61,peak,M-6852,Normal,Late,1
8659,68.14,gas,Commercial,Miami,74.05,peak,M-6921,Tampered,Late,1
8660,10.84,gas,Commercial,Houston,195.49,off-peak,M-6934,Normal,Late,0
8661,411.23,gas,Commercial,Miami,49.92,peak,M-8096,Tampered,Late,1
8662,88.5,gas,Commercial,Seattle,162.92,peak,M-3151,Normal,Late,0
8663,48.49,electricity,Commercial,Boston,295.28,off-peak,M-2672,Tampered,Late,1
8664,160.42,electricity,Residential,Boston,110.86,off-peak,M-8642,Tampered,On-Time,1
8665,372.48,electricity,Commercial,Houston,149.55,peak,M-4131,Normal,On-Time,1
8666,447.43,electricity,Residential,Chicago,86.88,peak,M-2195,Normal,On-Time,1
8667,313.11,gas,Residential,Seattle,110.52,peak,M-2863,Normal,Late,1
8668,146.93,electricity,Residential,New York,106.76,peak,M-1546,Normal,On-Time,0
8669,285.84,electricity,Commercial,New York,260.77,peak,M-5365,Tampered,On-Time,1
8670,191.46,electricity,Residential,Miami,307.37,off-peak,M-1519,Tampered,Late,1
8671,410.21,gas,Residential,Boston,68.04,peak,M-1772,Normal,On-Time,1
8672,141.66,gas,Commercial,Dallas,204.87,peak,M-7897,Tampered,On-Time,1
8673,106.47,electricity,Commercial,Houston,8.13,off-peak,M-5353,Tampered,Late,1
8674,188.14,electricity,Residential,Los Angeles,185.73,peak,M-4986,Tampered,On-Time,1
8675,18.02,electricity,Residential,Chicago,48.51,off-peak,M-2460,Normal,Late,0
8676,323.35,electricity,Commercial,Dallas,235.65,off-peak,M-3836,Tampered,On-Time,1
8677,26.82,electricity,Commercial,Boston,18.14,off-peak,M-3012,Normal,On-Time,0
8678,53.2,gas,Residential,Dallas,149.58,peak,M-4510,Normal,On-Time,0
8679,197.09,electricity,Residential,Seattle,406.76,off-peak,M-2666,Normal,Late,0
8680,272.07,gas,Commercial,Boston,294.01,peak,M-5373,Tampered,Late,1
8681,177.95,electricity,Commercial,Dallas,151.72,off-peak,M-7558,Tampered,On-Time,1
8682,394.7,gas,Commercial,Chicago,483.29,peak,M-5602,Tampered,Late,1
8683,437.91,electricity,Residential,Los Angeles,47.6,off-peak,M-5134,Tampered,On-Time,1
8684,124.17,gas,Residential,Boston,438.37,peak,M-8867,Tampered,Late,1
8685,423.66,gas,Commercial,New York,463.24,off-peak,M-3319,Tampered,On-Time,1
8686,466.41,electricity,Residential,Miami,468.56,off-peak,M-6312,Tampered,Late,1
8687,83.68,electricity,Residential,Boston,86.04,peak,M-6063,Normal,Late,0
8688,195.66,gas,Residential,Boston,483.73,peak,M-4512,Normal,On-Time,0
8689,79.13,electricity,Residential,Chicago,291.66,off-peak,M-9135,Tampered,Late,1
8690,398.55,gas,Commercial,Dallas,283.04,peak,M-7147,Normal,On-Time,0
8691,83.73,electricity,Commercial,Dallas,226.02,off-peak,M-7492,Tampered,On-Time,1
8692,158.45,gas,Residential,Los Angeles,159.26,off-peak,M-2736,Normal,Late,0
8693,346.25,gas,Residential,Dallas,399.4,off-peak,M-7483,Tampered,Late,1
8694,191.53,gas,Residential,Chicago,242.08,off-peak,M-9026,Normal,Late,0
8695,417.44,electricity,Residential,Miami,165.36,peak,M-9580,Tampered,On-Time,1
8696,187.9,gas,Residential,Boston,127.27,peak,M-3957,Normal,On-Time,0
8697,395.19,electricity,Residential,Houston,115.81,peak,M-1149,Normal,Late,1
8698,160.07,gas,Residential,Boston,275.08,off-peak,M-6023,Normal,Late,0
8699,339.3,electricity,Commercial,Dallas,96.41,peak,M-6189,Normal,Late,1
8700,72.75,gas,Residential,Chicago,108.46,peak,M-6732,Tampered,On-Time,1
8701,454.94,gas,Commercial,Miami,184.03,off-peak,M-4022,Tampered,Late,1
8702,115.03,gas,Residential,New York,450.63,off-peak,M-4693,Tampered,On-Time,1
8703,217.53,electricity,Residential,Chicago,251.91,peak,M-2147,Normal,Late,0
8704,144.7,gas,Residential,Los Angeles,266.9,off-peak,M-2212,Tampered,On-Time,1
8705,273.24,electricity,Commercial,New York,475.05,off-peak,M-7070,Tampered,Late,1
8706,229.11,electricity,Residential,New York,100.27,off-peak,M-3913,Normal,On-Time,1
8707,90.14,gas,Residential,Boston,96.43,off-peak,M-1177,Normal,Late,0
8708,29.9,electricity,Residential,Dallas,112.66,peak,M-6252,Tampered,Late,1
8709,84.91,electricity,Residential,Boston,4.02,off-peak,M-7364,Tampered,Late,1
8710,475.98,gas,Residential,Boston,317.14,off-peak,M-8863,Tampered,Late,1
8711,224.14,gas,Residential,Seattle,400.72,off-peak,M-9024,Normal,On-Time,0
8712,228.56,gas,Residential,Chicago,462.44,off-peak,M-3192,Tampered,Late,1
8713,320.49,electricity,Commercial,Seattle,180.37,off-peak,M-2306,Normal,On-Time,0
8714,10.24,electricity,Residential,Seattle,134.28,off-peak,M-4957,Tampered,On-Time,1
8715,20.37,gas,Residential,Boston,469.67,off-peak,M-3077,Normal,On-Time,0
8716,390.62,gas,Commercial,Los Angeles,207.25,peak,M-1556,Tampered,On-Time,1
8717,13.48,gas,Commercial,Houston,29.98,peak,M-9681,Normal,Late,0
8718,358.91,gas,Commercial,Boston,106.64,peak,M-1169,Normal,On-Time,1
8719,26.88,electricity,Commercial,Miami,137.92,off-peak,M-5467,Normal,Late,0
8720,9.47,electricity,Residential,Miami,218.12,off-peak,M-1158,Normal,Late,0
8721,311,electricity,Residential,New York,269.52,off-peak,M-8873,Normal,On-Time,0
8722,190.91,electricity,Commercial,Houston,484.87,peak,M-3061,Tampered,Late,1
8723,275.42,electricity,Residential,Houston,339.72,off-peak,M-6769,Tampered,Late,1
8724,483.62,gas,Residential,Boston,461.48,peak,M-2869,Tampered,On-Time,1
8725,106.52,electricity,Residential,New York,34.29,off-peak,M-9490,Tampered,On-Time,1
8726,167.78,electricity,Commercial,Boston,52.51,peak,M-6528,Tampered,On-Time,1
8727,486.69,gas,Residential,Dallas,177.57,off-peak,M-5380,Tampered,On-Time,1
8728,392.65,electricity,Commercial,Boston,486.8,peak,M-1604,Normal,Late,0
8729,438.09,electricity,Commercial,Seattle,80.01,off-peak,M-9413,Tampered,Late,1
8730,201.92,electricity,Residential,New York,288.61,off-peak,M-4208,Normal,On-Time,0
8731,220.44,electricity,Commercial,Boston,281.6,off-peak,M-4725,Tampered,On-Time,1
8732,434.54,electricity,Residential,Dallas,272.54,peak,M-7472,Tampered,On-Time,1
8733,283.07,gas,Residential,Miami,133.03,off-peak,M-8956,Normal,On-Time,1
8734,417.97,gas,Residential,Chicago,221.45,off-peak,M-8964,Tampered,Late,1
8735,279.87,gas,Commercial,Miami,66.27,peak,M-5022,Normal,Late,1
8736,144.1,gas,Residential,Chicago,367.43,peak,M-2040,Normal,On-Time,0
8737,196.48,gas,Residential,Chicago,293.6,peak,M-1001,Tampered,Late,1
8738,96.41,gas,Residential,Los Angeles,197.9,off-peak,M-9560,Tampered,Late,1
8739,131.88,electricity,Commercial,Seattle,150.67,peak,M-4384,Normal,Late,0
8740,12.36,gas,Residential,Miami,14.86,peak,M-1946,Tampered,On-Time,1
8741,456.53,gas,Commercial,Seattle,103,peak,M-5770,Normal,On-Time,1
8742,420.37,gas,Residential,New York,181.54,peak,M-2653,Tampered,On-Time,1
8743,341.17,gas,Commercial,Miami,281.38,peak,M-7566,Normal,Late,0
8744,286.05,electricity,Commercial,Seattle,385.51,off-peak,M-2070,Normal,Late,0
8745,151.33,electricity,Commercial,Houston,301.13,off-peak,M-9378,Tampered,Late,1
8746,126.32,gas,Commercial,Seattle,3.81,off-peak,M-5796,Tampered,On-Time,1
8747,386.22,electricity,Commercial,New York,14.12,off-peak,M-3171,Normal,Late,1
8748,153.94,gas,Residential,Dallas,84.52,off-peak,M-4860,Tampered,Late,1
8749,295.57,electricity,Commercial,Los Angeles,324.05,peak,M-5312,Normal,Late,0
8750,402.05,electricity,Commercial,Houston,384.73,peak,M-1543,Normal,On-Time,0
8751,260.55,gas,Commercial,Chicago,92.1,peak,M-6518,Normal,On-Time,1
8752,351.33,electricity,Residential,Boston,203.26,off-peak,M-5545,Tampered,On-Time,1
8753,62.09,gas,Residential,Houston,304.83,off-peak,M-4626,Normal,Late,0
8754,65.06,electricity,Residential,New York,341.26,peak,M-1809,Tampered,Late,1
8755,86.96,gas,Residential,Boston,458.27,peak,M-9599,Tampered,Late,1
8756,154,gas,Residential,Los Angeles,223.69,off-peak,M-2417,Tampered,On-Time,1
8757,278.1,gas,Commercial,Seattle,380.41,off-peak,M-8792,Normal,On-Time,0
8758,467.79,gas,Commercial,Houston,379.01,peak,M-3784,Normal,Late,0
8759,110.68,gas,Residential,Chicago,325.24,off-peak,M-7801,Normal,On-Time,0
8760,157.51,electricity,Residential,Houston,336.68,off-peak,M-3419,Normal,Late,0
8761,284.1,electricity,Residential,Houston,345.27,off-peak,M-6010,Normal,On-Time,0
8762,205.72,gas,Residential,Dallas,206.07,peak,M-8921,Normal,On-Time,0
8763,281.96,electricity,Commercial,Miami,180.07,peak,M-9730,Normal,On-Time,0
8764,232.63,gas,Commercial,New York,358.41,off-peak,M-9748,Tampered,Late,1
8765,109.61,electricity,Residential,Seattle,24.2,off-peak,M-7482,Tampered,On-Time,1
8766,459.97,gas,Commercial,Chicago,435.92,peak,M-9625,Tampered,On-Time,1
8767,195.51,gas,Residential,Los Angeles,70.37,off-peak,M-8043,Normal,On-Time,1
8768,156.14,electricity,Residential,Houston,146.61,peak,M-1377,Normal,Late,0
8769,444.65,electricity,Residential,New York,497.59,off-peak,M-5538,Normal,On-Time,0
8770,390.31,gas,Residential,New York,442.93,off-peak,M-1662,Tampered,On-Time,1
8771,131.91,gas,Residential,Boston,416.44,off-peak,M-1249,Normal,On-Time,0
8772,346.54,gas,Residential,Chicago,162.23,off-peak,M-4860,Tampered,On-Time,1
8773,419.46,electricity,Commercial,Chicago,336.08,peak,M-5767,Normal,On-Time,0
8774,44.58,gas,Residential,Seattle,306.3,off-peak,M-1937,Normal,On-Time,0
8775,53.46,electricity,Commercial,New York,207,off-peak,M-3384,Normal,On-Time,0
8776,119.39,electricity,Commercial,New York,270.42,off-peak,M-7496,Tampered,Late,1
8777,209.23,gas,Residential,Los Angeles,116.76,peak,M-8406,Normal,Late,0
8778,237.77,gas,Residential,New York,416.93,peak,M-2343,Tampered,On-Time,1
8779,217.81,gas,Residential,Miami,280.26,peak,M-7275,Normal,Late,0
8780,392,gas,Residential,Dallas,31.07,off-peak,M-7020,Tampered,Late,1
8781,482.87,gas,Residential,New York,132.84,peak,M-7330,Normal,Late,1
8782,422.92,gas,Residential,Chicago,201.23,off-peak,M-6710,Tampered,On-Time,1
8783,413.95,electricity,Commercial,Dallas,439.85,peak,M-9865,Tampered,On-Time,1
8784,286.72,gas,Residential,Dallas,207.47,off-peak,M-6508,Normal,Late,0
8785,233.29,gas,Commercial,New York,123.72,off-peak,M-8776,Normal,Late,0
8786,160.08,gas,Commercial,New York,322.65,off-peak,M-9628,Normal,Late,0
8787,408.15,gas,Residential,Chicago,167.35,off-peak,M-6661,Tampered,On-Time,1
8788,167.55,electricity,Commercial,New York,291.79,peak,M-9632,Tampered,Late,1
8789,71.27,electricity,Commercial,Houston,484.34,peak,M-5587,Normal,Late,0
8790,80.18,gas,Commercial,New York,382.84,off-peak,M-7950,Tampered,Late,1
8791,387.39,gas,Residential,New York,17.7,peak,M-7897,Normal,On-Time,1
8792,15.75,gas,Commercial,Dallas,294.29,peak,M-2314,Tampered,Late,1
8793,412.04,electricity,Commercial,Dallas,224.1,off-peak,M-5209,Normal,Late,0
8794,33.88,gas,Commercial,New York,273.95,peak,M-9806,Tampered,On-Time,1
8795,388.3,electricity,Commercial,Seattle,469.84,off-peak,M-1491,Normal,Late,0
8796,22.38,gas,Commercial,Chicago,89.01,off-peak,M-5558,Normal,On-Time,0
8797,28.11,electricity,Commercial,Houston,119.28,peak,M-8688,Normal,Late,0
8798,364.12,gas,Residential,New York,32.03,peak,M-5343,Tampered,Late,1
8799,205.26,gas,Residential,Los Angeles,380.23,off-peak,M-1676,Tampered,Late,1
8800,282.64,gas,Residential,New York,257.39,off-peak,M-4118,Tampered,On-Time,1
8801,2.99,electricity,Residential,Chicago,364.83,off-peak,M-8427,Tampered,On-Time,1
8802,41.28,gas,Residential,Boston,209.36,peak,M-4285,Normal,On-Time,0
8803,205.97,electricity,Commercial,Chicago,177.58,peak,M-7108,Normal,Late,0
8804,393.63,gas,Commercial,Houston,390.13,peak,M-8728,Tampered,Late,1
8805,95.81,electricity,Commercial,Chicago,375.78,peak,M-1275,Tampered,On-Time,1
8806,118.52,gas,Residential,Houston,440.75,peak,M-3173,Normal,On-Time,0
8807,210.18,electricity,Residential,Los Angeles,73.5,off-peak,M-4871,Tampered,Late,1
8808,53.27,electricity,Residential,Los Angeles,250.36,off-peak,M-9484,Normal,Late,0
8809,158.53,gas,Residential,Houston,199.65,off-peak,M-2198,Tampered,On-Time,1
8810,419.16,electricity,Commercial,Dallas,349.15,off-peak,M-1298,Tampered,Late,1
8811,310.58,gas,Commercial,Boston,386.1,peak,M-8336,Normal,Late,0
8812,439.04,gas,Residential,New York,218.62,off-peak,M-2937,Tampered,On-Time,1
8813,398.54,gas,Residential,New York,109.01,off-peak,M-9898,Tampered,Late,1
8814,97.57,gas,Commercial,Chicago,59.2,peak,M-4327,Tampered,Late,1
8815,322.42,gas,Commercial,Chicago,185.67,peak,M-3885,Normal,On-Time,0
8816,390.06,electricity,Commercial,Chicago,17.19,off-peak,M-5645,Normal,On-Time,1
8817,107.29,electricity,Residential,Chicago,321.27,peak,M-3757,Normal,On-Time,0
8818,51.52,electricity,Commercial,Boston,321.42,off-peak,M-6479,Tampered,Late,1
8819,487.93,electricity,Residential,New York,10.16,off-peak,M-9263,Normal,On-Time,1
8820,115.34,gas,Residential,New York,265.28,peak,M-2691,Tampered,On-Time,1
8821,425.98,gas,Commercial,New York,211.98,peak,M-5093,Normal,Late,1
8822,102.64,electricity,Commercial,Miami,21.25,peak,M-9876,Normal,Late,1
8823,385.67,electricity,Residential,Boston,92.39,peak,M-9938,Tampered,Late,1
8824,75.39,electricity,Commercial,New York,72.39,off-peak,M-3191,Tampered,On-Time,1
8825,181.87,electricity,Commercial,Chicago,357.75,off-peak,M-3375,Normal,On-Time,0
8826,395.36,electricity,Residential,Seattle,470.04,peak,M-6611,Tampered,On-Time,1
8827,169.59,electricity,Commercial,Dallas,370.91,peak,M-3588,Tampered,Late,1
8828,433.26,electricity,Residential,New York,377.38,peak,M-1165,Tampered,Late,1
8829,470.36,gas,Commercial,Chicago,385.77,off-peak,M-2294,Tampered,On-Time,1
8830,324.94,electricity,Commercial,New York,471.79,peak,M-7298,Tampered,Late,1
8831,416.26,electricity,Residential,Los Angeles,88.46,off-peak,M-5372,Tampered,On-Time,1
8832,375.82,gas,Residential,Dallas,269.69,peak,M-5970,Normal,Late,0
8833,127.67,gas,Residential,Miami,414.7,off-peak,M-3817,Tampered,On-Time,1
8834,46.67,gas,Residential,Dallas,122.82,off-peak,M-9924,Normal,On-Time,0
8835,422.15,electricity,Residential,Boston,428.31,peak,M-3067,Tampered,On-Time,1
8836,339.72,gas,Commercial,Los Angeles,416.7,peak,M-3086,Tampered,On-Time,1
8837,101.97,electricity,Residential,Chicago,323.57,peak,M-8075,Normal,On-Time,0
8838,165.35,gas,Commercial,Houston,352.71,peak,M-9709,Tampered,On-Time,1
8839,152.11,electricity,Commercial,Houston,415.33,peak,M-6284,Normal,On-Time,0
8840,249.86,gas,Residential,Houston,190.81,off-peak,M-8564,Normal,Late,0
8841,360.69,gas,Residential,Miami,467.93,off-peak,M-7883,Normal,On-Time,0
8842,382.37,electricity,Residential,Los Angeles,443.25,peak,M-7948,Normal,Late,0
8843,307.62,electricity,Commercial,Los Angeles,288.55,peak,M-5278,Normal,Late,0
8844,127.29,electricity,Residential,Dallas,367.79,off-peak,M-5984,Normal,Late,0
8845,179.62,gas,Commercial,Chicago,35.42,off-peak,M-7364,Normal,On-Time,1
8846,115.04,electricity,Commercial,Los Angeles,171.84,off-peak,M-1110,Tampered,Late,1
8847,235.14,electricity,Residential,Seattle,156.68,off-peak,M-7967,Tampered,Late,1
8848,442.85,electricity,Commercial,Miami,335.02,peak,M-4483,Normal,Late,0
8849,11.35,gas,Residential,Miami,428.81,peak,M-4174,Normal,Late,0
8850,437.44,electricity,Commercial,Houston,56.84,off-peak,M-4922,Tampered,On-Time,1
8851,11.37,electricity,Residential,Houston,244.66,off-peak,M-9201,Normal,Late,0
8852,77.48,gas,Residential,Dallas,370.01,off-peak,M-8272,Normal,On-Time,0
8853,40.26,electricity,Residential,Los Angeles,304.11,peak,M-9534,Tampered,Late,1
8854,215.72,gas,Commercial,Dallas,76.24,peak,M-3880,Normal,On-Time,1
8855,221.44,electricity,Residential,Dallas,426.59,peak,M-9507,Tampered,Late,1
8856,225.52,electricity,Residential,Houston,59.03,peak,M-7571,Normal,On-Time,1
8857,114.04,electricity,Commercial,Dallas,87.92,peak,M-7660,Normal,Late,0
8858,212.98,electricity,Commercial,Dallas,256.1,off-peak,M-6190,Normal,Late,0
8859,486.94,electricity,Commercial,Dallas,436.52,off-peak,M-2630,Tampered,On-Time,1
8860,356.39,electricity,Commercial,Los Angeles,465.36,off-peak,M-6723,Tampered,Late,1
8861,182.01,gas,Residential,Boston,451.17,peak,M-3732,Normal,On-Time,0
8862,312.16,gas,Residential,Los Angeles,466.53,off-peak,M-1792,Normal,On-Time,0
8863,352.71,electricity,Residential,Houston,200.44,off-peak,M-1455,Normal,Late,0
8864,55.99,electricity,Residential,Dallas,141.91,peak,M-8789,Normal,Late,0
8865,299.84,electricity,Residential,Miami,273.92,peak,M-8212,Normal,Late,0
8866,200.05,electricity,Residential,Miami,89.01,off-peak,M-7254,Normal,On-Time,1
8867,146.15,gas,Commercial,Seattle,396.12,off-peak,M-2505,Tampered,On-Time,1
8868,345.09,gas,Residential,Dallas,93.6,off-peak,M-8682,Tampered,On-Time,1
8869,450.11,electricity,Commercial,Los Angeles,88.05,peak,M-9829,Normal,On-Time,1
8870,351.59,gas,Residential,Miami,168.62,off-peak,M-1306,Normal,Late,1
8871,81.81,gas,Residential,Seattle,50.19,off-peak,M-5714,Tampered,On-Time,1
8872,260.11,gas,Residential,Houston,139.07,off-peak,M-4747,Normal,On-Time,0
8873,318.3,gas,Residential,Miami,320.35,off-peak,M-9444,Tampered,Late,1
8874,437.05,gas,Commercial,Miami,344.39,off-peak,M-2431,Normal,On-Time,0
8875,236.67,electricity,Commercial,Houston,175.98,peak,M-8256,Normal,Late,0
8876,205.37,electricity,Residential,Miami,318.46,peak,M-2838,Normal,On-Time,0
8877,221.31,electricity,Commercial,Miami,91.95,peak,M-5938,Normal,Late,1
8878,383.93,gas,Residential,Houston,311.96,off-peak,M-2245,Normal,On-Time,0
8879,64.92,electricity,Residential,Miami,228.09,off-peak,M-3354,Normal,Late,0
8880,251.11,electricity,Residential,Boston,479.84,off-peak,M-9138,Normal,Late,0
8881,172.58,gas,Residential,Houston,422.88,off-peak,M-6371,Normal,On-Time,0
8882,136.46,electricity,Commercial,Houston,10.55,peak,M-5813,Normal,On-Time,1
8883,308.89,gas,Residential,Chicago,83.97,off-peak,M-3983,Normal,Late,1
8884,302.25,gas,Commercial,Houston,206.89,peak,M-3322,Normal,Late,0
8885,480.09,gas,Commercial,Chicago,369.03,peak,M-2049,Normal,On-Time,0
8886,274.32,electricity,Commercial,New York,111.35,off-peak,M-8976,Tampered,Late,1
8887,218.24,gas,Commercial,Los Angeles,317.53,peak,M-5335,Normal,Late,0
8888,294.95,gas,Commercial,New York,468.76,peak,M-1477,Normal,On-Time,0
8889,121.84,gas,Commercial,Seattle,57.37,off-peak,M-4241,Normal,Late,1
8890,339.48,electricity,Commercial,Chicago,81.21,peak,M-4952,Normal,On-Time,1
8891,174.08,electricity,Residential,Chicago,492.85,off-peak,M-9529,Tampered,Late,1
8892,31.37,gas,Residential,Houston,333.46,off-peak,M-5902,Normal,On-Time,0
8893,71.29,electricity,Residential,Boston,442.31,off-peak,M-8423,Normal,On-Time,0
8894,299.58,electricity,Residential,Houston,441.41,off-peak,M-1671,Normal,On-Time,0
8895,485.57,gas,Residential,Miami,357.91,peak,M-6625,Tampered,Late,1
8896,264.51,electricity,Commercial,Boston,121.21,off-peak,M-8816,Normal,Late,1
8897,205.73,gas,Commercial,Seattle,189.8,off-peak,M-1525,Normal,On-Time,0
8898,461.89,gas,Commercial,Miami,327.36,off-peak,M-4931,Normal,On-Time,0
8899,24.31,gas,Residential,Boston,405.16,off-peak,M-5986,Tampered,On-Time,1
8900,178.03,gas,Commercial,Chicago,428.76,peak,M-3239,Tampered,On-Time,1
8901,307.15,electricity,Commercial,Dallas,455.02,peak,M-6511,Tampered,On-Time,1
8902,120.41,gas,Residential,Chicago,177.64,off-peak,M-1847,Tampered,Late,1
8903,118.47,gas,Residential,Miami,459.1,off-peak,M-2636,Tampered,Late,1
8904,228.79,electricity,Residential,Miami,423.51,off-peak,M-1911,Tampered,Late,1
8905,79.71,gas,Residential,Dallas,84.98,off-peak,M-6505,Tampered,Late,1
8906,198.7,gas,Commercial,Dallas,487.5,off-peak,M-8248,Tampered,On-Time,1
8907,274.27,gas,Commercial,Miami,29.72,off-peak,M-4494,Normal,On-Time,1
8908,415.06,gas,Residential,Chicago,479.46,off-peak,M-8831,Tampered,Late,1
8909,301.32,gas,Commercial,Chicago,371.08,peak,M-3136,Normal,Late,0
8910,25.18,gas,Commercial,Houston,285.98,peak,M-5883,Normal,On-Time,0
8911,334.35,electricity,Residential,Chicago,475.99,peak,M-1748,Tampered,Late,1
8912,394.34,gas,Commercial,Miami,101.07,peak,M-6089,Normal,On-Time,1
8913,243.48,gas,Commercial,Boston,408.83,peak,M-8026,Tampered,Late,1
8914,97.03,electricity,Commercial,Los Angeles,442.57,peak,M-9776,Normal,On-Time,0
8915,190.47,electricity,Residential,Houston,119.89,peak,M-8896,Tampered,Late,1
8916,121.31,electricity,Commercial,Chicago,149.51,off-peak,M-9599,Tampered,On-Time,1
8917,292.79,gas,Residential,Boston,438.4,peak,M-4290,Normal,On-Time,0
8918,212.45,electricity,Commercial,Houston,439.78,off-peak,M-3131,Normal,Late,0
8919,280.13,electricity,Commercial,Dallas,24.77,peak,M-2944,Tampered,Late,1
8920,122.75,gas,Commercial,Los Angeles,84.69,peak,M-9050,Tampered,Late,1
8921,222.5,gas,Commercial,Boston,43.25,peak,M-7234,Normal,Late,1
8922,212.26,gas,Residential,Boston,48.5,off-peak,M-3559,Normal,On-Time,1
8923,454.16,gas,Residential,Dallas,178.49,peak,M-4249,Tampered,On-Time,1
8924,493.58,electricity,Residential,Houston,373.29,off-peak,M-3904,Tampered,On-Time,1
8925,317.76,electricity,Residential,Boston,435.59,peak,M-6085,Normal,On-Time,0
8926,115.64,gas,Commercial,Boston,111.74,off-peak,M-5190,Normal,Late,0
8927,319.3,electricity,Residential,Los Angeles,333.92,peak,M-8686,Normal,On-Time,0
8928,210.03,electricity,Commercial,Boston,226.01,peak,M-7446,Tampered,On-Time,1
8929,278.77,gas,Commercial,Miami,156.58,off-peak,M-2721,Tampered,Late,1
8930,55.26,gas,Residential,Miami,73.76,off-peak,M-4884,Tampered,Late,1
8931,108.63,gas,Residential,Los Angeles,194.6,peak,M-4670,Tampered,Late,1
8932,464.24,electricity,Commercial,Los Angeles,367.42,off-peak,M-6445,Tampered,On-Time,1
8933,140.51,electricity,Residential,Dallas,316.25,peak,M-4633,Tampered,On-Time,1
8934,227.67,gas,Residential,Chicago,405.33,peak,M-4417,Normal,Late,0
8935,128.61,gas,Residential,Miami,335.48,peak,M-3933,Tampered,On-Time,1
8936,31.24,electricity,Commercial,Miami,160.79,peak,M-6657,Tampered,Late,1
8937,197.63,electricity,Residential,Dallas,288.01,peak,M-8251,Tampered,Late,1
8938,18.77,gas,Commercial,Los Angeles,489.3,off-peak,M-4888,Normal,On-Time,0
8939,207.18,gas,Commercial,Miami,372.32,peak,M-7716,Tampered,On-Time,1
8940,212.59,gas,Residential,Chicago,216.02,off-peak,M-1155,Tampered,On-Time,1
8941,65.51,electricity,Residential,Chicago,236.49,off-peak,M-7262,Normal,Late,0
8942,87.47,electricity,Residential,Chicago,296.03,off-peak,M-1527,Normal,On-Time,0
8943,273.59,gas,Residential,New York,158.38,peak,M-2998,Tampered,Late,1
8944,220.37,gas,Residential,New York,47.73,peak,M-8849,Tampered,On-Time,1
8945,328.64,electricity,Commercial,Dallas,124.36,peak,M-8386,Normal,Late,1
8946,78.65,electricity,Residential,Chicago,119.84,peak,M-2910,Tampered,On-Time,1
8947,224.27,gas,Residential,Chicago,265.46,peak,M-7457,Normal,Late,0
8948,170.53,electricity,Commercial,Miami,28.41,peak,M-7299,Normal,Late,1
8949,463.34,electricity,Commercial,Boston,411.87,peak,M-9747,Normal,Late,0
8950,82.9,gas,Commercial,New York,60.13,peak,M-7853,Tampered,Late,1
8951,134.95,gas,Residential,Chicago,208.82,peak,M-3505,Tampered,On-Time,1
8952,496.54,gas,Residential,Seattle,378.13,off-peak,M-9498,Normal,On-Time,0
8953,475.95,gas,Commercial,Chicago,30.41,peak,M-2429,Tampered,On-Time,1
8954,79.33,gas,Residential,New York,449.57,off-peak,M-6457,Tampered,On-Time,1
8955,493.47,electricity,Residential,Houston,156.47,off-peak,M-5366,Tampered,On-Time,1
8956,413.9,electricity,Commercial,Boston,414.61,peak,M-1458,Normal,Late,0
8957,194.35,electricity,Residential,Dallas,92.54,peak,M-3198,Normal,Late,1
8958,426.46,electricity,Commercial,Boston,429.66,off-peak,M-8337,Normal,Late,0
8959,360.61,gas,Commercial,Chicago,382.78,off-peak,M-7422,Tampered,Late,1
8960,183.89,electricity,Commercial,Miami,385.45,peak,M-6813,Tampered,On-Time,1
8961,215.7,electricity,Commercial,Dallas,322.42,off-peak,M-4536,Normal,Late,0
8962,102.31,gas,Residential,Seattle,218.14,peak,M-4610,Tampered,Late,1
8963,197.07,electricity,Commercial,Miami,61.48,off-peak,M-1500,Tampered,Late,1
8964,38.76,gas,Commercial,New York,81.34,off-peak,M-9343,Tampered,On-Time,1
8965,170.86,gas,Commercial,Dallas,208.85,peak,M-5634,Tampered,Late,1
8966,53.98,electricity,Residential,Boston,165.05,off-peak,M-2504,Tampered,On-Time,1
8967,321.14,electricity,Commercial,Houston,423.79,peak,M-5883,Normal,Late,0
8968,419.35,electricity,Residential,Houston,189.63,off-peak,M-9856,Tampered,Late,1
8969,377.19,electricity,Residential,New York,406.69,off-peak,M-5390,Normal,Late,0
8970,291.74,electricity,Commercial,Miami,482.19,peak,M-2155,Tampered,Late,1
8971,350.56,electricity,Residential,Miami,202.47,off-peak,M-3641,Tampered,Late,1
8972,291.91,electricity,Commercial,Dallas,153.82,off-peak,M-5998,Normal,On-Time,0
8973,402.74,electricity,Commercial,Chicago,76.59,peak,M-4451,Tampered,On-Time,1
8974,191.71,electricity,Residential,Chicago,269.92,peak,M-6376,Normal,Late,0
8975,192.11,gas,Residential,Los Angeles,406.37,off-peak,M-9317,Normal,Late,0
8976,5.02,gas,Commercial,Seattle,296.56,off-peak,M-9741,Normal,Late,0
8977,49.6,electricity,Residential,New York,357.41,peak,M-7597,Tampered,On-Time,1
8978,128.5,gas,Residential,Miami,123.98,off-peak,M-7818,Normal,Late,0
8979,19.21,gas,Commercial,Miami,171.62,off-peak,M-4725,Tampered,Late,1
8980,471.26,gas,Residential,Chicago,339.34,peak,M-9030,Tampered,Late,1
8981,248.42,electricity,Residential,Miami,379.67,off-peak,M-9270,Normal,Late,0
8982,432.32,electricity,Residential,New York,370.7,off-peak,M-3801,Normal,Late,0
8983,466.7,gas,Commercial,Chicago,113.68,peak,M-1427,Normal,Late,1
8984,50.1,gas,Residential,Houston,387.35,off-peak,M-5771,Tampered,On-Time,1
8985,294.55,electricity,Residential,New York,497.67,peak,M-5859,Normal,On-Time,0
8986,322.94,gas,Commercial,Houston,380.07,off-peak,M-9413,Tampered,On-Time,1
8987,410.32,electricity,Residential,Miami,145.1,off-peak,M-6587,Normal,On-Time,1
8988,238.67,gas,Commercial,Seattle,409.53,off-peak,M-3880,Tampered,Late,1
8989,291.16,electricity,Residential,Dallas,280.93,peak,M-4488,Normal,Late,0
8990,266.58,electricity,Commercial,Chicago,71.11,peak,M-9846,Tampered,On-Time,1
8991,292.62,gas,Commercial,Dallas,119.57,off-peak,M-9086,Tampered,Late,1
8992,474.55,electricity,Residential,Miami,22.28,off-peak,M-6325,Tampered,Late,1
8993,371.51,electricity,Commercial,Boston,198.2,peak,M-3923,Normal,On-Time,0
8994,297.65,electricity,Commercial,Dallas,489.23,off-peak,M-9622,Tampered,On-Time,1
8995,173.34,electricity,Residential,Dallas,159.02,off-peak,M-2134,Normal,On-Time,0
8996,139.4,gas,Commercial,Los Angeles,326.62,off-peak,M-8097,Normal,Late,0
8997,221.3,gas,Commercial,Houston,98.18,peak,M-9034,Tampered,On-Time,1
8998,358.51,electricity,Residential,Dallas,247.85,peak,M-7236,Tampered,On-Time,1
8999,302.55,gas,Commercial,Chicago,242.16,off-peak,M-1668,Normal,Late,0
9000,418.68,electricity,Commercial,Miami,371.07,peak,M-4136,Tampered,Late,1
9001,410.59,electricity,Residential,Chicago,480.09,peak,M-6733,Normal,On-Time,0
9002,418.04,electricity,Commercial,Miami,65.7,peak,M-3904,Normal,Late,1
9003,288.51,gas,Residential,Boston,247.01,off-peak,M-2186,Tampered,On-Time,1
9004,95.79,gas,Commercial,Los Angeles,52.49,off-peak,M-2004,Normal,Late,0
9005,39.34,electricity,Commercial,New York,218.6,off-peak,M-4973,Tampered,Late,1
9006,366.18,gas,Residential,Chicago,446.6,peak,M-7588,Normal,On-Time,0
9007,488.53,electricity,Residential,Miami,54.87,off-peak,M-8254,Normal,Late,1
9008,261.19,electricity,Residential,Seattle,203.69,off-peak,M-7462,Tampered,Late,1
9009,250.75,electricity,Commercial,Houston,347.33,off-peak,M-8468,Normal,Late,0
9010,483.4,electricity,Commercial,Chicago,396.53,peak,M-9996,Tampered,On-Time,1
9011,0.63,electricity,Residential,New York,417.24,off-peak,M-7103,Normal,Late,0
9012,65.41,gas,Residential,Miami,272.62,off-peak,M-6748,Tampered,On-Time,1
9013,61.54,gas,Residential,Los Angeles,345.99,off-peak,M-2448,Tampered,On-Time,1
9014,461.05,gas,Residential,Dallas,62.32,peak,M-8804,Tampered,On-Time,1
9015,268.18,electricity,Commercial,Chicago,92.14,peak,M-2445,Tampered,Late,1
9016,461.96,electricity,Residential,New York,150.66,off-peak,M-3638,Tampered,Late,1
9017,331.47,gas,Residential,New York,165.51,off-peak,M-3381,Normal,Late,1
9018,371.63,gas,Residential,Seattle,488.89,peak,M-3681,Tampered,Late,1
9019,79.75,electricity,Commercial,Boston,329.81,off-peak,M-5454,Tampered,Late,1
9020,110.36,electricity,Commercial,Boston,185.21,off-peak,M-9350,Normal,On-Time,0
9021,416.17,electricity,Commercial,Boston,197.88,off-peak,M-1694,Tampered,On-Time,1
9022,366.18,gas,Commercial,Boston,292.01,off-peak,M-7143,Normal,Late,0
9023,455.96,electricity,Commercial,Boston,270.28,peak,M-9408,Tampered,On-Time,1
9024,236.34,gas,Residential,Houston,284.11,off-peak,M-3079,Normal,On-Time,0
9025,325.01,electricity,Commercial,Boston,357.01,peak,M-3234,Normal,Late,0
9026,20.73,gas,Residential,Seattle,408.76,peak,M-1399,Tampered,On-Time,1
9027,332.32,electricity,Residential,New York,230.44,off-peak,M-8762,Tampered,On-Time,1
9028,345.88,gas,Residential,New York,161.4,peak,M-4384,Tampered,On-Time,1
9029,468.78,electricity,Residential,Chicago,441.74,peak,M-1406,Tampered,Late,1
9030,222.07,gas,Commercial,Los Angeles,426.3,peak,M-1414,Tampered,Late,1
9031,44.98,gas,Residential,Miami,250.07,peak,M-1248,Normal,On-Time,0
9032,391.33,gas,Residential,Boston,38.6,off-peak,M-2583,Tampered,On-Time,1
9033,13.53,electricity,Commercial,Boston,433.93,off-peak,M-1646,Tampered,Late,1
9034,415.11,electricity,Residential,Los Angeles,443.68,off-peak,M-2987,Normal,Late,0
9035,26.36,gas,Residential,Boston,237.2,peak,M-4332,Tampered,Late,1
9036,494.38,electricity,Residential,Los Angeles,24.26,peak,M-2031,Normal,On-Time,1
9037,12.45,gas,Residential,Seattle,350.51,peak,M-9070,Tampered,Late,1
9038,435.04,gas,Residential,Seattle,316.74,peak,M-1644,Normal,Late,0
9039,247.46,electricity,Residential,Houston,177.07,peak,M-8960,Normal,On-Time,0
9040,281.18,gas,Commercial,New York,389.26,peak,M-5279,Normal,Late,0
9041,383.6,electricity,Commercial,Boston,15.87,off-peak,M-2636,Normal,On-Time,1
9042,362.28,gas,Residential,Boston,408.88,peak,M-7075,Tampered,On-Time,1
9043,95.39,electricity,Residential,Chicago,432.63,peak,M-7358,Normal,Late,0
9044,191.6,gas,Residential,Seattle,182.11,off-peak,M-1143,Tampered,On-Time,1
9045,223.53,electricity,Residential,Houston,310.12,off-peak,M-3804,Tampered,On-Time,1
9046,254.51,gas,Residential,Seattle,499.38,off-peak,M-8053,Normal,On-Time,0
9047,490.23,gas,Commercial,Houston,30.39,peak,M-8301,Tampered,Late,1
9048,288.37,gas,Commercial,Seattle,19.15,off-peak,M-1901,Tampered,On-Time,1
9049,236.39,electricity,Residential,Boston,345.4,peak,M-2580,Tampered,On-Time,1
9050,459.99,gas,Residential,Seattle,472.91,off-peak,M-1800,Normal,On-Time,0
9051,371.6,gas,Residential,New York,265.65,peak,M-5362,Tampered,Late,1
9052,485.13,gas,Residential,New York,120.09,off-peak,M-8744,Normal,Late,1
9053,272.52,electricity,Commercial,Boston,146.53,peak,M-5096,Normal,Late,0
9054,212.01,gas,Commercial,Seattle,260.5,off-peak,M-2598,Tampered,Late,1
9055,391.67,gas,Commercial,Dallas,376.95,peak,M-7760,Normal,On-Time,0
9056,173.59,electricity,Commercial,Houston,81.92,peak,M-1686,Tampered,Late,1
9057,194.35,gas,Commercial,Miami,62.5,off-peak,M-7815,Tampered,On-Time,1
9058,11.28,gas,Residential,Houston,396.52,off-peak,M-9441,Normal,On-Time,0
9059,397.61,gas,Residential,Dallas,55.89,peak,M-1142,Normal,On-Time,1
9060,273.11,gas,Commercial,New York,131.14,peak,M-7178,Tampered,On-Time,1
9061,112.47,gas,Commercial,Miami,47.08,off-peak,M-9241,Normal,Late,1
9062,255.87,electricity,Residential,Houston,428.35,peak,M-2923,Normal,Late,0
9063,154.83,electricity,Residential,Chicago,195.05,peak,M-5594,Normal,Late,0
9064,217.72,electricity,Residential,Miami,142.01,peak,M-8291,Tampered,On-Time,1
9065,274.23,gas,Residential,Boston,153.68,off-peak,M-8838,Tampered,Late,1
9066,271.03,electricity,Residential,New York,115.91,off-peak,M-5691,Tampered,On-Time,1
9067,18.83,gas,Residential,Miami,207.83,peak,M-4585,Normal,On-Time,0
9068,21.94,electricity,Commercial,Boston,8.13,off-peak,M-3191,Normal,Late,1
9069,208.19,gas,Commercial,Miami,157.67,off-peak,M-7597,Normal,Late,0
9070,375.98,electricity,Residential,Los Angeles,116.82,peak,M-3092,Tampered,On-Time,1
9071,203.57,gas,Commercial,Dallas,296.18,off-peak,M-5487,Normal,Late,0
9072,328.89,electricity,Commercial,Dallas,90.72,peak,M-9398,Normal,On-Time,1
9073,477.41,gas,Commercial,Chicago,445.64,peak,M-6059,Normal,On-Time,0
9074,417.79,electricity,Residential,New York,481.82,off-peak,M-3519,Normal,Late,0
9075,34.32,gas,Residential,New York,278.05,peak,M-8631,Tampered,Late,1
9076,239.66,gas,Commercial,Miami,262.73,off-peak,M-5910,Tampered,Late,1
9077,409.46,gas,Residential,Los Angeles,70.89,peak,M-8899,Tampered,Late,1
9078,126.06,electricity,Residential,Los Angeles,29.83,off-peak,M-7370,Normal,Late,1
9079,74.97,electricity,Residential,Chicago,418.24,peak,M-9831,Normal,On-Time,0
9080,326.51,electricity,Commercial,Chicago,308.93,off-peak,M-4508,Normal,On-Time,0
9081,122.09,gas,Residential,Dallas,202.65,peak,M-2049,Normal,On-Time,0
9082,261.47,gas,Residential,Dallas,225.56,peak,M-3755,Tampered,On-Time,1
9083,151.75,gas,Commercial,Dallas,254.73,off-peak,M-1590,Tampered,Late,1
9084,223.92,electricity,Residential,Chicago,61.33,off-peak,M-8148,Normal,Late,1
9085,267.66,gas,Commercial,New York,180.89,peak,M-6661,Tampered,Late,1
9086,301.97,electricity,Commercial,Los Angeles,418.95,off-peak,M-4816,Tampered,Late,1
9087,489.16,electricity,Residential,Los Angeles,370.03,off-peak,M-1280,Tampered,Late,1
9088,417.56,electricity,Residential,Boston,101.65,peak,M-5994,Normal,On-Time,1
9089,135.37,gas,Residential,Seattle,359.27,off-peak,M-5813,Tampered,Late,1
9090,277.26,gas,Residential,Miami,169.83,peak,M-2323,Normal,On-Time,0
9091,323.03,electricity,Commercial,Houston,446.57,peak,M-8699,Tampered,Late,1
9092,165.11,electricity,Residential,Miami,317.57,peak,M-1732,Tampered,Late,1
9093,492.76,gas,Commercial,Houston,395.17,peak,M-6560,Normal,On-Time,0
9094,491.83,gas,Commercial,Miami,320.7,off-peak,M-4530,Normal,On-Time,0
9095,194.5,gas,Residential,Los Angeles,213.09,peak,M-5582,Normal,On-Time,0
9096,340.7,electricity,Residential,Seattle,485.68,peak,M-8505,Tampered,On-Time,1
9097,274.59,electricity,Commercial,Boston,326.21,peak,M-9950,Normal,On-Time,0
9098,364.91,electricity,Commercial,Chicago,64.74,peak,M-1137,Normal,On-Time,1
9099,28.05,gas,Commercial,Houston,34.41,off-peak,M-8073,Normal,On-Time,0
9100,147.96,gas,Commercial,Houston,126.2,peak,M-2745,Tampered,Late,1
9101,105.64,electricity,Commercial,Seattle,305.51,off-peak,M-2202,Tampered,On-Time,1
9102,199.32,gas,Commercial,Miami,327,peak,M-7810,Tampered,Late,1
9103,12.35,gas,Residential,Boston,368.37,peak,M-2472,Tampered,On-Time,1
9104,213.89,electricity,Commercial,Houston,134.68,peak,M-2170,Tampered,On-Time,1
9105,220.53,gas,Commercial,Los Angeles,29.82,off-peak,M-3037,Normal,Late,1
9106,56.24,electricity,Commercial,Dallas,474.8,peak,M-8599,Normal,Late,0
9107,101.16,gas,Commercial,Boston,100.47,peak,M-4039,Normal,Late,0
9108,408.62,gas,Residential,Dallas,264.18,off-peak,M-2811,Normal,Late,0
9109,363.97,electricity,Residential,Seattle,104.47,peak,M-7808,Tampered,On-Time,1
9110,462.81,gas,Commercial,Boston,450.17,peak,M-6920,Tampered,On-Time,1
9111,187.54,gas,Commercial,Dallas,125.92,off-peak,M-8390,Normal,On-Time,0
9112,261.22,electricity,Residential,Seattle,80.55,peak,M-1554,Tampered,Late,1
9113,394.41,gas,Residential,Boston,446.5,peak,M-4297,Tampered,Late,1
9114,151.11,gas,Residential,Los Angeles,195.9,peak,M-5966,Tampered,Late,1
9115,355.85,gas,Residential,Dallas,496,peak,M-3025,Tampered,Late,1
9116,94.01,gas,Commercial,Boston,104.56,peak,M-7090,Normal,On-Time,0
9117,233.42,gas,Residential,Boston,37.02,peak,M-1720,Normal,On-Time,1
9118,7.15,electricity,Commercial,Houston,300.02,off-peak,M-1936,Normal,On-Time,0
9119,275.36,gas,Commercial,Boston,244.55,peak,M-3664,Normal,Late,0
9120,277.35,electricity,Residential,Houston,272.33,off-peak,M-4131,Tampered,Late,1
9121,93.17,gas,Commercial,New York,338.93,off-peak,M-9174,Tampered,On-Time,1
9122,469.45,electricity,Residential,Houston,44.17,peak,M-4290,Normal,On-Time,1
9123,193.12,electricity,Residential,Chicago,406.16,off-peak,M-7397,Normal,Late,0
9124,417.08,gas,Residential,Boston,244,peak,M-9364,Normal,On-Time,0
9125,189.54,electricity,Commercial,Houston,23.31,off-peak,M-1508,Tampered,Late,1
9126,220.17,gas,Residential,New York,275.2,peak,M-1765,Normal,Late,0
9127,310.96,gas,Commercial,Dallas,418.43,off-peak,M-6441,Normal,Late,0
9128,108.33,gas,Residential,Houston,16.22,peak,M-2143,Normal,Late,1
9129,189.29,electricity,Commercial,Seattle,476.45,off-peak,M-3801,Normal,On-Time,0
9130,180.96,electricity,Residential,Seattle,330.16,peak,M-6462,Tampered,Late,1
9131,231.12,electricity,Commercial,Los Angeles,109.18,peak,M-5309,Tampered,Late,1
9132,275.09,gas,Commercial,Los Angeles,202.74,off-peak,M-8484,Normal,On-Time,0
9133,437.35,gas,Commercial,Seattle,41.05,peak,M-9899,Normal,Late,1
9134,1.65,gas,Commercial,New York,331.88,off-peak,M-5866,Normal,On-Time,0
9135,162.27,electricity,Residential,New York,396.98,peak,M-1716,Tampered,Late,1
9136,68.67,gas,Residential,Boston,289.03,peak,M-4836,Normal,On-Time,0
9137,478.74,electricity,Commercial,Boston,178.59,off-peak,M-5872,Tampered,Late,1
9138,189.19,electricity,Residential,Boston,181.32,peak,M-9567,Tampered,On-Time,1
9139,290.29,gas,Residential,Miami,128.29,peak,M-6237,Tampered,On-Time,1
9140,358.21,electricity,Commercial,New York,424.56,peak,M-9497,Normal,On-Time,0
9141,206.32,gas,Commercial,Chicago,361.09,off-peak,M-9614,Normal,Late,0
9142,336.91,electricity,Residential,Houston,107.2,off-peak,M-4305,Tampered,On-Time,1
9143,402.04,electricity,Commercial,Miami,194.58,off-peak,M-5527,Normal,Late,1
9144,332.27,gas,Residential,Chicago,24.32,peak,M-5084,Tampered,On-Time,1
9145,436.06,gas,Commercial,Chicago,330.01,off-peak,M-3900,Tampered,Late,1
9146,448.56,gas,Residential,Houston,305.05,peak,M-5541,Tampered,On-Time,1
9147,84.71,electricity,Residential,Los Angeles,210.53,off-peak,M-8410,Normal,On-Time,0
9148,446.81,gas,Commercial,Chicago,253.43,off-peak,M-4178,Normal,On-Time,0
9149,251.4,electricity,Residential,Miami,189.45,peak,M-8205,Normal,Late,0
9150,408.36,gas,Residential,Seattle,66.14,off-peak,M-1131,Normal,Late,1
9151,480.14,gas,Commercial,Miami,405.33,off-peak,M-9955,Tampered,Late,1
9152,220.38,gas,Residential,Chicago,284.97,peak,M-2809,Normal,On-Time,0
9153,387.11,gas,Commercial,Boston,108.43,peak,M-4710,Tampered,Late,1
9154,180.23,gas,Commercial,Dallas,347.89,peak,M-3852,Normal,Late,0
9155,137.45,electricity,Commercial,New York,406.11,off-peak,M-1128,Normal,On-Time,0
9156,147.1,gas,Commercial,Boston,286.77,peak,M-5093,Normal,Late,0
9157,90.69,gas,Commercial,Seattle,386.07,peak,M-8045,Tampered,On-Time,1
9158,354.8,electricity,Commercial,Seattle,256.94,off-peak,M-4873,Normal,On-Time,0
9159,59.8,electricity,Residential,Dallas,286.95,peak,M-4057,Normal,On-Time,0
9160,261.27,gas,Residential,New York,185.47,off-peak,M-4030,Normal,Late,0
9161,121.34,gas,Residential,Chicago,4.73,off-peak,M-7759,Tampered,On-Time,1
9162,453.02,gas,Residential,Dallas,123.26,off-peak,M-9582,Tampered,Late,1
9163,130.05,electricity,Commercial,Dallas,489.39,off-peak,M-7965,Normal,Late,0
9164,499.24,electricity,Commercial,Miami,15.5,off-peak,M-6504,Normal,Late,1
9165,457.61,electricity,Residential,New York,199.81,off-peak,M-3154,Tampered,Late,1
9166,93.56,electricity,Residential,Miami,358.03,peak,M-7905,Normal,On-Time,0
9167,379.48,electricity,Residential,Seattle,489.77,peak,M-8853,Normal,Late,0
9168,209.69,gas,Residential,Houston,126.34,peak,M-8853,Tampered,Late,1
9169,320.66,gas,Commercial,Miami,369.33,off-peak,M-9045,Tampered,Late,1
9170,42.06,electricity,Commercial,Chicago,20.6,off-peak,M-6602,Normal,On-Time,1
9171,121.21,gas,Commercial,Chicago,347.77,off-peak,M-6626,Tampered,On-Time,1
9172,313.72,electricity,Residential,Dallas,66.19,off-peak,M-6027,Normal,On-Time,1
9173,324.06,electricity,Residential,New York,35.74,off-peak,M-8695,Tampered,On-Time,1
9174,227.22,electricity,Residential,Seattle,68.79,peak,M-2184,Normal,Late,1
9175,395.89,gas,Commercial,Dallas,37.97,off-peak,M-3182,Normal,Late,1
9176,411.22,gas,Commercial,New York,166.6,off-peak,M-8387,Normal,On-Time,1
9177,347.41,gas,Residential,Dallas,102.1,peak,M-5471,Tampered,Late,1
9178,99.94,gas,Commercial,Miami,268.18,off-peak,M-1305,Tampered,Late,1
9179,135.91,gas,Residential,Los Angeles,401.97,off-peak,M-9010,Tampered,On-Time,1
9180,1.16,electricity,Residential,Chicago,83.51,off-peak,M-5779,Tampered,On-Time,1
9181,454.62,electricity,Commercial,Los Angeles,400.98,peak,M-7659,Normal,Late,0
9182,473.98,electricity,Residential,Miami,102.15,off-peak,M-1496,Tampered,On-Time,1
9183,22.19,gas,Commercial,Seattle,115.76,peak,M-7591,Normal,Late,0
9184,487.99,electricity,Residential,Miami,105.21,peak,M-1235,Tampered,Late,1
9185,321.42,electricity,Residential,Houston,140.92,peak,M-1139,Tampered,Late,1
9186,464.43,electricity,Commercial,Houston,424.86,off-peak,M-4577,Tampered,Late,1
9187,36.88,electricity,Residential,Boston,89.27,off-peak,M-6100,Normal,Late,0
9188,435.14,electricity,Residential,Houston,474.14,off-peak,M-4877,Tampered,On-Time,1
9189,181.72,electricity,Residential,Miami,107.14,peak,M-1767,Tampered,Late,1
9190,88.6,electricity,Residential,Chicago,483.6,off-peak,M-2400,Normal,On-Time,0
9191,293.34,gas,Commercial,Boston,161.17,off-peak,M-5401,Tampered,Late,1
9192,200.68,gas,Residential,Dallas,12.4,off-peak,M-7807,Normal,On-Time,1
9193,241.56,gas,Residential,Houston,1.81,off-peak,M-5428,Normal,On-Time,1
9194,34.41,electricity,Residential,Dallas,419.35,peak,M-9051,Tampered,Late,1
9195,47.49,electricity,Residential,Dallas,142.54,peak,M-1460,Normal,On-Time,0
9196,32.14,gas,Residential,Seattle,274.48,peak,M-1655,Tampered,Late,1
9197,224.07,gas,Residential,Chicago,414.95,peak,M-8167,Tampered,On-Time,1
9198,120.83,gas,Commercial,Dallas,286.16,peak,M-6496,Tampered,On-Time,1
9199,113.47,gas,Commercial,Dallas,338.99,peak,M-9892,Normal,On-Time,0
9200,443.96,gas,Commercial,Dallas,325.29,peak,M-9171,Tampered,On-Time,1
9201,30.99,gas,Commercial,New York,9.39,off-peak,M-6676,Tampered,On-Time,1
9202,311.57,gas,Commercial,Chicago,237.13,off-peak,M-9534,Normal,Late,0
9203,119.08,electricity,Residential,Miami,141.17,off-peak,M-2234,Tampered,On-Time,1
9204,214.94,gas,Commercial,Chicago,164.76,peak,M-7277,Tampered,On-Time,1
9205,161.72,electricity,Commercial,Boston,209.54,peak,M-8679,Normal,Late,0
9206,56.4,electricity,Residential,Seattle,306.51,off-peak,M-5046,Normal,On-Time,0
9207,310.66,gas,Commercial,Chicago,123.9,off-peak,M-8925,Tampered,On-Time,1
9208,40.98,electricity,Residential,Miami,211.95,off-peak,M-2548,Tampered,Late,1
9209,98.33,electricity,Commercial,Seattle,74.58,off-peak,M-1816,Tampered,On-Time,1
9210,37.1,electricity,Commercial,Miami,98.16,peak,M-4915,Tampered,On-Time,1
9211,25.68,gas,Residential,Chicago,213.18,peak,M-2426,Normal,Late,0
9212,362.67,electricity,Residential,Dallas,370.38,off-peak,M-5178,Normal,Late,0
9213,328.02,electricity,Residential,Houston,405.09,peak,M-6557,Tampered,On-Time,1
9214,40.4,gas,Residential,Boston,405.81,peak,M-7074,Tampered,Late,1
9215,148.35,gas,Commercial,New York,378.68,off-peak,M-2405,Normal,On-Time,0
9216,272.13,electricity,Commercial,Miami,483.88,peak,M-6598,Tampered,Late,1
9217,386.74,gas,Residential,Dallas,114.34,peak,M-9814,Tampered,On-Time,1
9218,63.09,electricity,Residential,Boston,156.81,peak,M-3494,Tampered,Late,1
9219,272.98,gas,Commercial,Miami,432.3,off-peak,M-2852,Tampered,On-Time,1
9220,294.72,electricity,Commercial,Houston,481.24,peak,M-7968,Tampered,On-Time,1
9221,371.42,electricity,Commercial,Houston,445.67,peak,M-3158,Tampered,Late,1
9222,357.89,gas,Residential,Miami,312.98,off-peak,M-8845,Normal,Late,0
9223,442.58,electricity,Commercial,Seattle,240.86,off-peak,M-5138,Normal,On-Time,0
9224,392.63,electricity,Residential,Boston,468.72,off-peak,M-3274,Tampered,On-Time,1
9225,293.96,gas,Commercial,Houston,496.75,peak,M-4541,Normal,On-Time,0
9226,461.96,electricity,Residential,Houston,335.65,peak,M-5003,Tampered,Late,1
9227,30.4,gas,Residential,Boston,46.81,peak,M-1406,Tampered,On-Time,1
9228,497.38,gas,Residential,Los Angeles,142.26,peak,M-4933,Normal,On-Time,1
9229,220.81,electricity,Commercial,Houston,168.85,peak,M-6852,Normal,On-Time,0
9230,391.6,gas,Residential,Seattle,308.85,peak,M-7585,Tampered,On-Time,1
9231,262.94,electricity,Residential,New York,449.58,peak,M-7054,Normal,On-Time,0
9232,89.93,electricity,Commercial,Los Angeles,15.55,peak,M-6697,Tampered,Late,1
9233,435.58,electricity,Residential,Los Angeles,350.71,peak,M-7009,Tampered,On-Time,1
9234,284.9,electricity,Residential,Seattle,147.37,peak,M-5595,Tampered,On-Time,1
9235,51.59,electricity,Commercial,Seattle,136.61,off-peak,M-3246,Tampered,On-Time,1
9236,271.07,electricity,Residential,Miami,207.78,off-peak,M-4611,Normal,Late,0
9237,19.43,electricity,Commercial,Los Angeles,232.8,off-peak,M-6884,Tampered,Late,1
9238,168.13,electricity,Commercial,Seattle,417.85,off-peak,M-6931,Normal,On-Time,0
9239,219.69,electricity,Commercial,Houston,20.17,peak,M-9108,Normal,On-Time,1
9240,392.37,gas,Commercial,Dallas,122.11,peak,M-5037,Tampered,Late,1
9241,375.81,gas,Residential,Los Angeles,329.75,off-peak,M-5437,Normal,On-Time,0
9242,6.79,electricity,Residential,Los Angeles,27.18,peak,M-9338,Normal,On-Time,0
9243,191.56,gas,Residential,Miami,353.31,peak,M-1626,Normal,Late,0
9244,245.76,gas,Commercial,Chicago,375.45,peak,M-1659,Tampered,On-Time,1
9245,409.4,gas,Commercial,Boston,331.33,peak,M-8542,Tampered,Late,1
9246,44.91,electricity,Residential,Miami,305.87,off-peak,M-8755,Normal,On-Time,0
9247,363.52,gas,Residential,Chicago,212.96,peak,M-4553,Tampered,Late,1
9248,182.77,electricity,Commercial,Miami,122.92,off-peak,M-5971,Tampered,Late,1
9249,341.11,electricity,Residential,Los Angeles,109.83,off-peak,M-2602,Tampered,On-Time,1
9250,22.26,electricity,Commercial,Dallas,209.5,peak,M-5665,Tampered,Late,1
9251,423.7,electricity,Residential,Chicago,60.93,peak,M-3586,Normal,Late,1
9252,355.02,electricity,Commercial,Dallas,357.81,off-peak,M-6514,Tampered,Late,1
9253,431.17,electricity,Commercial,Seattle,246.33,peak,M-6992,Normal,Late,0
9254,414.74,electricity,Residential,Chicago,281.32,off-peak,M-6159,Tampered,On-Time,1
9255,397.34,gas,Residential,Seattle,116.02,peak,M-4286,Normal,On-Time,1
9256,228.08,gas,Residential,Miami,61.85,peak,M-1999,Tampered,On-Time,1
9257,276.3,electricity,Commercial,Seattle,15.94,peak,M-7550,Normal,On-Time,1
9258,99.17,gas,Residential,Chicago,204.15,peak,M-2099,Normal,On-Time,0
9259,94.75,gas,Residential,Dallas,292.86,peak,M-3210,Normal,On-Time,0
9260,87.63,gas,Residential,Boston,109.29,off-peak,M-1995,Tampered,On-Time,1
9261,214.29,gas,Residential,Dallas,69.55,off-peak,M-4803,Tampered,On-Time,1
9262,166.93,electricity,Commercial,Los Angeles,246.45,off-peak,M-6599,Normal,On-Time,0
9263,366.28,electricity,Residential,Boston,120.08,off-peak,M-6022,Tampered,On-Time,1
9264,233.88,gas,Commercial,Boston,432.13,peak,M-6451,Normal,On-Time,0
9265,207.87,electricity,Residential,Chicago,461.49,peak,M-1358,Normal,On-Time,0
9266,396.04,gas,Residential,New York,183.7,peak,M-7686,Tampered,Late,1
9267,369.37,gas,Commercial,Miami,314.28,peak,M-3452,Tampered,Late,1
9268,275.23,gas,Residential,Dallas,174.69,off-peak,M-9841,Tampered,On-Time,1
9269,79.41,gas,Residential,Dallas,481.82,peak,M-7610,Normal,Late,0
9270,107.55,electricity,Commercial,Miami,38.64,peak,M-8287,Normal,On-Time,1
9271,128.41,gas,Commercial,Dallas,62.38,off-peak,M-5814,Normal,On-Time,1
9272,464.84,gas,Commercial,Seattle,253.71,peak,M-3260,Tampered,Late,1
9273,31.29,electricity,Commercial,Boston,97.06,peak,M-7836,Tampered,On-Time,1
9274,484.73,gas,Residential,Chicago,388.69,off-peak,M-2584,Normal,Late,0
9275,115.16,electricity,Residential,Chicago,139.95,off-peak,M-8786,Tampered,On-Time,1
9276,185.78,gas,Residential,Los Angeles,432.45,peak,M-8225,Normal,Late,0
9277,81.23,electricity,Commercial,New York,182.5,peak,M-3173,Tampered,On-Time,1
9278,141.47,electricity,Residential,Houston,473.14,peak,M-8106,Normal,On-Time,0
9279,479.55,gas,Residential,Seattle,388.92,peak,M-5470,Normal,Late,0
9280,266.87,gas,Commercial,Boston,4.32,off-peak,M-8002,Tampered,Late,1
9281,296.08,electricity,Residential,Miami,196.4,peak,M-8757,Normal,Late,0
9282,99.44,electricity,Residential,Boston,80.37,off-peak,M-6480,Normal,On-Time,0
9283,491.4,electricity,Commercial,Seattle,27.2,peak,M-8286,Normal,Late,1
9284,3.39,gas,Commercial,Miami,189.57,peak,M-6577,Tampered,On-Time,1
9285,203.65,gas,Commercial,Dallas,378.88,off-peak,M-8244,Tampered,Late,1
9286,27.08,gas,Commercial,Boston,25.86,peak,M-1096,Normal,Late,0
9287,393.06,electricity,Commercial,Dallas,10.25,peak,M-7981,Tampered,Late,1
9288,459.35,gas,Commercial,Los Angeles,427.54,off-peak,M-9466,Tampered,On-Time,1
9289,412.22,electricity,Residential,Dallas,409.45,peak,M-1558,Normal,On-Time,0
9290,30.58,electricity,Commercial,Seattle,498.37,off-peak,M-4644,Tampered,On-Time,1
9291,225.29,gas,Commercial,Chicago,219.27,peak,M-1453,Tampered,On-Time,1
9292,73.74,electricity,Residential,Houston,55.46,peak,M-1431,Tampered,Late,1
9293,470.36,electricity,Commercial,Chicago,102.2,peak,M-3341,Tampered,Late,1
9294,463.64,electricity,Commercial,Los Angeles,489.1,off-peak,M-1429,Normal,On-Time,0
9295,411.88,electricity,Commercial,Chicago,264.31,off-peak,M-4858,Tampered,On-Time,1
9296,102.5,gas,Residential,Dallas,3.4,peak,M-7650,Tampered,Late,1
9297,238.31,gas,Commercial,Los Angeles,272.04,peak,M-7875,Tampered,Late,1
9298,286.54,electricity,Residential,Boston,139.44,off-peak,M-9089,Tampered,On-Time,1
9299,269.13,gas,Commercial,Los Angeles,393.16,peak,M-4069,Tampered,On-Time,1
9300,493.95,gas,Commercial,Dallas,283.53,off-peak,M-2714,Normal,Late,0
9301,182.99,electricity,Residential,Los Angeles,492.88,peak,M-8852,Normal,Late,0
9302,212.66,gas,Residential,Miami,191.47,peak,M-3690,Tampered,On-Time,1
9303,331.86,electricity,Residential,Boston,357.5,off-peak,M-2990,Tampered,Late,1
9304,309.57,gas,Commercial,Miami,269.23,off-peak,M-4497,Normal,On-Time,0
9305,148.31,gas,Residential,Dallas,19.48,peak,M-1660,Tampered,On-Time,1
9306,314.22,gas,Commercial,Los Angeles,393.43,peak,M-3961,Normal,On-Time,0
9307,260.31,electricity,Residential,Miami,81.69,off-peak,M-4826,Tampered,On-Time,1
9308,212.67,gas,Residential,New York,459.22,peak,M-3569,Tampered,On-Time,1
9309,13.54,electricity,Residential,Miami,4.17,peak,M-1441,Normal,On-Time,1
9310,88.77,electricity,Commercial,Houston,161.47,peak,M-2705,Tampered,On-Time,1
9311,154.45,electricity,Residential,Miami,194.67,peak,M-5494,Tampered,Late,1
9312,155.02,gas,Commercial,Los Angeles,370.87,peak,M-1106,Tampered,On-Time,1
9313,256.14,gas,Commercial,Chicago,436.93,off-peak,M-6632,Tampered,On-Time,1
9314,288.34,gas,Commercial,Dallas,13.08,peak,M-9308,Tampered,On-Time,1
9315,186.16,gas,Residential,New York,494.13,off-peak,M-6410,Tampered,Late,1
9316,43.25,gas,Residential,Houston,342.15,off-peak,M-8028,Normal,On-Time,0
9317,94.65,gas,Residential,Miami,38.32,off-peak,M-6562,Normal,On-Time,1
9318,22.63,gas,Residential,Chicago,191.93,off-peak,M-4194,Tampered,On-Time,1
9319,448.09,gas,Residential,Los Angeles,218.03,peak,M-7495,Tampered,Late,1
9320,313.62,electricity,Residential,New York,65.09,off-peak,M-5062,Normal,On-Time,1
9321,138.42,gas,Residential,New York,462.56,off-peak,M-3978,Normal,On-Time,0
9322,168.37,electricity,Commercial,New York,140.67,off-peak,M-1020,Normal,Late,0
9323,105.32,electricity,Residential,Seattle,109.53,off-peak,M-7123,Normal,Late,0
9324,114.28,gas,Residential,Boston,235.79,off-peak,M-5755,Tampered,Late,1
9325,389,electricity,Commercial,Houston,336.95,off-peak,M-5571,Normal,Late,0
9326,281.29,gas,Residential,Miami,240.39,peak,M-4347,Normal,Late,0
9327,165.45,gas,Residential,Miami,255.22,peak,M-7274,Normal,On-Time,0
9328,83.96,electricity,Commercial,Miami,121.42,peak,M-7466,Tampered,Late,1
9329,339.16,electricity,Commercial,Chicago,145.45,peak,M-4703,Tampered,On-Time,1
9330,140.93,electricity,Residential,Chicago,26.85,peak,M-7834,Tampered,Late,1
9331,298.82,gas,Commercial,Boston,494.28,peak,M-2889,Normal,On-Time,0
9332,259.68,gas,Residential,Houston,373.55,off-peak,M-5326,Normal,Late,0
9333,61.53,electricity,Commercial,New York,284.92,off-peak,M-7053,Tampered,On-Time,1
9334,241.49,electricity,Residential,Boston,319.16,off-peak,M-3146,Tampered,On-Time,1
9335,462.64,electricity,Commercial,Chicago,217.37,peak,M-6089,Tampered,On-Time,1
9336,352.39,electricity,Commercial,Los Angeles,130.39,off-peak,M-8386,Tampered,On-Time,1
9337,35.83,electricity,Residential,Seattle,66.59,off-peak,M-6598,Tampered,On-Time,1
9338,402.16,electricity,Residential,Dallas,137.7,peak,M-8375,Tampered,Late,1
9339,438.6,electricity,Commercial,Los Angeles,300.84,off-peak,M-3021,Tampered,Late,1
9340,378.49,gas,Commercial,Miami,15.33,off-peak,M-6122,Tampered,Late,1
9341,343.49,electricity,Residential,Houston,269.9,off-peak,M-8445,Normal,Late,0
9342,93.57,electricity,Commercial,Dallas,247.04,off-peak,M-4426,Tampered,Late,1
9343,328.27,electricity,Residential,Miami,259.75,peak,M-9405,Normal,Late,0
9344,432.5,electricity,Commercial,New York,428.98,off-peak,M-2901,Tampered,Late,1
9345,74.79,gas,Residential,Los Angeles,58.33,off-peak,M-1129,Tampered,On-Time,1
9346,204.41,gas,Commercial,New York,473.7,off-peak,M-6277,Normal,Late,0
9347,156.74,gas,Residential,Chicago,216.37,off-peak,M-2693,Tampered,On-Time,1
9348,75.21,electricity,Residential,Boston,69.41,off-peak,M-2338,Tampered,On-Time,1
9349,433.17,electricity,Commercial,Seattle,35.31,off-peak,M-8990,Normal,On-Time,1
9350,58.22,gas,Commercial,Seattle,35.31,peak,M-3385,Normal,On-Time,0
9351,128.08,electricity,Residential,New York,215.31,peak,M-8811,Tampered,On-Time,1
9352,343.86,gas,Commercial,Dallas,83.73,off-peak,M-5304,Normal,Late,1
9353,130.63,gas,Commercial,Dallas,28.16,peak,M-5941,Normal,Late,1
9354,378.28,gas,Residential,Dallas,120.87,peak,M-3808,Tampered,On-Time,1
9355,271.15,gas,Residential,Miami,59.24,peak,M-9749,Tampered,Late,1
9356,410.55,gas,Commercial,Chicago,18.51,peak,M-7797,Tampered,On-Time,1
9357,300.32,electricity,Commercial,Seattle,441.88,peak,M-5603,Normal,On-Time,0
9358,480.41,electricity,Residential,Dallas,388.56,peak,M-3630,Normal,On-Time,0
9359,144.29,gas,Residential,Chicago,414.74,off-peak,M-9453,Tampered,Late,1
9360,114.12,electricity,Commercial,New York,91.21,off-peak,M-5922,Normal,Late,0
9361,440.32,gas,Commercial,Chicago,28.13,off-peak,M-8073,Tampered,On-Time,1
9362,301.45,gas,Residential,Miami,72.66,off-peak,M-1862,Tampered,Late,1
9363,387.61,gas,Residential,Chicago,8.77,peak,M-1368,Tampered,Late,1
9364,395,electricity,Residential,Chicago,124.4,off-peak,M-8967,Normal,Late,1
9365,144.11,gas,Residential,New York,270.84,peak,M-5514,Normal,On-Time,0
9366,235.18,electricity,Commercial,Chicago,196.61,off-peak,M-2215,Normal,On-Time,0
9367,217.6,electricity,Residential,Los Angeles,465.88,peak,M-3913,Normal,Late,0
9368,13.15,gas,Commercial,Dallas,352.11,off-peak,M-1654,Normal,Late,0
9369,204.61,gas,Residential,New York,471.88,peak,M-1991,Tampered,On-Time,1
9370,231.54,electricity,Commercial,Dallas,414.06,peak,M-9712,Tampered,On-Time,1
9371,274.87,gas,Residential,Miami,75.24,peak,M-8352,Tampered,On-Time,1
9372,167.93,electricity,Residential,Chicago,233.93,off-peak,M-1807,Tampered,Late,1
9373,269.48,gas,Commercial,Houston,342.84,peak,M-3561,Normal,Late,0
9374,157.41,gas,Commercial,Dallas,178.56,peak,M-3721,Tampered,On-Time,1
9375,497.36,electricity,Commercial,Houston,246.2,off-peak,M-9710,Tampered,Late,1
9376,312.4,gas,Commercial,Houston,451.35,peak,M-9739,Tampered,On-Time,1
9377,251.19,electricity,Residential,Boston,464.32,peak,M-8388,Tampered,On-Time,1
9378,153.49,electricity,Commercial,Houston,178.85,off-peak,M-6311,Normal,On-Time,0
9379,483.63,electricity,Residential,Boston,406.1,peak,M-6194,Normal,Late,0
9380,92.04,gas,Residential,New York,105.92,peak,M-3669,Tampered,Late,1
9381,439.96,gas,Commercial,New York,326.66,off-peak,M-6430,Normal,On-Time,0
9382,106.51,electricity,Commercial,Dallas,183.65,peak,M-8769,Tampered,Late,1
9383,209.98,electricity,Residential,Boston,400.11,peak,M-3229,Normal,Late,0
9384,289.85,gas,Residential,Seattle,226.37,peak,M-2759,Normal,Late,0
9385,235.77,electricity,Commercial,Chicago,249.67,peak,M-5802,Tampered,Late,1
9386,389.08,gas,Commercial,Chicago,53.77,peak,M-2453,Tampered,Late,1
9387,41.51,electricity,Residential,Houston,382.96,peak,M-7850,Tampered,On-Time,1
9388,145.96,gas,Residential,Houston,374.8,peak,M-3809,Normal,On-Time,0
9389,187.14,gas,Residential,Boston,469.67,off-peak,M-1270,Tampered,On-Time,1
9390,28.58,electricity,Residential,Boston,244.41,peak,M-5567,Normal,On-Time,0
9391,450.68,electricity,Residential,New York,411.17,off-peak,M-6881,Tampered,On-Time,1
9392,351.95,gas,Residential,Chicago,238.96,peak,M-8900,Tampered,On-Time,1
9393,23.82,gas,Residential,Los Angeles,125.36,off-peak,M-6001,Normal,On-Time,0
9394,431.19,electricity,Residential,Chicago,324,off-peak,M-2283,Normal,Late,0
9395,477.49,electricity,Residential,Chicago,320.92,peak,M-5686,Normal,Late,0
9396,343.59,gas,Commercial,Los Angeles,154.27,off-peak,M-7794,Normal,On-Time,1
9397,103,electricity,Commercial,Miami,471.28,peak,M-5221,Tampered,On-Time,1
9398,444.43,gas,Residential,Houston,243.31,off-peak,M-9556,Tampered,On-Time,1
9399,442.48,electricity,Residential,Los Angeles,69.05,off-peak,M-6136,Normal,On-Time,1
9400,56.55,gas,Residential,Boston,271.54,off-peak,M-8751,Tampered,Late,1
9401,291.67,gas,Commercial,Boston,475.06,peak,M-1286,Tampered,Late,1
9402,74.42,electricity,Residential,New York,466.43,peak,M-8740,Normal,Late,0
9403,345.17,gas,Residential,Houston,498.11,off-peak,M-2576,Tampered,On-Time,1
9404,85.51,electricity,Residential,Houston,17.35,off-peak,M-9004,Normal,On-Time,1
9405,135.26,gas,Commercial,Boston,373.93,off-peak,M-3268,Tampered,On-Time,1
9406,419.86,gas,Commercial,Boston,235.86,peak,M-3148,Normal,Late,0
9407,87.32,gas,Residential,Houston,447.9,peak,M-7729,Tampered,Late,1
9408,430.32,electricity,Residential,New York,29.4,off-peak,M-3081,Tampered,Late,1
9409,397.9,electricity,Residential,Chicago,475.29,off-peak,M-4060,Normal,On-Time,0
9410,90.77,electricity,Residential,Boston,129.24,peak,M-2658,Tampered,Late,1
9411,213.36,gas,Commercial,Boston,378.64,peak,M-2584,Normal,On-Time,0
9412,75.79,gas,Commercial,Chicago,204.24,off-peak,M-2972,Normal,Late,0
9413,202.56,gas,Residential,Dallas,498.67,off-peak,M-5555,Tampered,On-Time,1
9414,403.8,gas,Residential,Seattle,176.01,off-peak,M-6077,Normal,Late,1
9415,341.73,gas,Commercial,Dallas,143.26,peak,M-4294,Tampered,Late,1
9416,41.25,gas,Residential,Chicago,281.46,peak,M-3932,Normal,Late,0
9417,349.33,gas,Residential,Boston,31.85,peak,M-5404,Tampered,Late,1
9418,295.51,gas,Commercial,Miami,354.95,off-peak,M-1241,Tampered,Late,1
9419,75.37,electricity,Commercial,Chicago,351.64,off-peak,M-8681,Normal,Late,0
9420,432.39,electricity,Residential,Houston,347.76,peak,M-6042,Normal,On-Time,0
9421,318.09,gas,Residential,Seattle,431.03,peak,M-7894,Normal,On-Time,0
9422,436.04,gas,Commercial,Houston,224.9,peak,M-7585,Tampered,Late,1
9423,2.34,electricity,Residential,Miami,125.63,off-peak,M-3057,Normal,On-Time,0
9424,382.31,gas,Residential,Seattle,46.56,peak,M-9351,Tampered,On-Time,1
9425,437.19,gas,Commercial,New York,15.03,off-peak,M-3650,Normal,Late,1
9426,168.06,electricity,Commercial,Los Angeles,73.58,peak,M-2969,Normal,Late,1
9427,200.16,electricity,Commercial,Houston,357.45,off-peak,M-9172,Normal,Late,0
9428,426.51,electricity,Commercial,Chicago,442.57,peak,M-3538,Tampered,Late,1
9429,394.48,gas,Residential,New York,322.44,peak,M-2289,Normal,Late,0
9430,41.46,electricity,Commercial,Miami,161.62,peak,M-5650,Tampered,On-Time,1
9431,296.2,gas,Commercial,Dallas,19.79,peak,M-7861,Normal,Late,1
9432,129.75,electricity,Residential,Seattle,369.34,peak,M-7116,Tampered,On-Time,1
9433,373.81,electricity,Residential,Chicago,315.92,peak,M-3829,Normal,On-Time,0
9434,178.58,gas,Residential,Miami,120.41,peak,M-7501,Normal,On-Time,0
9435,474.82,electricity,Commercial,Houston,78.97,peak,M-1409,Tampered,On-Time,1
9436,257.68,gas,Commercial,Houston,391.03,peak,M-3713,Tampered,On-Time,1
9437,374.62,gas,Commercial,Seattle,499.29,off-peak,M-2791,Normal,Late,0
9438,110.65,electricity,Commercial,Boston,331.28,peak,M-8645,Tampered,On-Time,1
9439,228.94,gas,Commercial,Houston,466.84,off-peak,M-3092,Normal,On-Time,0
9440,96.09,gas,Residential,Miami,281.62,off-peak,M-5299,Tampered,Late,1
9441,427.3,gas,Residential,Dallas,400.78,off-peak,M-1265,Tampered,Late,1
9442,244.72,gas,Commercial,New York,233.68,off-peak,M-4757,Tampered,On-Time,1
9443,494.38,electricity,Commercial,Seattle,247.74,peak,M-1148,Tampered,On-Time,1
9444,36.12,electricity,Residential,Seattle,185.47,peak,M-3565,Normal,Late,0
9445,121.14,electricity,Commercial,Seattle,356.9,peak,M-3420,Tampered,On-Time,1
9446,317.39,gas,Commercial,Chicago,127.54,peak,M-5143,Normal,Late,1
9447,382.42,gas,Residential,Boston,317.46,off-peak,M-4668,Tampered,Late,1
9448,272.19,electricity,Residential,Seattle,35.09,peak,M-5089,Normal,Late,1
9449,61.02,electricity,Commercial,Houston,333.83,peak,M-8755,Tampered,On-Time,1
9450,479.79,electricity,Commercial,New York,329.96,peak,M-5165,Tampered,On-Time,1
9451,85.77,electricity,Commercial,Chicago,429.58,peak,M-4758,Tampered,Late,1
9452,160.95,electricity,Residential,Miami,358.28,off-peak,M-1349,Normal,On-Time,0
9453,486.03,gas,Residential,Chicago,399.79,off-peak,M-1494,Tampered,Late,1
9454,192.95,electricity,Commercial,Houston,264.95,off-peak,M-6345,Normal,On-Time,0
9455,11.11,gas,Commercial,Dallas,495.49,peak,M-7205,Normal,On-Time,0
9456,277.35,electricity,Commercial,Seattle,86.14,off-peak,M-1986,Tampered,On-Time,1
9457,150.05,gas,Commercial,Dallas,128.6,peak,M-5742,Normal,Late,0
9458,279.98,gas,Commercial,Houston,258,peak,M-6026,Tampered,On-Time,1
9459,284.68,electricity,Residential,Boston,93.97,off-peak,M-9149,Normal,On-Time,1
9460,213.86,gas,Commercial,Chicago,350.08,off-peak,M-8951,Normal,Late,0
9461,192.54,gas,Residential,Houston,157.21,off-peak,M-4039,Tampered,On-Time,1
9462,409.92,electricity,Residential,Chicago,213.82,peak,M-2244,Normal,On-Time,0
9463,327.08,electricity,Residential,Los Angeles,256.9,off-peak,M-3002,Tampered,On-Time,1
9464,40.64,electricity,Commercial,Miami,377.44,peak,M-2736,Normal,Late,0
9465,483.5,gas,Residential,Los Angeles,421.88,off-peak,M-8586,Tampered,On-Time,1
9466,266.52,gas,Residential,Chicago,331.53,peak,M-1427,Tampered,Late,1
9467,15.64,electricity,Residential,New York,412.29,peak,M-4539,Normal,On-Time,0
9468,459.93,electricity,Residential,Miami,283.77,peak,M-2580,Normal,Late,0
9469,345.1,electricity,Commercial,Chicago,109.88,peak,M-1921,Normal,On-Time,1
9470,188.64,gas,Residential,Seattle,387.86,peak,M-6434,Tampered,Late,1
9471,302.61,gas,Residential,Los Angeles,429.64,peak,M-8216,Tampered,Late,1
9472,340.58,electricity,Residential,Seattle,348.48,off-peak,M-5959,Normal,On-Time,0
9473,424.63,gas,Residential,Miami,251.37,off-peak,M-2531,Normal,On-Time,0
9474,143.21,gas,Residential,Miami,325.1,peak,M-2188,Normal,Late,0
9475,252.98,gas,Commercial,Los Angeles,381.6,peak,M-9621,Normal,Late,0
9476,73.25,gas,Commercial,Seattle,286.81,peak,M-6694,Tampered,Late,1
9477,216.45,electricity,Commercial,Seattle,270.16,peak,M-9793,Normal,Late,0
9478,166.04,gas,Commercial,Los Angeles,29.07,off-peak,M-1893,Normal,On-Time,1
9479,327.91,electricity,Residential,Chicago,396.77,off-peak,M-4083,Tampered,On-Time,1
9480,97.65,electricity,Commercial,Chicago,222.58,peak,M-7200,Normal,Late,0
9481,469.51,gas,Commercial,Boston,286.82,peak,M-8282,Normal,Late,0
9482,44.61,gas,Commercial,Dallas,483.57,off-peak,M-8129,Tampered,Late,1
9483,318.35,electricity,Commercial,Miami,109.97,peak,M-1079,Tampered,On-Time,1
9484,12.56,gas,Residential,Miami,159.37,peak,M-6641,Normal,On-Time,0
9485,101.31,gas,Residential,Seattle,122.61,peak,M-7032,Tampered,Late,1
9486,188.6,gas,Commercial,Miami,73.68,off-peak,M-1364,Tampered,Late,1
9487,338.71,electricity,Residential,Seattle,188.73,peak,M-6287,Normal,Late,0
9488,336.28,gas,Commercial,Dallas,6.14,peak,M-9527,Normal,Late,1
9489,363.25,electricity,Residential,New York,133.44,off-peak,M-8712,Tampered,Late,1
9490,10.08,electricity,Commercial,Los Angeles,170.68,peak,M-8628,Normal,On-Time,0
9491,419.5,gas,Commercial,Los Angeles,134.28,off-peak,M-5823,Tampered,Late,1
9492,385.09,gas,Residential,Houston,173.12,off-peak,M-1576,Tampered,On-Time,1
9493,312.14,electricity,Commercial,Boston,195.08,peak,M-1199,Tampered,On-Time,1
9494,343.43,electricity,Residential,Chicago,220.69,peak,M-8435,Tampered,On-Time,1
9495,13.34,electricity,Residential,New York,427.48,peak,M-4762,Normal,Late,0
9496,86.62,gas,Residential,Los Angeles,145.07,peak,M-3651,Tampered,Late,1
9497,452.81,electricity,Commercial,Chicago,298.36,peak,M-3389,Tampered,Late,1
9498,14.69,electricity,Residential,Houston,411.99,off-peak,M-3494,Tampered,Late,1
9499,125.93,electricity,Residential,Boston,353.88,off-peak,M-8906,Tampered,Late,1
9500,466.95,gas,Residential,Houston,176.67,peak,M-4461,Tampered,On-Time,1
9501,174.15,gas,Residential,Miami,84.84,peak,M-1861,Tampered,On-Time,1
9502,182.24,electricity,Commercial,Seattle,31.14,peak,M-9903,Normal,On-Time,1
9503,255.37,electricity,Commercial,Chicago,219.92,peak,M-8836,Tampered,On-Time,1
9504,378.31,gas,Commercial,New York,243.09,off-peak,M-2348,Tampered,On-Time,1
9505,27.31,electricity,Commercial,Seattle,83.09,peak,M-6932,Normal,Late,0
9506,466.69,gas,Commercial,Houston,90.87,peak,M-1758,Normal,Late,1
9507,233.12,electricity,Commercial,Dallas,0.65,peak,M-5878,Tampered,Late,1
9508,417.73,electricity,Residential,Houston,369.9,off-peak,M-2750,Normal,Late,0
9509,128.8,gas,Residential,Dallas,433.15,peak,M-7945,Tampered,On-Time,1
9510,378.93,gas,Residential,Seattle,373.08,peak,M-6345,Tampered,On-Time,1
9511,8.51,electricity,Residential,Dallas,392.11,off-peak,M-3471,Normal,On-Time,0
9512,123.54,gas,Commercial,Houston,143.02,off-peak,M-8611,Tampered,On-Time,1
9513,208.51,electricity,Commercial,Los Angeles,227.89,off-peak,M-4598,Tampered,Late,1
9514,430.25,gas,Residential,Los Angeles,375.94,off-peak,M-9418,Normal,On-Time,0
9515,460.78,gas,Residential,New York,234.27,peak,M-1126,Normal,Late,0
9516,22.5,electricity,Commercial,Chicago,300.92,off-peak,M-6690,Normal,On-Time,0
9517,187.76,gas,Commercial,Los Angeles,43.27,peak,M-2331,Tampered,On-Time,1
9518,148.58,electricity,Residential,Dallas,18.09,peak,M-4813,Normal,Late,1
9519,261.23,electricity,Commercial,Boston,39.62,off-peak,M-2077,Tampered,On-Time,1
9520,117.88,gas,Commercial,Miami,255.41,peak,M-5321,Tampered,Late,1
9521,481.66,electricity,Residential,Miami,90.73,off-peak,M-6968,Normal,Late,1
9522,449.91,electricity,Residential,Chicago,290.36,peak,M-4770,Normal,Late,0
9523,316.44,electricity,Commercial,Boston,361.98,off-peak,M-5574,Tampered,On-Time,1
9524,125.8,electricity,Residential,Los Angeles,499.47,peak,M-5925,Tampered,On-Time,1
9525,266.68,gas,Residential,Seattle,80.99,off-peak,M-7442,Tampered,On-Time,1
9526,454.22,electricity,Commercial,Miami,339.83,peak,M-5834,Tampered,On-Time,1
9527,207.73,gas,Commercial,Los Angeles,54.65,peak,M-6292,Normal,Late,1
9528,118.53,gas,Residential,Boston,472.26,off-peak,M-8966,Normal,On-Time,0
9529,113.02,gas,Commercial,Houston,367.36,off-peak,M-5730,Tampered,On-Time,1
9530,307.01,electricity,Residential,Seattle,455.8,peak,M-2085,Tampered,On-Time,1
9531,277.87,gas,Residential,New York,401.6,off-peak,M-1675,Tampered,Late,1
9532,306.38,electricity,Residential,Miami,390.12,peak,M-8368,Normal,Late,0
9533,476.28,gas,Commercial,Los Angeles,313.73,peak,M-8939,Tampered,On-Time,1
9534,161.26,electricity,Commercial,Miami,346.77,off-peak,M-9906,Normal,On-Time,0
9535,488.67,gas,Residential,Dallas,96.76,peak,M-7044,Normal,On-Time,1
9536,486.45,gas,Residential,Chicago,255.73,peak,M-8351,Tampered,Late,1
9537,217.8,gas,Residential,Seattle,181.95,off-peak,M-5998,Tampered,On-Time,1
9538,243.8,electricity,Residential,Los Angeles,222.73,peak,M-7091,Tampered,Late,1
9539,171.75,electricity,Commercial,Miami,282.43,off-peak,M-2930,Normal,On-Time,0
9540,191.6,gas,Residential,Dallas,200.19,peak,M-4826,Tampered,On-Time,1
9541,427.59,electricity,Commercial,Los Angeles,388.15,peak,M-7072,Tampered,On-Time,1
9542,491.36,electricity,Commercial,Seattle,24.6,off-peak,M-6204,Tampered,Late,1
9543,265.15,electricity,Residential,Miami,307.64,off-peak,M-2809,Tampered,On-Time,1
9544,99.33,gas,Residential,New York,196.1,off-peak,M-5918,Tampered,On-Time,1
9545,481.22,gas,Residential,Chicago,464.15,off-peak,M-5218,Normal,On-Time,0
9546,141.48,electricity,Residential,Los Angeles,439.33,peak,M-5525,Tampered,On-Time,1
9547,281.82,electricity,Commercial,Houston,477.43,off-peak,M-6013,Normal,Late,0
9548,100.39,gas,Residential,New York,346.72,off-peak,M-2732,Tampered,On-Time,1
9549,452.03,gas,Commercial,Dallas,37.94,peak,M-1891,Normal,Late,1
9550,158.4,electricity,Residential,Los Angeles,307.33,off-peak,M-9116,Tampered,On-Time,1
9551,0.01,electricity,Commercial,New York,306.83,off-peak,M-8851,Normal,Late,0
9552,387.91,electricity,Residential,New York,275.52,peak,M-5140,Normal,Late,0
9553,97.54,gas,Residential,Boston,140.06,peak,M-8225,Normal,On-Time,0
9554,45.39,electricity,Commercial,Seattle,361.23,peak,M-1300,Normal,Late,0
9555,67.99,electricity,Residential,Boston,391.51,peak,M-8283,Normal,Late,0
9556,162.55,electricity,Commercial,Los Angeles,222.71,peak,M-4077,Tampered,Late,1
9557,37.2,electricity,Commercial,Chicago,140.53,peak,M-1268,Normal,On-Time,0
9558,462.04,electricity,Commercial,Los Angeles,407.32,peak,M-4344,Normal,Late,0
9559,8.66,gas,Commercial,Miami,289.96,off-peak,M-2665,Normal,On-Time,0
9560,180.57,electricity,Residential,Miami,322.25,off-peak,M-1059,Tampered,On-Time,1
9561,207.17,electricity,Residential,Boston,129.23,off-peak,M-3730,Normal,Late,0
9562,409.35,gas,Commercial,Miami,89.72,peak,M-1852,Normal,Late,1
9563,243.07,gas,Commercial,Boston,41.81,peak,M-9475,Tampered,On-Time,1
9564,344.92,electricity,Residential,Los Angeles,59.05,peak,M-8225,Normal,Late,1
9565,106.08,gas,Commercial,Seattle,454,peak,M-5806,Tampered,On-Time,1
9566,15.13,gas,Residential,Los Angeles,74.07,peak,M-2486,Tampered,On-Time,1
9567,277.2,electricity,Commercial,Miami,191.15,off-peak,M-5105,Tampered,Late,1
9568,499.74,electricity,Commercial,Chicago,457.87,peak,M-2579,Normal,On-Time,0
9569,362.6,gas,Residential,Houston,314.28,off-peak,M-2479,Tampered,Late,1
9570,371.86,gas,Residential,Boston,51.33,peak,M-1167,Tampered,Late,1
9571,220.81,gas,Residential,Boston,120.88,peak,M-8085,Normal,Late,0
9572,178.01,gas,Residential,Seattle,136.19,peak,M-4803,Normal,On-Time,0
9573,135.93,electricity,Residential,Los Angeles,65,peak,M-8663,Normal,On-Time,1
9574,461.43,gas,Residential,Seattle,219.51,off-peak,M-1824,Tampered,Late,1
9575,103.59,gas,Residential,Houston,36.87,peak,M-2432,Normal,On-Time,1
9576,398.37,gas,Commercial,New York,314.49,off-peak,M-1507,Normal,Late,0
9577,1.9,gas,Residential,Seattle,440.74,off-peak,M-3956,Normal,On-Time,0
9578,193.97,gas,Residential,Los Angeles,463.46,peak,M-9745,Normal,Late,0
9579,189.55,electricity,Residential,Miami,338.11,peak,M-5085,Tampered,On-Time,1
9580,365.84,electricity,Residential,Dallas,389.78,off-peak,M-1310,Tampered,Late,1
9581,466.46,gas,Residential,New York,78.52,off-peak,M-4973,Normal,On-Time,1
9582,456.45,electricity,Commercial,Los Angeles,427.14,peak,M-5077,Normal,Late,0
9583,106.74,electricity,Commercial,New York,37.76,off-peak,M-1316,Tampered,On-Time,1
9584,19.04,gas,Residential,Boston,17.56,peak,M-9588,Normal,Late,0
9585,363.39,electricity,Residential,Boston,62.49,peak,M-3053,Normal,On-Time,1
9586,379.39,electricity,Commercial,Los Angeles,188.91,off-peak,M-2168,Tampered,On-Time,1
9587,13.96,electricity,Commercial,Boston,182.46,off-peak,M-5845,Tampered,Late,1
9588,216.31,electricity,Commercial,Houston,127.5,peak,M-2853,Tampered,Late,1
9589,160.05,electricity,Residential,Boston,411.27,off-peak,M-9220,Tampered,Late,1
9590,424.63,electricity,Residential,Chicago,210.22,off-peak,M-8513,Tampered,On-Time,1
9591,345.91,electricity,Residential,New York,469.66,off-peak,M-3911,Normal,Late,0
9592,44.09,gas,Residential,Los Angeles,98.84,peak,M-4351,Tampered,On-Time,1
9593,324.12,gas,Commercial,Los Angeles,429.78,peak,M-2617,Normal,On-Time,0
9594,345.37,electricity,Residential,Houston,202.83,off-peak,M-3424,Tampered,On-Time,1
9595,273.59,electricity,Residential,Houston,495.85,off-peak,M-5176,Tampered,On-Time,1
9596,441.03,gas,Commercial,Dallas,108.73,peak,M-3811,Tampered,Late,1
9597,301,electricity,Commercial,Dallas,198.88,peak,M-1497,Tampered,Late,1
9598,127.48,electricity,Residential,Miami,462.32,off-peak,M-1013,Normal,On-Time,0
9599,159.52,gas,Residential,Chicago,388.22,off-peak,M-3668,Tampered,On-Time,1
9600,401.55,electricity,Commercial,Houston,59.42,peak,M-2297,Tampered,On-Time,1
9601,270.07,gas,Residential,Houston,28.74,off-peak,M-3366,Normal,Late,1
9602,282.19,gas,Commercial,New York,49.3,peak,M-7175,Tampered,Late,1
9603,399.37,gas,Commercial,Dallas,468.21,off-peak,M-7545,Tampered,Late,1
9604,8.36,electricity,Residential,Boston,5.06,off-peak,M-5727,Tampered,Late,1
9605,398.01,electricity,Commercial,Miami,129.21,peak,M-6145,Normal,On-Time,1
9606,61.53,gas,Commercial,Boston,325.05,peak,M-2924,Normal,Late,0
9607,26.79,electricity,Commercial,Houston,215.2,off-peak,M-8413,Normal,Late,0
9608,177.26,gas,Residential,Houston,268.28,peak,M-2988,Tampered,On-Time,1
9609,470.27,electricity,Commercial,Dallas,380.4,off-peak,M-1594,Normal,On-Time,0
9610,479.18,electricity,Residential,Dallas,232,peak,M-2729,Normal,Late,1
9611,62.06,electricity,Commercial,Seattle,356.15,peak,M-6275,Normal,On-Time,0
9612,119.54,electricity,Residential,New York,453.63,peak,M-6493,Tampered,On-Time,1
9613,361.83,electricity,Residential,Chicago,80.76,off-peak,M-7931,Tampered,Late,1
9614,57.15,gas,Residential,Boston,199.78,off-peak,M-1957,Tampered,On-Time,1
9615,392.68,electricity,Residential,Houston,57.6,off-peak,M-8145,Normal,Late,1
9616,183.73,electricity,Residential,Seattle,324.93,peak,M-4441,Normal,On-Time,0
9617,133.03,electricity,Residential,New York,104.69,peak,M-2862,Tampered,Late,1
9618,223.32,gas,Commercial,Miami,348.06,off-peak,M-8359,Normal,On-Time,0
9619,286.72,gas,Commercial,Miami,214.77,off-peak,M-6524,Tampered,On-Time,1
9620,70.49,gas,Residential,New York,327.81,off-peak,M-1870,Tampered,On-Time,1
9621,98.02,electricity,Residential,Dallas,127.48,off-peak,M-9750,Tampered,Late,1
9622,72.7,gas,Residential,Houston,265.26,peak,M-2385,Tampered,Late,1
9623,4.26,gas,Commercial,New York,54.84,off-peak,M-2403,Normal,On-Time,0
9624,348.25,gas,Residential,Dallas,36.32,peak,M-6886,Tampered,On-Time,1
9625,164.14,gas,Residential,New York,342.64,off-peak,M-9448,Tampered,Late,1
9626,293.56,electricity,Commercial,Miami,276.86,off-peak,M-9252,Normal,Late,0
9627,444.98,electricity,Residential,Miami,3.99,off-peak,M-2928,Tampered,Late,1
9628,469,gas,Residential,Los Angeles,165.65,peak,M-7673,Normal,Late,1
9629,184.54,electricity,Residential,Houston,275.62,peak,M-2058,Normal,Late,0
9630,11.92,gas,Commercial,Chicago,218.05,off-peak,M-5451,Normal,On-Time,0
9631,372.58,electricity,Residential,Chicago,477.88,peak,M-4544,Tampered,On-Time,1
9632,477.77,electricity,Commercial,Boston,299.74,peak,M-5533,Tampered,Late,1
9633,419.94,electricity,Commercial,Houston,43.08,off-peak,M-3335,Normal,On-Time,1
9634,147.68,electricity,Commercial,Boston,390.08,peak,M-6265,Tampered,Late,1
9635,61.23,gas,Residential,Seattle,87.79,peak,M-4076,Normal,On-Time,0
9636,21.87,gas,Commercial,Dallas,222.06,off-peak,M-7763,Tampered,Late,1
9637,433.61,electricity,Residential,Seattle,319.48,off-peak,M-9015,Normal,On-Time,0
9638,46.35,gas,Residential,Boston,255.89,off-peak,M-3404,Tampered,On-Time,1
9639,367.05,electricity,Residential,Chicago,318.02,peak,M-6533,Tampered,Late,1
9640,52.7,gas,Commercial,Boston,330.84,off-peak,M-5281,Tampered,Late,1
9641,119.2,electricity,Residential,Houston,243.68,peak,M-3548,Tampered,On-Time,1
9642,40.15,electricity,Residential,Miami,103.44,peak,M-5349,Tampered,Late,1
9643,417.15,gas,Residential,Seattle,16.92,peak,M-3880,Normal,Late,1
9644,456.97,gas,Commercial,Houston,47.65,peak,M-5607,Tampered,On-Time,1
9645,191.73,gas,Commercial,Chicago,493.96,peak,M-1112,Normal,Late,0
9646,316.57,electricity,Residential,Dallas,487.32,peak,M-2920,Tampered,Late,1
9647,116.41,electricity,Residential,Houston,76.37,off-peak,M-2715,Normal,Late,0
9648,308.6,gas,Commercial,Miami,246.53,off-peak,M-3237,Normal,Late,0
9649,168.76,gas,Residential,Chicago,182.45,off-peak,M-8084,Normal,On-Time,0
9650,94.76,gas,Commercial,New York,118.63,off-peak,M-7780,Tampered,Late,1
9651,206.94,gas,Residential,New York,155.13,off-peak,M-2641,Normal,On-Time,0
9652,323.33,gas,Residential,Dallas,303.21,peak,M-9529,Tampered,On-Time,1
9653,50.88,electricity,Residential,Seattle,447.46,peak,M-4556,Tampered,Late,1
9654,126.97,gas,Commercial,Boston,201.94,peak,M-3257,Tampered,Late,1
9655,346.76,electricity,Commercial,Chicago,143.95,off-peak,M-5831,Normal,On-Time,1
9656,86.8,electricity,Commercial,Miami,355.94,peak,M-7362,Tampered,On-Time,1
9657,469.66,electricity,Residential,New York,38.53,peak,M-1344,Tampered,On-Time,1
9658,356.42,gas,Residential,Los Angeles,400.58,off-peak,M-1120,Normal,On-Time,0
9659,171.11,gas,Commercial,Miami,272.45,off-peak,M-3276,Tampered,Late,1
9660,188.21,gas,Commercial,Houston,10.93,peak,M-1464,Normal,Late,1
9661,215.21,gas,Residential,Chicago,376.86,peak,M-1874,Tampered,Late,1
9662,365.95,electricity,Residential,Dallas,68.01,peak,M-1088,Tampered,Late,1
9663,439.61,electricity,Commercial,Seattle,256.07,peak,M-9244,Tampered,On-Time,1
9664,251.86,electricity,Residential,New York,187.35,off-peak,M-8710,Normal,Late,0
9665,386.22,electricity,Commercial,Miami,58.73,off-peak,M-4305,Tampered,On-Time,1
9666,38.91,electricity,Residential,Los Angeles,117.25,peak,M-6305,Normal,Late,0
9667,90.58,gas,Commercial,Seattle,249.18,off-peak,M-9187,Tampered,Late,1
9668,150.7,gas,Commercial,Miami,26.43,off-peak,M-9300,Normal,On-Time,1
9669,94.56,electricity,Residential,Seattle,181.28,off-peak,M-8212,Tampered,Late,1
9670,90.98,electricity,Commercial,Houston,151.92,off-peak,M-7857,Tampered,On-Time,1
9671,52.99,electricity,Commercial,New York,376.18,off-peak,M-2612,Tampered,On-Time,1
9672,212.07,gas,Commercial,Dallas,214.59,off-peak,M-4436,Normal,Late,0
9673,388.71,gas,Commercial,Boston,213.76,off-peak,M-5206,Normal,Late,0
9674,208.15,electricity,Residential,New York,408.4,peak,M-6600,Tampered,Late,1
9675,273.77,gas,Residential,Seattle,233.79,peak,M-9930,Normal,On-Time,0
9676,53.31,electricity,Commercial,Houston,269.33,off-peak,M-1912,Tampered,On-Time,1
9677,420.6,gas,Commercial,Houston,361.19,peak,M-2195,Normal,On-Time,0
9678,309.5,electricity,Commercial,New York,419.55,peak,M-7786,Tampered,On-Time,1
9679,171.39,electricity,Commercial,Boston,164.62,peak,M-8906,Tampered,Late,1
9680,470.01,gas,Commercial,Miami,208.5,peak,M-3514,Tampered,On-Time,1
9681,57.24,electricity,Residential,Chicago,244.89,peak,M-8692,Tampered,On-Time,1
9682,480.32,electricity,Residential,Houston,178.35,off-peak,M-5151,Tampered,Late,1
9683,304.19,electricity,Commercial,Houston,276.54,off-peak,M-8080,Normal,On-Time,0
9684,496.88,electricity,Residential,Miami,199.24,peak,M-7879,Tampered,Late,1
9685,42.31,gas,Commercial,Los Angeles,167.94,peak,M-5910,Normal,On-Time,0
9686,280.14,electricity,Residential,Chicago,188.89,off-peak,M-4661,Normal,On-Time,0
9687,115.45,gas,Residential,Seattle,53.5,peak,M-2995,Tampered,Late,1
9688,464.69,gas,Commercial,Chicago,109.88,peak,M-1633,Tampered,On-Time,1
9689,362.14,gas,Commercial,Dallas,253.05,peak,M-5583,Normal,On-Time,0
9690,407.02,electricity,Commercial,Houston,444.02,peak,M-8273,Tampered,On-Time,1
9691,260.27,electricity,Commercial,Dallas,38.57,off-peak,M-7453,Normal,On-Time,1
9692,124.03,gas,Commercial,Boston,385.21,peak,M-4001,Normal,On-Time,0
9693,168.02,gas,Residential,Boston,382.96,peak,M-1647,Tampered,Late,1
9694,425.02,electricity,Residential,Los Angeles,52.68,off-peak,M-7750,Normal,Late,1
9695,36.92,electricity,Residential,Dallas,291.63,peak,M-8944,Tampered,Late,1
9696,19.97,gas,Residential,Houston,24.56,off-peak,M-4330,Tampered,Late,1
9697,131.39,gas,Residential,Chicago,417.35,off-peak,M-5857,Tampered,On-Time,1
9698,424.58,gas,Commercial,Miami,85.36,off-peak,M-5288,Normal,On-Time,1
9699,339.34,electricity,Residential,Boston,462.74,off-peak,M-5513,Normal,On-Time,0
9700,67.78,gas,Commercial,Seattle,332.59,off-peak,M-7095,Normal,Late,0
9701,154.08,electricity,Residential,Boston,76.6,peak,M-2367,Normal,Late,1
9702,453.14,gas,Residential,Miami,412.54,off-peak,M-4021,Normal,On-Time,0
9703,228.01,gas,Residential,Miami,182.63,off-peak,M-3336,Normal,On-Time,0
9704,48.4,electricity,Commercial,Miami,94.48,peak,M-4185,Normal,Late,0
9705,67.21,gas,Commercial,Miami,304.94,peak,M-3155,Normal,Late,0
9706,337.69,gas,Commercial,Seattle,65.88,peak,M-1460,Tampered,On-Time,1
9707,176.86,gas,Commercial,Dallas,341.03,peak,M-4761,Normal,Late,0
9708,26.15,electricity,Commercial,Houston,400.35,off-peak,M-2449,Tampered,On-Time,1
9709,246.75,gas,Residential,Los Angeles,53.7,off-peak,M-9024,Normal,On-Time,1
9710,170.71,gas,Commercial,Houston,42.94,peak,M-8413,Normal,Late,1
9711,443.83,electricity,Residential,Miami,24.95,off-peak,M-6103,Tampered,Late,1
9712,65.95,electricity,Commercial,Los Angeles,428.41,off-peak,M-4420,Tampered,On-Time,1
9713,379.58,gas,Commercial,Los Angeles,403.13,peak,M-3915,Tampered,On-Time,1
9714,429.55,electricity,Residential,Houston,174,peak,M-2530,Tampered,On-Time,1
9715,299.52,electricity,Commercial,Boston,247.7,off-peak,M-3398,Tampered,On-Time,1
9716,274.72,electricity,Residential,Chicago,99.63,off-peak,M-5600,Normal,Late,1
9717,282,electricity,Commercial,Miami,47.67,off-peak,M-4970,Normal,On-Time,1
9718,333.17,gas,Residential,Los Angeles,292.22,off-peak,M-4501,Normal,On-Time,0
9719,44.07,electricity,Commercial,Chicago,91.77,off-peak,M-7330,Tampered,On-Time,1
9720,157.63,gas,Residential,New York,340.07,peak,M-5979,Normal,Late,0
9721,395.53,electricity,Residential,Seattle,126.34,off-peak,M-6575,Tampered,On-Time,1
9722,219.12,gas,Commercial,Dallas,367.48,off-peak,M-3065,Tampered,On-Time,1
9723,146.21,gas,Commercial,New York,246.34,peak,M-4105,Tampered,Late,1
9724,379.67,electricity,Commercial,Miami,269.34,peak,M-9923,Normal,Late,0
9725,40.55,electricity,Commercial,Dallas,296.94,peak,M-1528,Normal,Late,0
9726,493.78,electricity,Residential,Los Angeles,172.58,off-peak,M-6125,Normal,Late,1
9727,14.23,gas,Residential,Dallas,65.57,peak,M-9308,Normal,Late,0
9728,437.51,gas,Commercial,Boston,92.85,off-peak,M-4881,Normal,Late,1
9729,33.15,gas,Residential,Houston,388.58,peak,M-3583,Normal,On-Time,0
9730,227.9,electricity,Commercial,Los Angeles,183.48,off-peak,M-1185,Tampered,On-Time,1
9731,98.45,electricity,Commercial,Houston,141.19,off-peak,M-1340,Tampered,Late,1
9732,317.99,electricity,Residential,Miami,226.07,off-peak,M-8705,Normal,Late,0
9733,318.57,gas,Residential,Miami,467.36,off-peak,M-1676,Tampered,Late,1
9734,479.26,electricity,Commercial,Seattle,491.99,off-peak,M-3990,Tampered,Late,1
9735,310.63,electricity,Commercial,Chicago,103.57,peak,M-3212,Normal,On-Time,1
9736,100.77,gas,Commercial,Chicago,412.33,peak,M-3663,Normal,Late,0
9737,453.78,electricity,Residential,Seattle,165.63,off-peak,M-1748,Normal,Late,1
9738,24.51,gas,Commercial,Miami,239.16,peak,M-5407,Tampered,On-Time,1
9739,259.72,gas,Residential,Miami,318.5,off-peak,M-4532,Normal,On-Time,0
9740,7.97,electricity,Commercial,Seattle,48.75,off-peak,M-6395,Tampered,Late,1
9741,34.21,gas,Commercial,Seattle,459.5,peak,M-5801,Tampered,Late,1
9742,471.96,gas,Residential,Boston,90.3,peak,M-2176,Normal,On-Time,1
9743,163.13,electricity,Residential,New York,320.68,peak,M-9487,Normal,On-Time,0
9744,284.8,electricity,Residential,Boston,182.91,peak,M-7468,Normal,On-Time,0
9745,245.35,gas,Commercial,Seattle,353.39,peak,M-3640,Tampered,On-Time,1
9746,85.47,electricity,Residential,Boston,358.71,peak,M-2690,Tampered,Late,1
9747,78.58,gas,Residential,Boston,443.11,peak,M-6966,Normal,On-Time,0
9748,299.27,electricity,Commercial,Miami,479.12,peak,M-5227,Normal,Late,0
9749,492.93,gas,Residential,Miami,182.29,off-peak,M-4538,Tampered,On-Time,1
9750,197.09,electricity,Residential,Miami,296.58,peak,M-1383,Tampered,On-Time,1
9751,449.21,electricity,Commercial,Seattle,228.02,peak,M-8485,Tampered,Late,1
9752,491.07,gas,Residential,New York,432.95,off-peak,M-8817,Normal,On-Time,0
9753,376.9,electricity,Residential,Los Angeles,420.48,peak,M-4093,Tampered,On-Time,1
9754,470.36,electricity,Commercial,New York,399.31,peak,M-8773,Tampered,On-Time,1
9755,79.33,gas,Residential,Chicago,446.06,off-peak,M-4702,Tampered,Late,1
9756,443.72,electricity,Residential,New York,29.13,peak,M-4350,Tampered,On-Time,1
9757,16.21,gas,Residential,Chicago,159.85,peak,M-1982,Normal,On-Time,0
9758,213.42,electricity,Commercial,Los Angeles,272.91,peak,M-5540,Tampered,On-Time,1
9759,35.81,electricity,Commercial,Boston,406.32,off-peak,M-3573,Tampered,On-Time,1
9760,311.4,electricity,Commercial,Miami,115.21,off-peak,M-4098,Tampered,On-Time,1
9761,325.67,gas,Commercial,Chicago,420.19,peak,M-7046,Tampered,On-Time,1
9762,199.83,gas,Commercial,Boston,233.54,peak,M-4162,Normal,On-Time,0
9763,344.93,gas,Commercial,Dallas,96.08,peak,M-1637,Normal,Late,1
9764,152.16,gas,Commercial,Los Angeles,47.11,off-peak,M-4821,Tampered,Late,1
9765,339.16,gas,Residential,Chicago,451.38,peak,M-7182,Normal,Late,0
9766,337.2,gas,Residential,Miami,35.34,off-peak,M-6179,Normal,On-Time,1
9767,268.06,electricity,Residential,Miami,207.4,off-peak,M-3544,Tampered,Late,1
9768,137.89,gas,Residential,New York,166.77,peak,M-6909,Normal,Late,0
9769,198.8,electricity,Residential,Houston,233.39,peak,M-4309,Tampered,Late,1
9770,22.7,gas,Residential,Chicago,33.95,peak,M-3912,Normal,Late,0
9771,66.16,electricity,Residential,Los Angeles,385.2,off-peak,M-1386,Normal,Late,0
9772,476.2,gas,Residential,Boston,191.69,off-peak,M-6958,Tampered,Late,1
9773,408.68,electricity,Residential,Seattle,69.22,peak,M-2103,Tampered,On-Time,1
9774,407.61,gas,Residential,Chicago,263.93,peak,M-2761,Tampered,On-Time,1
9775,19.98,electricity,Commercial,Los Angeles,493.7,off-peak,M-4939,Normal,Late,0
9776,392.47,gas,Residential,Seattle,351.32,peak,M-8745,Normal,Late,0
9777,115.08,electricity,Residential,Boston,191.66,peak,M-6502,Normal,Late,0
9778,0.97,gas,Residential,Los Angeles,388.52,peak,M-5821,Tampered,Late,1
9779,200.42,gas,Commercial,Dallas,370.87,peak,M-9548,Tampered,On-Time,1
9780,484.93,gas,Residential,Seattle,162.82,off-peak,M-9286,Normal,On-Time,1
9781,446.5,gas,Residential,Dallas,394.71,off-peak,M-5902,Tampered,Late,1
9782,178.24,electricity,Residential,New York,101.53,off-peak,M-6946,Tampered,On-Time,1
9783,284.64,electricity,Commercial,Dallas,49.33,peak,M-1419,Tampered,On-Time,1
9784,431.01,gas,Residential,Los Angeles,248.08,off-peak,M-7205,Normal,Late,0
9785,362.08,electricity,Residential,Dallas,488.49,peak,M-8605,Normal,On-Time,0
9786,283.08,gas,Residential,Boston,411.58,peak,M-1240,Tampered,On-Time,1
9787,206.79,gas,Commercial,Los Angeles,165.07,peak,M-2340,Normal,On-Time,0
9788,98.89,gas,Commercial,Chicago,358.69,off-peak,M-3258,Tampered,Late,1
9789,184.86,electricity,Residential,Los Angeles,197.55,peak,M-5086,Normal,On-Time,0
9790,426.5,gas,Commercial,Los Angeles,27.04,off-peak,M-4342,Normal,Late,1
9791,3.65,gas,Commercial,Dallas,452.86,peak,M-8228,Tampered,Late,1
9792,280.87,electricity,Commercial,Houston,404.64,off-peak,M-2454,Normal,On-Time,0
9793,357.79,gas,Residential,Boston,422.72,off-peak,M-2209,Normal,Late,0
9794,277.32,gas,Commercial,Houston,450.56,off-peak,M-8128,Tampered,On-Time,1
9795,460.78,gas,Commercial,Chicago,192.51,off-peak,M-6607,Tampered,Late,1
9796,297.17,electricity,Residential,New York,395.73,off-peak,M-7249,Normal,Late,0
9797,415.08,electricity,Residential,Chicago,25.98,peak,M-1711,Tampered,Late,1
9798,371.52,electricity,Commercial,Los Angeles,388.28,off-peak,M-6540,Tampered,Late,1
9799,225.14,electricity,Commercial,Seattle,40.88,off-peak,M-5726,Tampered,On-Time,1
9800,375.94,electricity,Commercial,Boston,324.74,off-peak,M-8075,Normal,On-Time,0
9801,297.34,gas,Commercial,Chicago,406.72,peak,M-9436,Normal,Late,0
9802,331.3,electricity,Commercial,Chicago,487.82,peak,M-5013,Normal,Late,0
9803,436.37,electricity,Residential,New York,446.49,peak,M-3014,Tampered,Late,1
9804,294.56,gas,Commercial,Seattle,250.55,off-peak,M-9390,Normal,Late,0
9805,299.46,gas,Residential,Seattle,343.27,off-peak,M-5810,Tampered,Late,1
9806,117.2,electricity,Commercial,Dallas,154.69,peak,M-5150,Normal,Late,0
9807,412.77,electricity,Residential,Miami,70.25,peak,M-8981,Normal,Late,1
9808,383.13,gas,Residential,Chicago,267.53,peak,M-5779,Normal,On-Time,0
9809,405.1,electricity,Commercial,Houston,331.94,off-peak,M-4213,Normal,Late,0
9810,442.68,gas,Residential,Chicago,452.31,peak,M-1662,Tampered,On-Time,1
9811,392.48,electricity,Residential,Seattle,461.65,off-peak,M-8711,Tampered,Late,1
9812,126.04,electricity,Residential,Dallas,41.26,off-peak,M-2697,Tampered,On-Time,1
9813,15.6,gas,Residential,Miami,148.53,off-peak,M-6501,Tampered,On-Time,1
9814,79.66,electricity,Commercial,Boston,276.2,off-peak,M-2886,Tampered,On-Time,1
9815,112.21,electricity,Commercial,Seattle,451.55,peak,M-7911,Tampered,Late,1
9816,371.17,gas,Commercial,Houston,436.37,off-peak,M-7253,Normal,Late,0
9817,489.02,electricity,Commercial,Houston,459.15,off-peak,M-4324,Tampered,On-Time,1
9818,194.76,electricity,Commercial,Dallas,91.93,peak,M-9320,Tampered,Late,1
9819,477.61,gas,Residential,Chicago,278.04,peak,M-7169,Normal,On-Time,0
9820,279.63,gas,Commercial,Houston,415.97,peak,M-1367,Normal,Late,0
9821,29.39,electricity,Commercial,Miami,133.08,off-peak,M-4406,Normal,Late,0
9822,460.77,gas,Commercial,Boston,407.04,peak,M-9568,Tampered,Late,1
9823,91.72,electricity,Commercial,New York,130.81,off-peak,M-3349,Tampered,Late,1
9824,457.67,electricity,Residential,Dallas,151.48,peak,M-5954,Normal,On-Time,1
9825,349.65,electricity,Residential,Miami,438.63,off-peak,M-1920,Tampered,Late,1
9826,97.67,gas,Commercial,Boston,33.93,off-peak,M-7440,Tampered,Late,1
9827,237.67,electricity,Residential,New York,382.83,off-peak,M-6307,Tampered,On-Time,1
9828,186.58,gas,Commercial,Los Angeles,192.93,off-peak,M-9759,Tampered,Late,1
9829,295.37,gas,Commercial,Boston,406.06,off-peak,M-1840,Normal,On-Time,0
9830,309.63,electricity,Commercial,Dallas,128.78,off-peak,M-4809,Tampered,Late,1
9831,338.22,gas,Commercial,Miami,55.48,off-peak,M-8172,Tampered,Late,1
9832,26.14,electricity,Commercial,New York,4.82,off-peak,M-8174,Normal,On-Time,1
9833,293.65,gas,Commercial,Miami,52.53,off-peak,M-3876,Normal,Late,1
9834,485.61,gas,Commercial,Miami,8.64,off-peak,M-2490,Tampered,Late,1
9835,382.92,gas,Commercial,Boston,74.68,off-peak,M-1080,Tampered,Late,1
9836,5.86,electricity,Commercial,New York,150.26,peak,M-3643,Tampered,On-Time,1
9837,158.57,electricity,Commercial,Houston,344.51,peak,M-4961,Normal,On-Time,0
9838,89.23,electricity,Residential,Seattle,460.88,peak,M-5300,Tampered,On-Time,1
9839,494.54,electricity,Residential,New York,29.92,off-peak,M-5281,Tampered,On-Time,1
9840,406.18,electricity,Residential,New York,302.69,off-peak,M-5452,Tampered,Late,1
9841,376.24,gas,Residential,New York,56.78,peak,M-1569,Tampered,On-Time,1
9842,209.34,gas,Commercial,Seattle,294.63,off-peak,M-6307,Tampered,Late,1
9843,451.19,electricity,Residential,Miami,446.03,off-peak,M-7940,Tampered,On-Time,1
9844,116.73,electricity,Commercial,Boston,443,peak,M-7095,Normal,On-Time,0
9845,207.91,gas,Residential,Los Angeles,187.91,off-peak,M-8561,Normal,Late,0
9846,327.58,gas,Residential,Seattle,181.8,off-peak,M-5353,Tampered,On-Time,1
9847,262.06,electricity,Commercial,Chicago,415.57,peak,M-3433,Normal,Late,0
9848,135.87,electricity,Residential,Seattle,447.04,off-peak,M-6815,Normal,On-Time,0
9849,426.88,electricity,Commercial,Miami,32.06,off-peak,M-3362,Tampered,On-Time,1
9850,193.41,electricity,Residential,New York,150.19,peak,M-5691,Normal,Late,0
9851,32.08,electricity,Residential,New York,420.2,off-peak,M-5921,Normal,Late,0
9852,485.22,electricity,Commercial,Dallas,399.63,peak,M-1370,Tampered,On-Time,1
9853,170.9,electricity,Commercial,Dallas,357.76,off-peak,M-8336,Normal,Late,0
9854,282.49,electricity,Residential,Boston,38.6,off-peak,M-1828,Tampered,Late,1
9855,224.63,gas,Residential,New York,123.08,off-peak,M-6311,Tampered,Late,1
9856,341.24,electricity,Commercial,Chicago,317.4,peak,M-4353,Normal,Late,0
9857,25.94,gas,Residential,Boston,450.26,peak,M-8626,Tampered,On-Time,1
9858,453.72,electricity,Residential,Los Angeles,290.33,off-peak,M-3431,Normal,On-Time,0
9859,60.32,electricity,Residential,Chicago,140.79,off-peak,M-2231,Tampered,On-Time,1
9860,65.68,gas,Residential,Houston,390.14,off-peak,M-5343,Normal,On-Time,0
9861,348.46,electricity,Commercial,Chicago,445.64,peak,M-6686,Normal,Late,0
9862,318.1,gas,Residential,Houston,252.99,off-peak,M-7932,Normal,Late,0
9863,270.83,gas,Residential,Seattle,357.74,off-peak,M-1834,Tampered,On-Time,1
9864,171.63,electricity,Residential,Miami,127.81,off-peak,M-9999,Tampered,On-Time,1
9865,483.66,gas,Residential,Los Angeles,459.96,off-peak,M-2858,Normal,On-Time,0
9866,331.12,gas,Commercial,Chicago,409.4,peak,M-6943,Normal,Late,0
9867,52.46,electricity,Residential,Chicago,204.6,peak,M-6576,Normal,On-Time,0
9868,441.43,electricity,Residential,Chicago,366.46,peak,M-6172,Normal,Late,0
9869,287.15,electricity,Residential,Chicago,484.35,peak,M-9502,Normal,On-Time,0
9870,110.51,gas,Commercial,Miami,120.32,peak,M-7863,Tampered,Late,1
9871,246.57,gas,Residential,Houston,50.38,peak,M-1155,Tampered,On-Time,1
9872,388.72,gas,Residential,Dallas,224.3,off-peak,M-9753,Normal,On-Time,0
9873,268.5,electricity,Commercial,Seattle,422.91,peak,M-8635,Tampered,Late,1
9874,311.64,electricity,Residential,New York,180.58,peak,M-5351,Tampered,On-Time,1
9875,356.4,gas,Residential,Boston,299.4,peak,M-3725,Normal,On-Time,0
9876,362.97,gas,Residential,Seattle,182.4,off-peak,M-4679,Normal,Late,0
9877,424.89,electricity,Commercial,Boston,461.08,off-peak,M-5233,Tampered,Late,1
9878,490.28,electricity,Commercial,Dallas,50.68,off-peak,M-4952,Normal,On-Time,1
9879,350.01,gas,Commercial,Chicago,286.95,off-peak,M-6519,Normal,Late,0
9880,355.35,electricity,Residential,Seattle,82.9,peak,M-4995,Normal,Late,1
9881,191.31,electricity,Residential,Boston,4.42,off-peak,M-1453,Normal,Late,1
9882,330.77,electricity,Residential,Chicago,486.22,off-peak,M-1067,Normal,On-Time,0
9883,112.71,gas,Residential,Seattle,212.73,peak,M-6014,Tampered,On-Time,1
9884,211.73,gas,Residential,Boston,430.85,peak,M-1126,Normal,Late,0
9885,47.92,electricity,Commercial,Los Angeles,476.92,off-peak,M-6669,Tampered,On-Time,1
9886,330.64,electricity,Residential,New York,404.7,off-peak,M-8431,Tampered,Late,1
9887,253.68,gas,Commercial,Boston,189.81,off-peak,M-1715,Normal,Late,0
9888,165.18,electricity,Commercial,New York,158.13,off-peak,M-6549,Normal,Late,0
9889,353.36,electricity,Residential,Chicago,216.49,off-peak,M-3613,Normal,On-Time,0
9890,332.86,gas,Commercial,Houston,427.14,off-peak,M-2954,Normal,On-Time,0
9891,294.4,electricity,Residential,Seattle,156.13,off-peak,M-9636,Tampered,Late,1
9892,258.89,gas,Commercial,Los Angeles,371.69,peak,M-2226,Normal,Late,0
9893,172.38,electricity,Commercial,Los Angeles,93.9,off-peak,M-5681,Tampered,On-Time,1
9894,338.43,gas,Commercial,Los Angeles,333.74,off-peak,M-5785,Tampered,On-Time,1
9895,388.88,gas,Commercial,New York,344.41,peak,M-9294,Normal,Late,0
9896,54.27,gas,Commercial,New York,317.94,off-peak,M-2329,Tampered,On-Time,1
9897,227.27,gas,Residential,Chicago,378.12,peak,M-2981,Tampered,Late,1
9898,411.99,electricity,Residential,Miami,45.74,off-peak,M-1047,Tampered,On-Time,1
9899,396.79,electricity,Commercial,Boston,475.62,peak,M-7990,Tampered,Late,1
9900,472.65,gas,Commercial,Chicago,151.54,peak,M-2078,Normal,On-Time,1
9901,361.72,gas,Commercial,Seattle,325.5,peak,M-6103,Normal,Late,0
9902,5.78,gas,Residential,Houston,297.68,off-peak,M-2822,Normal,Late,0
9903,263.84,gas,Residential,Dallas,126.96,off-peak,M-7220,Tampered,Late,1
9904,389.36,gas,Commercial,Dallas,130.16,off-peak,M-7684,Tampered,On-Time,1
9905,432.7,electricity,Residential,Seattle,160.21,off-peak,M-6788,Tampered,On-Time,1
9906,250.35,electricity,Residential,Seattle,243.88,off-peak,M-1565,Tampered,On-Time,1
9907,29.13,electricity,Commercial,Los Angeles,339.29,peak,M-8550,Normal,Late,0
9908,409.4,electricity,Commercial,Chicago,318.18,peak,M-7914,Normal,Late,0
9909,71.94,electricity,Residential,New York,167.41,off-peak,M-4505,Normal,On-Time,0
9910,81.13,gas,Residential,Houston,130.38,peak,M-9983,Normal,On-Time,0
9911,3.28,gas,Commercial,New York,418.53,peak,M-4605,Normal,Late,0
9912,474.66,electricity,Residential,Seattle,1.15,off-peak,M-1101,Normal,On-Time,1
9913,277.32,gas,Commercial,New York,331.83,peak,M-2203,Tampered,Late,1
9914,456.58,gas,Residential,Seattle,457.13,peak,M-3429,Tampered,Late,1
9915,48.63,gas,Commercial,New York,45.79,off-peak,M-5390,Normal,On-Time,0
9916,173.26,gas,Commercial,New York,254.13,off-peak,M-8351,Tampered,On-Time,1
9917,261.69,electricity,Commercial,Dallas,197.2,peak,M-4747,Tampered,On-Time,1
9918,379.55,gas,Residential,Boston,148.6,off-peak,M-5132,Tampered,Late,1
9919,356.79,gas,Commercial,Seattle,175.52,off-peak,M-2876,Tampered,On-Time,1
9920,35.39,gas,Commercial,Seattle,20.1,off-peak,M-9885,Normal,On-Time,0
9921,212.1,electricity,Commercial,Houston,102.26,peak,M-4297,Normal,Late,1
9922,320.22,gas,Residential,Dallas,154.51,peak,M-7931,Tampered,Late,1
9923,430.89,electricity,Residential,Miami,166.51,peak,M-7457,Tampered,On-Time,1
9924,414.59,gas,Commercial,Chicago,228.16,off-peak,M-2288,Tampered,On-Time,1
9925,362.84,gas,Commercial,Seattle,150.44,off-peak,M-2813,Tampered,On-Time,1
9926,151.34,gas,Commercial,Los Angeles,465.53,peak,M-9801,Tampered,On-Time,1
9927,498.49,gas,Residential,Los Angeles,330.1,peak,M-6768,Normal,Late,0
9928,420.54,electricity,Commercial,Seattle,386.99,peak,M-8741,Normal,On-Time,0
9929,107.67,gas,Residential,Boston,176.88,peak,M-1702,Normal,On-Time,0
9930,273.47,electricity,Commercial,New York,272.36,peak,M-7916,Normal,On-Time,0
9931,159.13,gas,Commercial,Miami,366.94,peak,M-7697,Normal,On-Time,0
9932,158.99,gas,Commercial,Dallas,266.12,peak,M-8146,Tampered,Late,1
9933,226.01,electricity,Residential,Chicago,134.61,peak,M-3182,Tampered,On-Time,1
9934,173.34,gas,Residential,Houston,40.29,peak,M-4127,Tampered,On-Time,1
9935,220.17,electricity,Residential,Los Angeles,470.24,off-peak,M-4204,Normal,Late,0
9936,352.12,gas,Residential,Dallas,460.79,off-peak,M-7213,Tampered,On-Time,1
9937,380.82,gas,Residential,New York,455.88,off-peak,M-1344,Tampered,Late,1
9938,180.51,electricity,Residential,New York,233.89,peak,M-6914,Tampered,Late,1
9939,484.97,electricity,Commercial,Boston,195.23,peak,M-1785,Tampered,On-Time,1
9940,465.65,gas,Commercial,Dallas,117.85,off-peak,M-3310,Tampered,Late,1
9941,465.27,electricity,Commercial,New York,86.39,peak,M-7451,Normal,On-Time,1
9942,275.14,gas,Residential,New York,202.12,off-peak,M-8459,Normal,Late,0
9943,179.14,electricity,Commercial,Los Angeles,260.35,off-peak,M-3098,Normal,On-Time,0
9944,68.34,electricity,Commercial,Seattle,38.82,off-peak,M-9590,Tampered,Late,1
9945,123.5,gas,Residential,Houston,231.51,off-peak,M-3255,Normal,Late,0
9946,235.16,electricity,Commercial,Houston,286.52,peak,M-1601,Tampered,Late,1
9947,292.26,electricity,Commercial,Houston,127.77,peak,M-4302,Tampered,On-Time,1
9948,4.88,gas,Residential,Houston,158.58,peak,M-7350,Tampered,Late,1
9949,265.31,gas,Residential,Dallas,134.75,off-peak,M-2290,Tampered,On-Time,1
9950,78.74,electricity,Residential,Chicago,489.97,off-peak,M-4185,Tampered,On-Time,1
9951,410.62,electricity,Commercial,Miami,173.79,off-peak,M-1506,Normal,On-Time,1
9952,11.06,electricity,Residential,New York,235.86,off-peak,M-6197,Tampered,On-Time,1
9953,489.69,electricity,Commercial,Miami,481.97,peak,M-1614,Normal,On-Time,0
9954,193.34,gas,Commercial,Boston,355.53,peak,M-3542,Normal,On-Time,0
9955,387.6,gas,Commercial,Seattle,242.56,off-peak,M-4079,Normal,On-Time,0
9956,298.81,electricity,Residential,Boston,155.01,off-peak,M-6991,Normal,On-Time,0
9957,353.59,electricity,Residential,Los Angeles,421.83,peak,M-1279,Normal,On-Time,0
9958,490.16,gas,Residential,Houston,415.13,off-peak,M-2247,Tampered,On-Time,1
9959,166.45,gas,Residential,Boston,472.22,off-peak,M-2529,Normal,On-Time,0
9960,268.08,gas,Commercial,Seattle,13.55,peak,M-7905,Tampered,On-Time,1
9961,97.69,gas,Commercial,Seattle,83.63,off-peak,M-4174,Tampered,On-Time,1
9962,219.86,gas,Residential,Miami,195.15,off-peak,M-5490,Normal,Late,0
9963,205.2,gas,Residential,Boston,478.21,peak,M-3935,Normal,Late,0
9964,83.55,electricity,Residential,Los Angeles,474.69,peak,M-1609,Normal,On-Time,0
9965,115.14,gas,Commercial,Miami,449.96,peak,M-4282,Normal,On-Time,0
9966,145.87,electricity,Residential,Boston,199.28,peak,M-8386,Tampered,On-Time,1
9967,193.06,electricity,Commercial,Los Angeles,166.65,peak,M-9104,Normal,On-Time,0
9968,400.25,gas,Residential,Houston,332.57,peak,M-5402,Normal,Late,0
9969,369.93,gas,Commercial,Miami,380.43,peak,M-2936,Tampered,On-Time,1
9970,234.48,gas,Commercial,Chicago,423.48,peak,M-7530,Tampered,Late,1
9971,145.23,electricity,Residential,Los Angeles,302.95,off-peak,M-7497,Normal,On-Time,0
9972,474.18,gas,Residential,Seattle,431.35,off-peak,M-1068,Tampered,Late,1
9973,223.56,gas,Commercial,New York,405.32,peak,M-2000,Normal,On-Time,0
9974,450.23,gas,Residential,Houston,249.53,off-peak,M-7911,Tampered,On-Time,1
9975,279.68,gas,Commercial,Houston,182.17,off-peak,M-4412,Normal,Late,0
9976,38.7,electricity,Residential,Dallas,43.92,peak,M-3265,Normal,On-Time,0
9977,410.45,gas,Residential,Boston,255.07,off-peak,M-9157,Normal,Late,0
9978,427.72,electricity,Commercial,Boston,231.94,off-peak,M-6421,Normal,Late,0
9979,363.36,gas,Commercial,New York,206.98,off-peak,M-6679,Normal,On-Time,0
9980,128.04,gas,Commercial,New York,284.45,peak,M-7941,Normal,On-Time,0
9981,378.06,gas,Residential,Houston,483.51,off-peak,M-4721,Normal,On-Time,0
9982,460.09,gas,Commercial,Seattle,135.06,peak,M-2971,Tampered,Late,1
9983,399.99,electricity,Commercial,Seattle,105.64,peak,M-1814,Tampered,On-Time,1
9984,415.1,electricity,Commercial,Los Angeles,433.46,off-peak,M-6541,Normal,On-Time,0
9985,464.55,gas,Residential,Miami,442.08,off-peak,M-5783,Normal,On-Time,0
9986,499.51,electricity,Residential,Dallas,156.87,off-peak,M-4591,Normal,Late,1
9987,364.03,electricity,Commercial,Seattle,209.22,off-peak,M-5351,Tampered,On-Time,1
9988,258.59,electricity,Commercial,Houston,108.07,peak,M-6377,Tampered,On-Time,1
9989,312.73,gas,Residential,Seattle,179.33,peak,M-1247,Normal,Late,0
9990,330.63,gas,Residential,Miami,330.71,off-peak,M-7997,Normal,Late,0
9991,223.75,electricity,Commercial,Chicago,161.16,off-peak,M-2792,Tampered,Late,1
9992,75.11,electricity,Commercial,Houston,481.7,off-peak,M-4740,Tampered,On-Time,1
9993,15.96,gas,Commercial,Los Angeles,403.48,off-peak,M-3323,Tampered,On-Time,1
9994,71.46,electricity,Residential,Seattle,157.43,off-peak,M-4145,Tampered,Late,1
9995,492.07,electricity,Residential,Chicago,117.78,off-peak,M-6891,Normal,On-Time,1
9996,389.56,gas,Commercial,Los Angeles,467.43,peak,M-3104,Tampered,Late,1
9997,25.86,electricity,Residential,New York,158.59,off-peak,M-9767,Normal,On-Time,0
9998,427.72,gas,Commercial,Miami,122.28,off-peak,M-2027,Tampered,Late,1
9999,317.47,gas,Commercial,Chicago,498.95,off-peak,M-4194,Tampered,Late,1
10000,240.12,electricity,Residential,Miami,487.82,off-peak,M-5855,Tampered,On-Time,1
